Interval=	0.0025 s
ExcelDateTime=	4.6155600778630804e+004	5/13/2026 14:25:07.273702
TimeFormat=	StartOfBlock
DateFormat=	
ChannelTitle=	EEG
Range=	200.0 µV
29.5	-26.96875
29.5025	-24.93125
29.505	-20.56875
29.5075	-13.25625
29.51	-5.75625
29.5125	-2.4375
29.515	-3.3125
29.5175	-4.925
29.52	-4.3125
29.5225	-3.475
29.525	-4.85625
29.5275	-6.34375
29.53	-7.35625
29.5325	-9.775
29.535	-12.45625
29.5375	-12.15
29.54	-8.23125
29.5425	-3.45625
29.545	-1.75
29.5475	-2.83125
29.55	-3.3875
29.5525	-3.15
29.555	-1.06875
29.5575	4.39375
29.56	7.79375
29.5625	4.88125
29.565	0.98125
29.5675	1.55
29.57	5.94375
29.5725	12.14375
29.575	16.50625
29.5775	14.7
29.58	8.4125
29.5825	5.8125
29.585	9.45625
29.5875	11.35625
29.59	6.06875
29.5925	-2.175
29.595	-7.66875
29.5975	-9.2125
29.6	-7.61875
29.6025	-5.75
29.605	-6.425
29.6075	-9.125
29.61	-11.46875
29.6125	-11.35625
29.615	-7.45625
29.6175	-0.975
29.62	4.19375
29.6225	8.675
29.625	15.8375
29.6275	22.40625
29.63	26.89375
29.6325	33.51875
29.635	41.425
29.6375	43.89375
29.64	39.2375
29.6425	31.8375
29.645	26.4125
29.6475	25.6375
29.65	28.625
29.6525	34.2875
29.655	42.6875
29.6575	49.75
29.66	47.99375
29.6625	39.1
29.665	33.5625
29.6675	32.5125
29.67	28.98125
29.6725	23.93125
29.675	20.65
29.6775	15.1375
29.68	5.21875
29.6825	-3.16875
29.685	-5.4
29.6875	-2.80625
29.69	0.89375
29.6925	2.45625
29.695	0.74375
29.6975	-2.2625
29.7	-2.93125
29.7025	0.11875
29.705	5.09375
29.7075	10.125
29.71	15.69375
29.7125	22.475
29.715	26.3625
29.7175	21.79375
29.72	11.53125
29.7225	5.14375
29.725	5.41875
29.7275	7.38125
29.73	8.5
29.7325	11.6
29.735	19.9375
29.7375	31.68125
29.74	39.625
29.7425	36.74375
29.745	25.00625
29.7475	14.75625
29.75	12.76875
29.7525	16.30625
29.755	20.45625
29.7575	23.225
29.76	23.9
29.7625	19.8125
29.765	8.3125
29.7675	-6.98125
29.77	-18.95
29.7725	-26.225
29.775	-30.63125
29.7775	-32.81875
29.78	-34.88125
29.7825	-37.05
29.785	-37.89375
29.7875	-37.775
29.79	-38.1
29.7925	-39.95625
29.795	-43.425
29.7975	-45.66875
29.8	-45.66875
29.8025	-45.19375
29.805	-43.4375
29.8075	-41.4625
29.81	-43.1125
29.8125	-47.2375
29.815	-46.3875
29.8175	-39.15
29.82	-34.40625
29.8225	-37.7625
29.825	-43.23125
29.8275	-44.19375
29.83	-40.74375
29.8325	-34.30625
29.835	-27.56875
29.8375	-24.36875
29.84	-26.00625
29.8425	-31.25625
29.845	-38.3125
29.8475	-43
29.85	-42.99375
29.8525	-42.325
29.855	-45.48125
29.8575	-51.95
29.86	-60.46875
29.8625	-68.3625
29.865	-70.5375
29.8675	-67.9875
29.87	-66.4
29.8725	-66.95625
29.875	-68.6375
29.8775	-74.36875
29.88	-85.50625
29.8825	-97.0125
29.885	-102.5937
29.8875	-99.8
29.89	-89.45
29.8925	-76.89375
29.895	-70.85625
29.8975	-72.975
29.9	-75.3125
29.9025	-73.10625
29.905	-68.43125
29.9075	-64.125
29.91	-62.5125
29.9125	-63.825
29.915	-64.58125
29.9175	-61.80625
29.92	-56.48125
29.9225	-52.325
29.925	-52.6375
29.9275	-57
29.93	-59.63125
29.9325	-56.55
29.935	-52.84375
29.9375	-54.24375
29.94	-58.83125
29.9425	-63.375
29.945	-67.44375
29.9475	-70.55
29.95	-73.775
29.9525	-77.8875
29.955	-79.09375
29.9575	-73.15625
29.96	-64.5625
29.9625	-64.35
29.965	-75.8125
29.9675	-88.24375
29.97	-89.31875
29.9725	-80.7875
29.975	-73.4625
29.9775	-71.43125
29.98	-72.325
29.9825	-73.9375
29.985	-72.65625
29.9875	-65.61875
29.99	-56.4375
29.9925	-51.1875
29.995	-52.15625
29.9975	-55.175
30	-54.3375
30.0025	-48.33125
30.005	-39.6625
30.0075	-31
30.01	-23.425
30.0125	-18.41875
30.015	-16.21875
30.0175	-13.5875
30.02	-9.3875
30.0225	-7.4125
30.025	-10.65625
30.0275	-17.79375
30.03	-24.25625
30.0325	-25.2125
30.035	-19.675
30.0375	-10.6
30.04	-3.0625
30.0425	-0.9125
30.045	-2.9
30.0475	-5.8625
30.05	-9.63125
30.0525	-14.35
30.055	-18.225
30.0575	-20.44375
30.06	-21.76875
30.0625	-21.00625
30.065	-16.6875
30.0675	-11.15625
30.07	-7.25
30.0725	-6.15625
30.075	-7.4625
30.0775	-10.2875
30.08	-12.23125
30.0825	-10.6125
30.085	-7.625
30.0875	-7.1125
30.09	-8.34375
30.0925	-8.8375
30.095	-9.39375
30.0975	-10.91875
30.1	-11.0625
30.1025	-6.55
30.105	2.75625
30.1075	12.2875
30.11	16.56875
30.1125	12.90625
30.115	5.375
30.1175	2.3625
30.12	6.13125
30.1225	11.04375
30.125	12.75
30.1275	11.975
30.13	8.85
30.1325	3.5875
30.135	0.05
30.1375	1.2625
30.14	5.78125
30.1425	10.43125
30.145	14.35
30.1475	17.18125
30.15	14.40625
30.1525	6.3875
30.155	1.3875
30.1575	2.7875
30.16	6.23125
30.1625	8.54375
30.165	9.33125
30.1675	9.8625
30.17	13.9
30.1725	19.425
30.175	19.64375
30.1775	12.525
30.18	3.5375
30.1825	-0.8625
30.185	1.61875
30.1875	8.86875
30.19	14.91875
30.1925	15.6125
30.195	12.2625
30.1975	9.30625
30.2	8.6375
30.2025	8.725
30.205	8.975
30.2075	8.9875
30.21	7
30.2125	4.21875
30.215	5.3375
30.2175	10.175
30.22	13.2875
30.2225	12.925
30.225	12.8625
30.2275	12.69375
30.23	6.79375
30.2325	-3.725
30.235	-10.4375
30.2375	-10.45625
30.24	-8.35625
30.2425	-6.85625
30.245	-6.3875
30.2475	-7.09375
30.25	-6.675
30.2525	-2.45
30.255	4.81875
30.2575	7.5
30.26	-1.70625
30.2625	-18.0375
30.265	-28.48125
30.2675	-27.5375
30.27	-20.18125
30.2725	-12.44375
30.275	-7.11875
30.2775	-3.88125
30.28	-0.56875
30.2825	4.18125
30.285	8.5
30.2875	10.20625
30.29	9.61875
30.2925	7.7375
30.295	4.9125
30.2975	3.3125
30.3	4.96875
30.3025	7.24375
30.305	6.08125
30.3075	2.05625
30.31	-0.9
30.3125	-1.8
30.315	-2.76875
30.3175	-4.975
30.32	-5.4625
30.3225	-2.7125
30.325	-0.7375
30.3275	-2.94375
30.33	-7.53125
30.3325	-9.90625
30.335	-8.20625
30.3375	-3.9125
30.34	1.09375
30.3425	4.6375
30.345	5.14375
30.3475	5.0375
30.35	7.3625
30.3525	10.8125
30.355	13.64375
30.3575	16.975
30.36	20.2125
30.3625	20.825
30.365	19.3
30.3675	18.94375
30.37	20.9
30.3725	22.94375
30.375	24.65625
30.3775	30.6125
30.38	37.625
30.3825	33.50625
30.385	17.5
30.3875	3.1625
30.39	-0.8875
30.3925	2.78125
30.395	6.9
30.3975	6.53125
30.4	4.21875
30.4025	4.59375
30.405	7.125
30.4075	7.90625
30.41	5.575
30.4125	2.31875
30.415	1.8625
30.4175	6.59375
30.42	15.0125
30.4225	23.575
30.425	27.7125
30.4275	22.68125
30.43	10.7875
30.4325	2.49375
30.435	3.99375
30.4375	11.16875
30.44	17.14375
30.4425	18.50625
30.445	15.99375
30.4475	13.54375
30.45	15.93125
30.4525	23.01875
30.455	27.7
30.4575	25.775
30.46	19.79375
30.4625	13.79375
30.465	9.63125
30.4675	6.21875
30.47	3.5
30.4725	4.6375
30.475	9.5625
30.4775	12.7375
30.48	12.20625
30.4825	11.23125
30.485	12.96875
30.4875	16.825
30.49	18.6875
30.4925	15.71875
30.495	9.5
30.4975	3.75
30.5	0.7375
30.5025	0.79375
30.505	2.78125
30.5075	4.06875
30.51	3.14375
30.5125	1.83125
30.515	2.81875
30.5175	6.13125
30.52	10.23125
30.5225	13.5625
30.525	12.75
30.5275	5.625
30.53	-2.45625
30.5325	-4.9125
30.535	-2.975
30.5375	-0.3375
30.54	2.76875
30.5425	5.6875
30.545	4.49375
30.5475	-2.525
30.55	-10.1125
30.5525	-11.1
30.555	-5.0125
30.5575	1.96875
30.56	4.5875
30.5625	1.4625
30.565	-5.23125
30.5675	-9.96875
30.57	-10.1125
30.5725	-8.6625
30.575	-8.2
30.5775	-9.95
30.58	-15.04375
30.5825	-19.7
30.585	-19.70625
30.5875	-16.04375
30.59	-10.325
30.5925	-6.5125
30.595	-9.33125
30.5975	-15.05
30.6	-15.0625
30.6025	-8.95625
30.605	-4.125
30.6075	-4.45625
30.61	-6.9125
30.6125	-9.25625
30.615	-11.275
30.6175	-9.875
30.62	-3.49375
30.6225	3.125
30.625	4.78125
30.6275	0.91875
30.63	-6.5125
30.6325	-14.14375
30.635	-17.43125
30.6375	-13.66875
30.64	-5.9625
30.6425	-0.125
30.645	0.29375
30.6475	-4.05
30.65	-9.55625
30.6525	-13.40625
30.655	-14.81875
30.6575	-14.49375
30.66	-14.3875
30.6625	-15.6375
30.665	-16.3625
30.6675	-15.59375
30.67	-14.06875
30.6725	-11.225
30.675	-8.65625
30.6775	-10.3
30.68	-14.56875
30.6825	-16.75
30.685	-16.675
30.6875	-15.4625
30.69	-13.70625
30.6925	-14.6125
30.695	-19.625
30.6975	-25.2875
30.7	-27.6375
30.7025	-23.59375
30.705	-13.73125
30.7075	-5.70625
30.71	-5.18125
30.7125	-8.4625
30.715	-10.2125
30.7175	-9.66875
30.72	-6.5125
30.7225	-1.30625
30.725	1.61875
30.7275	0.425
30.73	-0.825
30.7325	0.55625
30.735	1.425
30.7375	-0.48125
30.74	-2.8375
30.7425	-3.11875
30.745	-2.35625
30.7475	-2.1875
30.75	-1.7125
30.7525	-0.6125
30.755	-0.46875
30.7575	-1.73125
30.76	-3.33125
30.7625	-5.06875
30.765	-6.125
30.7675	-4.26875
30.77	0.66875
30.7725	5.3625
30.775	7.29375
30.7775	5.28125
30.78	-0.31875
30.7825	-5.11875
30.785	-4.48125
30.7875	1.35625
30.79	10.5875
30.7925	19.93125
30.795	22.79375
30.7975	18.8125
30.8	15.2375
30.8025	15.9625
30.805	18.85625
30.8075	20.9625
30.81	20.2875
30.8125	17.51875
30.815	16.95625
30.8175	22.34375
30.82	30.9375
30.8225	35.15
30.825	29.84375
30.8275	18.44375
30.83	8.4875
30.8325	4.05
30.835	6.4
30.8375	12.75
30.84	17.60625
30.8425	16.53125
30.845	9.28125
30.8475	1.04375
30.85	-1.6
30.8525	1.79375
30.855	7.61875
30.8575	13.5625
30.86	15.25
30.8625	9.2125
30.865	-0.99375
30.8675	-7.28125
30.87	-4.8375
30.8725	3.29375
30.875	10.4375
30.8775	12.25
30.88	8.75625
30.8825	4.5875
30.885	5.09375
30.8875	11.7
30.89	19.4625
30.8925	22.05
30.895	18.25
30.8975	12.00625
30.9	8.75625
30.9025	11.5
30.905	18.0125
30.9075	20.74375
30.91	16.08125
30.9125	7.80625
30.915	2.41875
30.9175	4.05625
30.92	11.34375
30.9225	19.35
30.925	23.39375
30.9275	21.6875
30.93	15.75625
30.9325	10.5875
30.935	9.36875
30.9375	12.38125
30.94	18.5625
30.9425	22.99375
30.945	19.725
30.9475	9.3375
30.95	-0.7
30.9525	-5.45
30.955	-6.25625
30.9575	-5.68125
30.96	-3.01875
30.9625	-0.10625
30.965	-1.2
30.9675	-4.475
30.97	-3.93125
30.9725	-0.23125
30.975	1.4375
30.9775	1.26875
30.98	0.73125
30.9825	-1.54375
30.985	-3.36875
30.9875	-0.9125
30.99	3.675
30.9925	6.91875
30.995	7.65625
30.9975	4.8
31	1.6125
31.0025	4.6125
31.005	12.48125
31.0075	17.7125
31.01	17.825
31.0125	16.54375
31.015	15.28125
31.0175	12
31.02	8.6875
31.0225	7.40625
31.025	5.40625
31.0275	1.275
31.03	-4.04375
31.0325	-8.56875
31.035	-10.425
31.0375	-9.8125
31.04	-8.6375
31.0425	-8.75
31.045	-11.46875
31.0475	-12.11875
31.05	-4.0375
31.0525	6.48125
31.055	7.575
31.0575	-0.075
31.06	-6.16875
31.0625	-6.425
31.065	-3.475
31.0675	1.95
31.07	10.43125
31.0725	19.51875
31.075	25.01875
31.0775	24.9875
31.08	21.3875
31.0825	17.93125
31.085	17.7375
31.0875	21.05
31.09	23.65625
31.0925	22.75
31.095	21.1125
31.0975	20.71875
31.1	19.00625
31.1025	15.34375
31.105	12.425
31.1075	10.05625
31.11	7.3
31.1125	3.2
31.115	-4.78125
31.1175	-14.8125
31.12	-19.7625
31.1225	-17.93125
31.125	-14.24375
31.1275	-11.925
31.13	-11.51875
31.1325	-9.53125
31.135	-2.3
31.1375	10.71875
31.14	24.48125
31.1425	27.18125
31.145	14.04375
31.1475	-2.50625
31.15	-8.90625
31.1525	-5.3
31.155	3.73125
31.1575	12.3875
31.16	15.59375
31.1625	15.65625
31.165	15.41875
31.1675	10.89375
31.17	3.225
31.1725	1.35625
31.175	3.875
31.1775	3.34375
31.18	0.58125
31.1825	-1.5625
31.185	-4.6625
31.1875	-8.18125
31.19	-10.13125
31.1925	-11.9125
31.195	-14.30625
31.1975	-16
31.2	-16.81875
31.2025	-17.54375
31.205	-17.0875
31.2075	-14.35
31.21	-11.56875
31.2125	-11.125
31.215	-11.36875
31.2175	-9.5375
31.22	-5.925
31.2225	-3.15
31.225	-2.90625
31.2275	-4.06875
31.23	-5.98125
31.2325	-7.93125
31.235	-7.05
31.2375	-3.06875
31.24	-0.375
31.2425	-4.3375
31.245	-16.85625
31.2475	-30.6375
31.25	-34.78125
31.2525	-30.125
31.255	-23.4625
31.2575	-17.63125
31.26	-18.15625
31.2625	-29.4625
31.265	-44.9375
31.2675	-52.575
31.27	-50.0625
31.2725	-44.76875
31.275	-42.61875
31.2775	-44.30625
31.28	-48.50625
31.2825	-51.14375
31.285	-48.84375
31.2875	-45.84375
31.29	-46.6
31.2925	-48.78125
31.295	-50.3875
31.2975	-52.84375
31.3	-54.48125
31.3025	-52.98125
31.305	-49.44375
31.3075	-45.85625
31.31	-43.5625
31.3125	-43.76875
31.315	-45.18125
31.3175	-45.93125
31.32	-46.15
31.3225	-46.05625
31.325	-46.75
31.3275	-49.75625
31.33	-54.0375
31.3325	-54.95625
31.335	-48.95625
31.3375	-38.575
31.34	-30.28125
31.3425	-25.9875
31.345	-25.775
31.3475	-32.7125
31.35	-43.45
31.3525	-48.175
31.355	-43.2875
31.3575	-33.16875
31.36	-22.63125
31.3625	-13.21875
31.365	-5.575
31.3675	-2.23125
31.37	-3.83125
31.3725	-9.3125
31.375	-19.68125
31.3775	-30.4125
31.38	-32.29375
31.3825	-26.0625
31.385	-20.2625
31.3875	-17.45
31.39	-16.56875
31.3925	-19.60625
31.395	-25.15625
31.3975	-25.8125
31.4	-20.0125
31.4025	-14.79375
31.405	-10.4875
31.4075	-3.30625
31.41	0.46875
31.4125	-6.5625
31.415	-17.80625
31.4175	-23.4
31.42	-23.13125
31.4225	-18.84375
31.425	-12.6625
31.4275	-11.09375
31.43	-17.1125
31.4325	-23.46875
31.435	-23.8875
31.4375	-21.20625
31.44	-17.01875
31.4425	-10.84375
31.445	-7.45625
31.4475	-11.1375
31.45	-17.01875
31.4525	-17.81875
31.455	-13.325
31.4575	-8.60625
31.46	-7.51875
31.4625	-7.30625
31.465	-4.65
31.4675	-1.46875
31.47	-0.6
31.4725	-1.1875
31.475	0.35625
31.4775	4.64375
31.48	5.275
31.4825	-1.9625
31.485	-9.975
31.4875	-11.225
31.49	-7.20625
31.4925	-0.16875
31.495	7.69375
31.4975	10.08125
31.5	6.41875
31.5025	3.8875
31.505	4.63125
31.5075	5.6875
31.51	6.3375
31.5125	8.41875
31.515	12.73125
31.5175	15.925
31.52	15.08125
31.5225	13.21875
31.525	12.5625
31.5275	9.6875
31.53	4.16875
31.5325	0.81875
31.535	3.15
31.5375	9.64375
31.54	16.51875
31.5425	20.00625
31.545	19.30625
31.5475	19.2125
31.55	21.38125
31.5525	19.90625
31.555	12.5125
31.5575	4.69375
31.56	0.4625
31.5625	-0.85
31.565	0.3375
31.5675	2.725
31.57	2.6375
31.5725	0.54375
31.575	1.825
31.5775	3.86875
31.58	1.5375
31.5825	1.7375
31.585	7.125
31.5875	7.9125
31.59	2.2875
31.5925	-1.23125
31.595	0.7125
31.5975	6.325
31.6	10.60625
31.6025	8.68125
31.605	3.93125
31.6075	3.55
31.61	7.53125
31.6125	10.54375
31.615	11.94375
31.6175	13.6875
31.62	15.95625
31.6225	17.65
31.625	16.20625
31.6275	10.875
31.63	6.9625
31.6325	7.8875
31.635	13.49375
31.6375	23.71875
31.64	33.19375
31.6425	34.2875
31.645	27.85
31.6475	20.275
31.65	15.0375
31.6525	10.95
31.655	7.025
31.6575	5.5875
31.66	6.01875
31.6625	3.9625
31.665	1.33125
31.6675	5.38125
31.67	12.9375
31.6725	14.53125
31.675	8.91875
31.6775	0.09375
31.68	-8.44375
31.6825	-11.4375
31.685	-6.29375
31.6875	3.29375
31.69	10.70625
31.6925	9.38125
31.695	0.675
31.6975	-4.99375
31.7	-0.3625
31.7025	11.99375
31.705	24.4
31.7075	31.93125
31.71	34.6625
31.7125	28.8875
31.715	13.625
31.7175	2.2125
31.72	4.31875
31.7225	11.94375
31.725	13.25625
31.7275	3.9875
31.73	-11.83125
31.7325	-22.15
31.735	-20.28125
31.7375	-10.1
31.74	5.05
31.7425	19.63125
31.745	23.9875
31.7475	17.66875
31.75	9.8125
31.7525	4.6125
31.755	1.1875
31.7575	0.56875
31.76	2.4625
31.7625	3.36875
31.765	0.6
31.7675	-4.8375
31.77	-11.29375
31.7725	-19.03125
31.775	-26.09375
31.7775	-30.3
31.78	-26.79375
31.7825	-8.88125
31.785	13.24375
31.7875	16.98125
31.79	-2.175
31.7925	-27.7
31.795	-44.50625
31.7975	-47.3875
31.8	-39.28125
31.8025	-27.88125
31.805	-19.20625
31.8075	-14.6875
31.81	-13.13125
31.8125	-13.65
31.815	-15.0125
31.8175	-15.625
31.82	-14.60625
31.8225	-10.95625
31.825	-6.33125
31.8275	-6.95625
31.83	-15.05
31.8325	-22.15625
31.835	-19.13125
31.8375	-8.20625
31.84	1.75
31.8425	5.075
31.845	1.11875
31.8475	-7.95625
31.85	-17.80625
31.8525	-22.2875
31.855	-18.1625
31.8575	-8.38125
31.86	-1.45
31.8625	-1.525
31.865	-2.76875
31.8675	-3.3
31.87	-8.6375
31.8725	-16.1375
31.875	-20.1125
31.8775	-21.24375
31.88	-20.875
31.8825	-20.5
31.885	-20.85
31.8875	-21.2375
31.89	-22.2
31.8925	-20.88125
31.895	-12.1
31.8975	-2.675
31.9	-1.025
31.9025	-2.0375
31.905	-0.84375
31.9075	-3.49375
31.91	-9.56875
31.9125	-7.91875
31.915	0.48125
31.9175	1.75
31.92	-8.825
31.9225	-21.83125
31.925	-28.23125
31.9275	-27.34375
31.93	-22.46875
31.9325	-16.41875
31.935	-8.45
31.9375	5.08125
31.94	18.7125
31.9425	19.54375
31.945	3.26875
31.9475	-22.775
31.95	-45.31875
31.9525	-50.26875
31.955	-38.025
31.9575	-22.975
31.96	-16.15625
31.9625	-20.4125
31.965	-32.4125
31.9675	-44.9625
31.97	-52.10625
31.9725	-52.25
31.975	-47.75
31.9775	-43.45625
31.98	-40
31.9825	-34.075
31.985	-25.7375
31.9875	-19.40625
31.99	-19.03125
31.9925	-24.725
31.995	-33.98125
31.9975	-43.21875
32	-48.4125
32.0025	-45.45
32.005	-33.9625
32.0075	-22.55625
32.01	-21.85625
32.0125	-31.50625
32.015	-41.35625
32.0175	-44.25625
32.02	-39.65
32.0225	-31.59375
32.025	-23.51875
32.0275	-17.45625
32.03	-14.2
32.0325	-10.73125
32.035	-8.71875
32.0375	-13.075
32.04	-22.15625
32.0425	-30.99375
32.045	-37.525
32.0475	-36.76875
32.05	-27
32.0525	-19.65625
32.055	-21.5125
32.0575	-25.9125
32.06	-28.9625
32.0625	-35.2125
32.065	-43.2875
32.0675	-45.4125
32.07	-41.36875
32.0725	-37.43125
32.075	-38.3875
32.0775	-42.19375
32.08	-43.68125
32.0825	-42.1625
32.085	-41.6
32.0875	-42.03125
32.09	-38.56875
32.0925	-31.9
32.095	-29.36875
32.0975	-33.54375
32.1	-39.05
32.1025	-39.325
32.105	-29.325
32.1075	-11.0375
32.11	1.68125
32.1125	-5.64375
32.115	-28.14375
32.1175	-46.64375
32.12	-50.06875
32.1225	-42.3
32.125	-31.175
32.1275	-20.44375
32.13	-12.3125
32.1325	-7.95625
32.135	-7.15
32.1375	-9.15625
32.14	-12.44375
32.1425	-15.8875
32.145	-19.23125
32.1475	-20.99375
32.15	-18.3375
32.1525	-11.96875
32.155	-4.84375
32.1575	-0.1625
32.16	1.68125
32.1625	5.59375
32.165	9.2625
32.1675	1.9625
32.17	-15.56875
32.1725	-30.24375
32.175	-36.075
32.1775	-35.40625
32.18	-30.5625
32.1825	-23.43125
32.185	-15.5
32.1875	-8.58125
32.19	-3.45625
32.1925	-0.0625
32.195	0.59375
32.1975	-0.26875
32.2	0.55625
32.2025	4.75625
32.205	10.61875
32.2075	11.7375
32.21	3.825
32.2125	-6.53125
32.215	-8.8375
32.2175	-3.3625
32.22	1.04375
32.2225	0.90625
32.225	-0.75
32.2275	-3.75
32.23	-8.89375
32.2325	-11.04375
32.235	-5.1375
32.2375	2.18125
32.24	-1.71875
32.2425	-16.275
32.245	-29.64375
32.2475	-37.16875
32.25	-40.075
32.2525	-38.39375
32.255	-33.95
32.2575	-28.075
32.26	-21.3875
32.2625	-16.34375
32.265	-14.29375
32.2675	-13.6875
32.27	-11.01875
32.2725	-4.81875
32.275	1.6875
32.2775	4.84375
32.28	5.43125
32.2825	6.00625
32.285	6.89375
32.2875	6.80625
32.29	4.55625
32.2925	1.225
32.295	-1.71875
32.2975	-5.1375
32.3	-8.45625
32.3025	-5.875
32.305	2.45625
32.3075	5.4625
32.31	-2.49375
32.3125	-15.05625
32.315	-23.46875
32.3175	-23.6
32.32	-17.91875
32.3225	-12.91875
32.325	-11.76875
32.3275	-11.575
32.33	-9.4875
32.3325	-10.6
32.335	-20.025
32.3375	-29.525
32.34	-28.2375
32.3425	-22.03125
32.345	-23
32.3475	-30.79375
32.35	-34.4
32.3525	-27.15625
32.355	-16.8625
32.3575	-15.06875
32.36	-21.70625
32.3625	-27.49375
32.365	-25.23125
32.3675	-16.3
32.37	-6.7375
32.3725	0.41875
32.375	6.6625
32.3775	10.30625
32.38	3.3125
32.3825	-17.5375
32.385	-39.64375
32.3875	-44.7375
32.39	-33.31875
32.3925	-23.2875
32.395	-25.95
32.3975	-35.89375
32.4	-44.29375
32.4025	-46.94375
32.405	-44.1375
32.4075	-42.19375
32.41	-45.9875
32.4125	-52.5375
32.415	-55.875
32.4175	-52.9375
32.42	-45.6
32.4225	-39.99375
32.425	-42.225
32.4275	-52.525
32.43	-64.90625
32.4325	-70.53125
32.435	-64.60625
32.4375	-51.2125
32.44	-37.6625
32.4425	-30.10625
32.445	-31.80625
32.4475	-38.51875
32.45	-39.3125
32.4525	-32.5625
32.455	-27.1625
32.4575	-27.6125
32.46	-30.925
32.4625	-33.325
32.465	-33.60625
32.4675	-30.16875
32.47	-24.35625
32.4725	-21.175
32.475	-21.31875
32.4775	-20.00625
32.48	-17.55
32.4825	-17.90625
32.485	-19.375
32.4875	-20.14375
32.49	-21.2
32.4925	-23.1
32.495	-27.95625
32.4975	-34.68125
32.5	-37.7375
32.5025	-38.8125
32.505	-43.225
32.5075	-48.35
32.51	-52.03125
32.5125	-57
32.515	-60.9375
32.5175	-57.75
32.52	-49.14375
32.5225	-45.64375
32.525	-50.96875
32.5275	-57.76875
32.53	-60.7
32.5325	-61.29375
32.535	-59.7375
32.5375	-53.45
32.54	-44.2375
32.5425	-38.625
32.545	-38.675
32.5475	-39.95625
32.55	-37.9375
32.5525	-29.41875
32.555	-17.18125
32.5575	-10.35625
32.56	-13.01875
32.5625	-20.025
32.565	-25.28125
32.5675	-25.95
32.57	-19.83125
32.5725	-7.21875
32.575	3.35
32.5775	0.70625
32.58	-13.6375
32.5825	-27.4125
32.585	-32.74375
32.5875	-30.8375
32.59	-26
32.5925	-20.41875
32.595	-15.88125
32.5975	-17.05625
32.6	-25.86875
32.6025	-37.15625
32.605	-42.58125
32.6075	-39.8
32.61	-36.1375
32.6125	-38.63125
32.615	-44.98125
32.6175	-48.20625
32.62	-46.1
32.6225	-42.4375
32.625	-38.23125
32.6275	-30.95
32.63	-24.675
32.6325	-24.69375
32.635	-28.18125
32.6375	-30.75625
32.64	-32.76875
32.6425	-34.61875
32.645	-36.2
32.6475	-37
32.65	-35.6125
32.6525	-31.34375
32.655	-24.93125
32.6575	-19.6375
32.66	-19.2
32.6625	-23.91875
32.665	-27.4
32.6675	-23.61875
32.67	-13.45
32.6725	-4.1625
32.675	-3.4625
32.6775	-10.075
32.68	-15.39375
32.6825	-15.45625
32.685	-12.75625
32.6875	-10
32.69	-9.5625
32.6925	-8.91875
32.695	-7.26875
32.6975	-13.1375
32.7	-28.54375
32.7025	-41.29375
32.705	-43.35
32.7075	-38.10625
32.71	-30.49375
32.7125	-23.76875
32.715	-18.26875
32.7175	-13.325
32.72	-8.44375
32.7225	-1.55625
32.725	4.9125
32.7275	2.15
32.73	-9.8375
32.7325	-18.1125
32.735	-14.78125
32.7375	-4.60625
32.74	4.20625
32.7425	4.94375
32.745	-3.8625
32.7475	-15.96875
32.75	-23.875
32.7525	-24.425
32.755	-17.54375
32.7575	-7.01875
32.76	-0.425
32.7625	-0.8625
32.765	-4.5625
32.7675	-9.10625
32.77	-15.1375
32.7725	-20.2125
32.775	-22.7875
32.7775	-26.69375
32.78	-32.2625
32.7825	-33.3875
32.785	-27.91875
32.7875	-20.48125
32.79	-15.69375
32.7925	-16.25
32.795	-23.4625
32.7975	-32.66875
32.8	-34.74375
32.8025	-28.73125
32.805	-22.5
32.8075	-19.1875
32.81	-19.3125
32.8125	-27.5125
32.815	-41.425
32.8175	-48.59375
32.82	-43.975
32.8225	-33.4875
32.825	-22.025
32.8275	-12.325
32.83	-7.125
32.8325	-5.6125
32.835	-5.175
32.8375	-5.23125
32.84	-5.3
32.8425	-5.21875
32.845	-7.06875
32.8475	-10.05625
32.85	-10.96875
32.8525	-11.7
32.855	-14.8
32.8575	-16.89375
32.86	-16.2125
32.8625	-16.53125
32.865	-17.15
32.8675	-13.8625
32.87	-7.35625
32.8725	-1.825
32.875	-0.7875
32.8775	-4.79375
32.88	-11.35625
32.8825	-16.54375
32.885	-15.56875
32.8875	-6.8875
32.89	-0.84375
32.8925	-5.26875
32.895	-10.96875
32.8975	-9.7375
32.9	-4.83125
32.9025	-0.64375
32.905	1.8125
32.9075	2.84375
32.91	5.1875
32.9125	8.1875
32.915	7.5875
32.9175	2.54375
32.92	-3.5875
32.9225	-5.85
32.925	-3.2375
32.9275	1.55
32.93	7.59375
32.9325	16.425
32.935	25.375
32.9375	27.38125
32.94	20.21875
32.9425	7.4
32.945	-7.69375
32.9475	-20.1
32.95	-23.775
32.9525	-20.60625
32.955	-20.10625
32.9575	-25.95
32.96	-33.6625
32.9625	-39.8875
32.965	-43.10625
32.9675	-40.175
32.97	-31.4375
32.9725	-24.7875
32.975	-25.8125
32.9775	-31.2
32.98	-34.725
32.9825	-33.19375
32.985	-26.7625
32.9875	-17.65625
32.99	-9.6
32.9925	-4.3625
32.995	1.3
32.9975	11.7375
33	22.28125
33.0025	22.33125
33.005	12.5125
33.0075	3.41875
33.01	0.04375
33.0125	0.7375
33.015	3.625
33.0175	6.55
33.02	8.89375
33.0225	10.29375
33.025	7.41875
33.0275	-0.475
33.03	-8.0625
33.0325	-11.025
33.035	-10.60625
33.0375	-9.6375
33.04	-8.41875
33.0425	-4.8625
33.045	3.01875
33.0475	12.6125
33.05	12.48125
33.0525	-3.9875
33.055	-24.66875
33.0575	-34.1375
33.06	-31.54375
33.0625	-20.9
33.065	-4.83125
33.0675	7.1125
33.07	7.125
33.0725	0.26875
33.075	-4.7875
33.0775	-5.8125
33.08	-3.325
33.0825	1.575
33.085	6.46875
33.0875	10.525
33.09	14.43125
33.0925	17.2375
33.095	17.94375
33.0975	17.58125
33.1	17.6125
33.1025	18.95
33.105	21.21875
33.1075	23.24375
33.11	23.0625
33.1125	18.875
33.115	13.1625
33.1175	10.89375
33.12	10.70625
33.1225	6.91875
33.125	-1.3
33.1275	-10.4875
33.13	-18.11875
33.1325	-23.3625
33.135	-24.325
33.1375	-22.48125
33.14	-23.86875
33.1425	-25.51875
33.145	-23.06875
33.1475	-26.16875
33.15	-38.43125
33.1525	-46.78125
33.155	-45.54375
33.1575	-40.8125
33.16	-35.25
33.1625	-29.0125
33.165	-21.7875
33.1675	-12.81875
33.17	-3.925
33.1725	4.35625
33.175	15.0875
33.1775	24.625
33.18	23.4625
33.1825	12.3
33.185	1.96875
33.1875	-1.23125
33.19	-0.2
33.1925	-0.33125
33.195	-3.23125
33.1975	-5.98125
33.2	-6.675
33.2025	-5.73125
33.205	-4.6625
33.2075	-5.6375
33.21	-9.34375
33.2125	-14.425
33.215	-17.24375
33.2175	-14.95
33.22	-10.13125
33.2225	-8.56875
33.225	-12.65
33.2275	-19.93125
33.23	-26.46875
33.2325	-29.1125
33.235	-28.125
33.2375	-24.4875
33.24	-19.075
33.2425	-14.54375
33.245	-11.9625
33.2475	-10.275
33.25	-9.4
33.2525	-8.9125
33.255	-7.275
33.2575	-6.725
33.26	-6.98125
33.2625	-2.9125
33.265	5.71875
33.2675	13.75625
33.27	16.9
33.2725	13.975
33.275	7.51875
33.2775	2.9
33.28	2.05
33.2825	3.6375
33.285	6.04375
33.2875	8.7125
33.29	11.75
33.2925	13.7625
33.295	11.28125
33.2975	4.49375
33.3	-1.06875
33.3025	-3.98125
33.305	-5.7
33.3075	-6.20625
33.31	-6.0625
33.3125	-7.55625
33.315	-15.5375
33.3175	-31.9375
33.32	-47.9375
33.3225	-51.9625
33.325	-45.70625
33.3275	-39.0625
33.33	-36.89375
33.3325	-34.38125
33.335	-24.2
33.3375	-11.65625
33.34	-8.625
33.3425	-15.6375
33.345	-22.50625
33.3475	-21.23125
33.35	-13.2625
33.3525	-3.6875
33.355	4.4125
33.3575	8.7125
33.36	8.91875
33.3625	10.00625
33.365	13.45
33.3675	12.84375
33.37	7.18125
33.3725	2.5625
33.375	2.7
33.3775	7.7625
33.38	15.15
33.3825	20.43125
33.385	21.4375
33.3875	20.13125
33.39	18.83125
33.3925	17.31875
33.395	13.40625
33.3975	6.64375
33.4	1.0625
33.4025	-0.05625
33.405	2.0375
33.4075	3.2375
33.41	0.59375
33.4125	-4.69375
33.415	-9.78125
33.4175	-14.3125
33.42	-18.9625
33.4225	-21.7375
33.425	-20.5375
33.4275	-17.54375
33.43	-17.7875
33.4325	-21.33125
33.435	-23.15625
33.4375	-20.0375
33.44	-12.0125
33.4425	-1.3
33.445	8.10625
33.4475	12.625
33.45	11.89375
33.4525	8.9875
33.455	7.7
33.4575	7.5875
33.46	6.45625
33.4625	5.05
33.465	5.40625
33.4675	8.225
33.47	12.05625
33.4725	14.15
33.475	12.5875
33.4775	8.175
33.48	4.0875
33.4825	2.9375
33.485	5.19375
33.4875	8.1625
33.49	6.15625
33.4925	-2.7875
33.495	-12.86875
33.4975	-19.44375
33.5	-21.7
33.5025	-19.80625
33.505	-18.50625
33.5075	-22.7875
33.51	-30.68125
33.5125	-35.6875
33.515	-32.8375
33.5175	-24.43125
33.52	-18.29375
33.5225	-19.24375
33.525	-25.2125
33.5275	-31.73125
33.53	-35
33.5325	-33.375
33.535	-26.85625
33.5375	-18.2
33.54	-11.625
33.5425	-6.525
33.545	-4.13125
33.5475	-7.54375
33.55	-13.175
33.5525	-14.69375
33.555	-11.8375
33.5575	-7.3375
33.56	-3.0125
33.5625	0.8625
33.565	2.26875
33.5675	-3.75
33.57	-13.39375
33.5725	-16.43125
33.575	-13.60625
33.5775	-15.65625
33.58	-25.56875
33.5825	-35.73125
33.585	-39.825
33.5875	-38.61875
33.59	-34.73125
33.5925	-30.21875
33.595	-26.8125
33.5975	-23.3
33.6	-21.6375
33.6025	-27.125
33.605	-36.3
33.6075	-38.88125
33.61	-32.88125
33.6125	-23.975
33.615	-16.04375
33.6175	-8.825
33.62	0.36875
33.6225	12.09375
33.625	23.8
33.6275	31.30625
33.63	31.99375
33.6325	29.2
33.635	28.075
33.6375	26.84375
33.64	21.69375
33.6425	14.69375
33.645	8.83125
33.6475	3.93125
33.65	0.7875
33.6525	0.7625
33.655	0.50625
33.6575	-2.96875
33.66	-8.76875
33.6625	-17.175
33.665	-25.25
33.6675	-27.33125
33.67	-26.8125
33.6725	-30.65
33.675	-37.825
33.6775	-44.65
33.68	-47.8875
33.6825	-45.11875
33.685	-38.83125
33.6875	-31.95625
33.69	-24.675
33.6925	-18.9125
33.695	-17.4
33.6975	-18.2375
33.7	-16.0875
33.7025	-9.8
33.705	-3.80625
33.7075	-0.3
33.71	1.8875
33.7125	3
33.715	3.20625
33.7175	3.3
33.72	4.1625
33.7225	7.30625
33.725	10.28125
33.7275	6.5625
33.73	-1.59375
33.7325	-3.70625
33.735	1.375
33.7375	5.03125
33.74	2.35625
33.7425	-6.0125
33.745	-17.29375
33.7475	-27.09375
33.75	-32.45625
33.7525	-33.9125
33.755	-32.9875
33.7575	-31.60625
33.76	-30.43125
33.7625	-29.68125
33.765	-30.725
33.7675	-34.65
33.77	-40.675
33.7725	-46.8875
33.775	-51.0875
33.7775	-51.90625
33.78	-49.975
33.7825	-45.79375
33.785	-38.2875
33.7875	-27.58125
33.79	-17.3625
33.7925	-10.86875
33.795	-6.0125
33.7975	-1.79375
33.8	-0.025
33.8025	2.59375
33.805	8.5875
33.8075	9.7125
33.81	2.51875
33.8125	-3.4
33.815	-4.79375
33.8175	-6.6625
33.82	-9.175
33.8225	-9.11875
33.825	-7.53125
33.8275	-6.13125
33.83	-5.24375
33.8325	-5.43125
33.835	-6.30625
33.8375	-7.1
33.84	-10.19375
33.8425	-17.0625
33.845	-24.95
33.8475	-31.5375
33.85	-35.98125
33.8525	-38.4375
33.855	-42.0375
33.8575	-47.80625
33.86	-52.41875
33.8625	-54.99375
33.865	-54.94375
33.8675	-50.8
33.87	-44.8125
33.8725	-40.775
33.875	-41.7
33.8775	-47.1375
33.88	-49.425
33.8825	-43.21875
33.885	-32.95625
33.8875	-22.475
33.89	-11.5875
33.8925	-2.70625
33.895	1.8875
33.8975	2.11875
33.9	-0.40625
33.9025	-2.35625
33.905	-0.95
33.9075	2.13125
33.91	2.8125
33.9125	0.55625
33.915	-1.83125
33.9175	-2.9375
33.92	-3.18125
33.9225	-2.54375
33.925	-2.8125
33.9275	-6.3125
33.93	-11.88125
33.9325	-16.89375
33.935	-20.4875
33.9375	-22.39375
33.94	-23.9
33.9425	-27.80625
33.945	-33.6375
33.9475	-36.84375
33.95	-35.4625
33.9525	-33.26875
33.955	-33.4625
33.9575	-32.39375
33.96	-27
33.9625	-23.13125
33.965	-25.4875
33.9675	-30.475
33.97	-34.725
33.9725	-38.75625
33.975	-41.66875
33.9775	-41.8625
33.98	-39.80625
33.9825	-35.39375
33.985	-28.6875
33.9875	-22.4
33.99	-18.26875
33.9925	-16.48125
33.995	-16.2
33.9975	-16.06875
34	-17.68125
34.0025	-22.0625
34.005	-23.125
34.0075	-17.78125
34.01	-13.86875
34.0125	-16.04375
34.015	-19.375
34.0175	-18
34.02	-12.14375
34.0225	-6.85
34.025	-4.7625
34.0275	-3.60625
34.03	-3.4
34.0325	-6.225
34.035	-10.5875
34.0375	-15.85
34.04	-23.6
34.0425	-31.975
34.045	-37.25625
34.0475	-38.39375
34.05	-36.0375
34.0525	-30.1375
34.055	-22.25625
34.0575	-18.10625
34.06	-22.5875
34.0625	-32.78125
34.065	-38.8875
34.0675	-34.0625
34.07	-22.20625
34.0725	-12.7875
34.075	-9.23125
34.0775	-6.74375
34.08	-2.5125
34.0825	1.19375
34.085	5.9625
34.0875	13.35
34.09	17.49375
34.0925	16.84375
34.095	17.16875
34.0975	18.8875
34.1	18.75
34.1025	16.06875
34.105	12.5
34.1075	11.15625
34.11	11.01875
34.1125	8.2
34.115	4.05625
34.1175	2.05
34.12	1.63125
34.1225	0.9125
34.125	-0.29375
34.1275	-2.325
34.13	-6.025
34.1325	-10.86875
34.135	-13.20625
34.1375	-10.225
34.14	-6.6125
34.1425	-10.2375
34.145	-20.16875
34.1475	-26.71875
34.15	-25.35
34.1525	-20.8125
34.155	-17.15
34.1575	-14.25
34.16	-10.8
34.1625	-4.33125
34.165	4.96875
34.1675	10.8125
34.17	12.39375
34.1725	16.05
34.175	20.21875
34.1775	18.96875
34.18	15.1125
34.1825	14.6125
34.185	17.71875
34.1875	21.79375
34.19	25.73125
34.1925	26.475
34.195	19.25
34.1975	6.85
34.2	-1.20625
34.2025	-1.9125
34.205	-0.475
34.2075	-0.7125
34.21	-3.35625
34.2125	-7.00625
34.215	-9.68125
34.2175	-10.2375
34.22	-9.39375
34.2225	-9.53125
34.225	-12.84375
34.2275	-18.4
34.23	-22.575
34.2325	-23.2625
34.235	-21.19375
34.2375	-18.26875
34.24	-15.75625
34.2425	-13.33125
34.245	-9.73125
34.2475	-5.85625
34.25	-3.25
34.2525	-0.06875
34.255	6.1625
34.2575	12.6875
34.26	15.23125
34.2625	13.45625
34.265	9.725
34.2675	9.175
34.27	14.8875
34.2725	20.25
34.275	17.675
34.2775	10.18125
34.28	2.1875
34.2825	-8.2375
34.285	-20.1375
34.2875	-27.35
34.29	-27.39375
34.2925	-23.75625
34.295	-20.94375
34.2975	-19.8375
34.3	-17.5625
34.3025	-12.8625
34.305	-7.09375
34.3075	-1.24375
34.31	1.2625
34.3125	-4.175
34.315	-15.99375
34.3175	-26.49375
34.32	-28.075
34.3225	-19.33125
34.325	-6.03125
34.3275	5.41875
34.33	12.925
34.3325	18.03125
34.335	22.90625
34.3375	27.9375
34.34	32.09375
34.3425	32.18125
34.345	26.375
34.3475	18.05625
34.35	10.94375
34.3525	7.46875
34.355	12.9625
34.3575	22.3625
34.36	20.0125
34.3625	4.39375
34.365	-9.35625
34.3675	-12.23125
34.37	-5.80625
34.3725	4.6375
34.375	7.275
34.3775	-4.575
34.38	-22.2625
34.3825	-33.1875
34.385	-34.175
34.3875	-29.4875
34.39	-25.4375
34.3925	-24.825
34.395	-24.7125
34.3975	-24.01875
34.4	-21.89375
34.4025	-15.46875
34.405	-8.4625
34.4075	-8.4
34.41	-13.375
34.4125	-15.91875
34.415	-13.6
34.4175	-6.4
34.42	5.49375
34.4225	19.325
34.425	29.25
34.4275	30.55625
34.43	26.30625
34.4325	24.625
34.435	28.7875
34.4375	35.4
34.44	39.61875
34.4425	37.90625
34.445	31.33125
34.4475	24.28125
34.45	18.5875
34.4525	14.34375
34.455	13.65625
34.4575	17.13125
34.46	17.20625
34.4625	7.25
34.465	-8.86875
34.4675	-22.79375
34.47	-29.59375
34.4725	-28.9125
34.475	-27.96875
34.4775	-32.30625
34.48	-36.73125
34.4825	-37.63125
34.485	-40.16875
34.4875	-45.45
34.49	-47.2125
34.4925	-43.45625
34.495	-38.13125
34.4975	-33.16875
34.5	-25.8125
34.5025	-15.4
34.505	-3.875
34.5075	7.20625
34.51	15.85
34.5125	21.03125
34.515	24.46875
34.5175	28.71875
34.52	32.98125
34.5225	33.6125
34.525	29.5
34.5275	24.2
34.53	23.30625
34.5325	28.2625
34.535	32.425
34.5375	30.39375
34.54	25.525
34.5425	21.5375
34.545	17.7875
34.5475	15.4625
34.55	16.1875
34.5525	15.975
34.555	10.2375
34.5575	0.3625
34.56	-9.38125
34.5625	-16.9
34.565	-19.975
34.5675	-18.3
34.57	-15.225
34.5725	-12.775
34.575	-12.53125
34.5775	-17.0375
34.58	-22.56875
34.5825	-20.89375
34.585	-11.78125
34.5875	-3.49375
34.59	-1.14375
34.5925	-2.66875
34.595	-4.66875
34.5975	-3.80625
34.6	2.475
34.6025	11.33125
34.605	17.08125
34.6075	19.6375
34.61	22.58125
34.6125	24.6375
34.615	21.825
34.6175	15.65625
34.62	12.8875
34.6225	16.34375
34.625	21.7625
34.6275	23.9625
34.63	23.1375
34.6325	21.99375
34.635	20.08125
34.6375	17.1375
34.64	15.11875
34.6425	13.8125
34.645	11.28125
34.6475	7.175
34.65	4.01875
34.6525	5.3125
34.655	7.25625
34.6575	1.6875
34.66	-9.34375
34.6625	-18.90625
34.665	-25.8
34.6675	-26.20625
34.67	-18.29375
34.6725	-12.25
34.675	-15.51875
34.6775	-21.74375
34.68	-22.7375
34.6825	-17.6875
34.685	-11.0375
34.6875	-6.9375
34.69	-4.20625
34.6925	-0.5375
34.695	6.09375
34.6975	14.075
34.7	17.15625
34.7025	15.675
34.705	15.8375
34.7075	17.325
34.71	16.81875
34.7125	16
34.715	16.45625
34.7175	17.88125
34.72	19.51875
34.7225	20.29375
34.725	19.625
34.7275	16.625
34.73	12.8875
34.7325	11.98125
34.735	12.2875
34.7375	9.45
34.74	2.76875
34.7425	-2.6
34.745	-2.575
34.7475	-3.34375
34.75	-11.84375
34.7525	-23.05
34.755	-30.0875
34.7575	-34.45
34.76	-37.4125
34.7625	-38.54375
34.765	-40.275
34.7675	-42.06875
34.77	-38.8125
34.7725	-32.125
34.775	-29.9
34.7775	-31.7375
34.78	-29.4
34.7825	-21.2375
34.785	-12.23125
34.7875	-4.25625
34.79	4.44375
34.7925	11.9875
34.795	14.8875
34.7975	15.525
34.8	17.00625
34.8025	19.23125
34.805	21.76875
34.8075	24.2875
34.81	24.90625
34.8125	22.88125
34.815	18.825
34.8175	13.5375
34.82	7.75625
34.8225	2.3125
34.825	-1.85625
34.8275	-4.5
34.83	-5
34.8325	-3.73125
34.835	-2.1125
34.8375	-0.4125
34.84	3.05625
34.8425	7.69375
34.845	8.93125
34.8475	3.99375
34.85	-2.425
34.8525	-4.39375
34.855	-3.6625
34.8575	-4.5125
34.86	-7.475
34.8625	-11.18125
34.865	-14.725
34.8675	-16.3125
34.87	-13.575
34.8725	-6.39375
34.875	0.5375
34.8775	1.375
34.88	-2.7375
34.8825	-4.025
34.885	0.04375
34.8875	2.3375
34.89	-2.1875
34.8925	-10.10625
34.895	-17.01875
34.8975	-19.50625
34.9	-15.11875
34.9025	-6.63125
34.905	0.1625
34.9075	3.18125
34.91	3.06875
34.9125	0.6375
34.915	-2.78125
34.9175	-5.59375
34.92	-5.25625
34.9225	-2.3875
34.925	-2.8375
34.9275	-9.85
34.93	-18.4375
34.9325	-22.25625
34.935	-20.725
34.9375	-16.98125
34.94	-13.34375
34.9425	-10.51875
34.945	-9.51875
34.9475	-9.76875
34.95	-8.2125
34.9525	-1.95625
34.955	6.575
34.9575	10.575
34.96	8.3
34.9625	2.64375
34.965	-3.60625
34.9675	-7.025
34.97	-4.6375
34.9725	2.19375
34.975	8.48125
34.9775	10.15
34.98	9.05
34.9825	11.54375
34.985	17.1125
34.9875	18.025
34.99	11.96875
34.9925	2.6875
34.995	-5.93125
34.9975	-10.75
35	-10.075
35.0025	-6.1625
35.005	-1.475
35.0075	2.9875
35.01	3.8375
35.0125	-0.8
35.015	-6.75
35.0175	-10.05
35.02	-11.5625
35.0225	-12.1875
35.025	-12.08125
35.0275	-13.3
35.03	-15.74375
35.0325	-15.69375
35.035	-11.30625
35.0375	-5.38125
35.04	-3.4
35.0425	-6.94375
35.045	-11.7375
35.0475	-13.20625
35.05	-11.2125
35.0525	-7.5375
35.055	-3.34375
35.0575	-0.80625
35.06	-2.16875
35.0625	-6.05
35.065	-7.11875
35.0675	-2.48125
35.07	4.63125
35.0725	10.35
35.075	14.3625
35.0775	14.83125
35.08	9.54375
35.0825	3.2875
35.085	2.7625
35.0875	6.05
35.09	5.24375
35.0925	-1.1125
35.095	-6.3875
35.0975	-6.80625
35.1	-5.7625
35.1025	-6.9
35.105	-8.61875
35.1075	-7.60625
35.11	-5.2625
35.1125	-5.3625
35.115	-6.64375
35.1175	-2.74375
35.12	5.83125
35.1225	10.46875
35.125	8.40625
35.1275	6.23125
35.13	6.6
35.1325	5.18125
35.135	1.75625
35.1375	2.5125
35.14	10.05
35.1425	15.7
35.145	11.55625
35.1475	1.88125
35.15	-4.41875
35.1525	-3.5625
35.155	1.5375
35.1575	6.5875
35.16	8.51875
35.1625	4.15625
35.165	-5.75
35.1675	-14.2375
35.17	-17.26875
35.1725	-16.59375
35.175	-13.6
35.1775	-10.78125
35.18	-10.8375
35.1825	-14.3625
35.185	-19.66875
35.1875	-21.89375
35.19	-17.425
35.1925	-10.6625
35.195	-8.4125
35.1975	-9.90625
35.2	-11.65
35.2025	-12.53125
35.205	-10.7
35.2075	-6.125
35.21	-3.725
35.2125	-6.2375
35.215	-10.5625
35.2175	-12.58125
35.22	-11.2875
35.2225	-8.35
35.225	-4.34375
35.2275	-1.96875
35.23	-5.09375
35.2325	-9.31875
35.235	-5.96875
35.2375	3.48125
35.24	9.56875
35.2425	7.85
35.245	2.48125
35.2475	-0.24375
35.25	3.06875
35.2525	11.60625
35.255	18.225
35.2575	19.3125
35.26	18.5125
35.2625	14.325
35.265	4.14375
35.2675	-4.51875
35.27	-5.28125
35.2725	-1.49375
35.275	2.61875
35.2775	3.0875
35.28	-1.68125
35.2825	-6.33125
35.285	-5.85
35.2875	-2.39375
35.29	-0.075
35.2925	-0.05
35.295	-2.91875
35.2975	-7.65
35.3	-10.48125
35.3025	-9.675
35.305	-7.41875
35.3075	-6.25625
35.31	-7.3875
35.3125	-10.2125
35.315	-12.7875
35.3175	-15.4125
35.32	-18.7625
35.3225	-20.5
35.325	-19.3125
35.3275	-18.825
35.33	-22.13125
35.3325	-26.33125
35.335	-26.09375
35.3375	-20.55
35.34	-14.2375
35.3425	-11.2625
35.345	-12.3125
35.3475	-14.70625
35.35	-13.2
35.3525	-4.025
35.355	10.45
35.3575	20.14375
35.36	18.59375
35.3625	9.80625
35.365	2.64375
35.3675	0.46875
35.37	-0.40625
35.3725	-2.54375
35.375	-4.7125
35.3775	-4.1125
35.38	-0.6875
35.3825	3.04375
35.385	4.68125
35.3875	6.2375
35.39	10.225
35.3925	14.2625
35.395	15.75
35.3975	15.24375
35.4	15.6875
35.4025	19.60625
35.405	24.96875
35.4075	27.20625
35.41	25.525
35.4125	21.4
35.415	15.825
35.4175	12.2375
35.42	12.38125
35.4225	12.35625
35.425	9.9
35.4275	6.58125
35.43	3.075
35.4325	1.3
35.435	2.8
35.4375	5.0875
35.44	5.78125
35.4425	5.1125
35.445	5.3
35.4475	8.88125
35.45	13.35
35.4525	13.43125
35.455	10.05
35.4575	7.625
35.46	6.83125
35.4625	7.05
35.465	10.03125
35.4675	15.60625
35.47	20.60625
35.4725	23.6875
35.475	23.54375
35.4775	15.85
35.48	1.99375
35.4825	-9.18125
35.485	-12.55625
35.4875	-10.68125
35.49	-8.475
35.4925	-9.075
35.495	-9.96875
35.4975	-6.45
35.5	0.16875
35.5025	4.95625
35.505	5.29375
35.5075	4.7375
35.51	5.1375
35.5125	-0.66875
35.515	-15.825
35.5175	-29.00625
35.52	-29.6
35.5225	-21.9625
35.525	-16.8875
35.5275	-18.9625
35.53	-23.71875
35.5325	-25.8125
35.535	-24.3125
35.5375	-20.24375
35.54	-15.75
35.5425	-13.03125
35.545	-13.475
35.5475	-16
35.55	-16.9625
35.5525	-14.725
35.555	-11.4
35.5575	-9.01875
35.56	-7.98125
35.5625	-6.4875
35.565	-2.94375
35.5675	-0.69375
35.57	-2.78125
35.5725	-5.4375
35.575	-3.06875
35.5775	2.46875
35.58	3.21875
35.5825	-1.4125
35.585	-1.41875
35.5875	4.775
35.59	5.9
35.5925	-1.1875
35.595	-7.94375
35.5975	-8.7625
35.6	-4.175
35.6025	4.6375
35.605	15.7625
35.6075	22.625
35.61	19.55
35.6125	11.58125
35.615	7.20625
35.6175	6.64375
35.62	6.96875
35.6225	8.39375
35.625	8.7875
35.6275	4.76875
35.63	-1.9125
35.6325	-6.39375
35.635	-5.14375
35.6375	0.625
35.64	5.5
35.6425	5.825
35.645	0.10625
35.6475	-10.16875
35.65	-17.5625
35.6525	-15.2125
35.655	-6.375
35.6575	0.2125
35.66	0.75
35.6625	-1.98125
35.665	-3.74375
35.6675	-2.08125
35.67	2.7
35.6725	6.975
35.675	10.45625
35.6775	13.2375
35.68	12.0375
35.6825	8.35625
35.685	5.9125
35.6875	3.18125
35.69	-0.14375
35.6925	-0.95625
35.695	0.7
35.6975	2.30625
35.7	2.425
35.7025	4.13125
35.705	9.975
35.7075	16.33125
35.71	18.05625
35.7125	12.25625
35.715	0.85
35.7175	-7.6375
35.72	-7.5125
35.7225	0.15625
35.725	13.275
35.7275	21.0875
35.73	13.05625
35.7325	-2.15
35.735	-9.91875
35.7375	-8.9375
35.74	-4.68125
35.7425	-2.925
35.745	-9.09375
35.7475	-19.68125
35.75	-25.8
35.7525	-23.03125
35.755	-14.70625
35.7575	-7.15
35.76	-3.6625
35.7625	-3.66875
35.765	-5.08125
35.7675	-5.96875
35.77	-4.90625
35.7725	-3.31875
35.775	-3.43125
35.7775	-4.68125
35.78	-5.11875
35.7825	-3.81875
35.785	-0.10625
35.7875	5.93125
35.79	11.29375
35.7925	12.8625
35.795	11.33125
35.7975	8.70625
35.8	5.78125
35.8025	4.025
35.805	5.4
35.8075	8.925
35.81	10.7
35.8125	7.9625
35.815	3.13125
35.8175	0.2375
35.82	-0.9625
35.8225	-2.525
35.825	-4.31875
35.8275	-6.0875
35.83	-9.3375
35.8325	-10.825
35.835	-4.975
35.8375	0.9125
35.84	-4.9875
35.8425	-18.03125
35.845	-25.39375
35.8475	-23.60625
35.85	-15.9875
35.8525	-9.84375
35.855	-10.05
35.8575	-11.1875
35.86	-6.75
35.8625	-2.5625
35.865	-4.4875
35.8675	-7.25
35.87	-6.225
35.8725	-3.63125
35.875	-2.1375
35.8775	0.44375
35.88	8.05
35.8825	18.4
35.885	21.7
35.8875	15.9875
35.89	9.90625
35.8925	8.6
35.895	10.01875
35.8975	10.73125
35.9	9.58125
35.9025	7.75625
35.905	7.13125
35.9075	6.65625
35.91	2.725
35.9125	-5.05625
35.915	-11.09375
35.9175	-11.7125
35.92	-9.975
35.9225	-9.90625
35.925	-11.35
35.9275	-12.16875
35.93	-12.49375
35.9325	-14.425
35.935	-18.68125
35.9375	-22.1125
35.94	-23.55625
35.9425	-26.3
35.945	-31.35
35.9475	-34.8125
35.95	-34.63125
35.9525	-31.85625
35.955	-25.6625
35.9575	-16.86875
35.96	-10.3
35.9625	-8.43125
35.965	-8.58125
35.9675	-8.5625
35.97	-7.61875
35.9725	-3.18125
35.975	5.51875
35.9775	12.39375
35.98	11.79375
35.9825	7.525
35.985	10.05
35.9875	20.59375
35.99	25.29375
35.9925	15.075
35.995	1.1
35.9975	-4.13125
36	-4.9875
36.0025	-8.45
36.005	-12.78125
36.0075	-14.9625
36.01	-16.15
36.0125	-17.8
36.015	-19.2125
36.0175	-19.325
36.02	-18.03125
36.0225	-15.6875
36.025	-14.4375
36.0275	-18.14375
36.03	-27.5625
36.0325	-38.15
36.035	-44.03125
36.0375	-41.43125
36.04	-31.73125
36.0425	-20.66875
36.045	-13.3375
36.0475	-11.275
36.05	-12.3125
36.0525	-13.1875
36.055	-11.9125
36.0575	-9.35625
36.06	-6.64375
36.0625	-3.58125
36.065	0.9625
36.0675	7.83125
36.07	15.6375
36.0725	22.8875
36.075	28.95
36.0775	31.925
36.08	29.9375
36.0825	24.96875
36.085	21.18125
36.0875	19.8625
36.09	17.73125
36.0925	11.08125
36.095	1.375
36.0975	-6.89375
36.1	-11.55625
36.1025	-12.7875
36.105	-11.5875
36.1075	-11.175
36.11	-14.81875
36.1125	-16.9375
36.115	-10.6625
36.1175	-5.81875
36.12	-15.08125
36.1225	-29.05625
36.125	-33.025
36.1275	-30.69375
36.13	-30.8125
36.1325	-31.91875
36.135	-29.81875
36.1375	-25.5875
36.14	-22.04375
36.1425	-19.89375
36.145	-17.55
36.1475	-13.14375
36.15	-6.08125
36.1525	2.23125
36.155	10.5125
36.1575	18.7
36.16	24.9125
36.1625	27.225
36.165	26.4625
36.1675	25.18125
36.17	24.20625
36.1725	21.78125
36.175	17.45
36.1775	13.49375
36.18	10.19375
36.1825	9.66875
36.185	16.56875
36.1875	25.9875
36.19	28.075
36.1925	21.48125
36.195	11.23125
36.1975	1.34375
36.2	-5.4375
36.2025	-5.10625
36.205	4.25625
36.2075	16.25
36.21	22.1
36.2125	17.3125
36.215	3.58125
36.2175	-10.05
36.22	-14.29375
36.2225	-10.33125
36.225	-4.7125
36.2275	-0.54375
36.23	4.29375
36.2325	13.63125
36.235	25.325
36.2375	33.9875
36.24	37.3125
36.2425	36.1625
36.245	32.01875
36.2475	27.46875
36.25	25.40625
36.2525	26.6375
36.255	30.35625
36.2575	35.43125
36.26	40.14375
36.2625	41.425
36.265	38.525
36.2675	35.4375
36.27	36.05625
36.2725	38.90625
36.275	39.39375
36.2775	34.93125
36.28	27.64375
36.2825	23.73125
36.285	24.225
36.2875	22.7
36.29	17.6875
36.2925	14.5875
36.295	15.54375
36.2975	18.54375
36.3	21.0125
36.3025	19.13125
36.305	13.675
36.3075	10.40625
36.31	12.2
36.3125	18.5125
36.315	23.7375
36.3175	20.33125
36.32	11.0125
36.3225	6.74375
36.325	9.99375
36.3275	15.63125
36.33	21.5625
36.3325	28.06875
36.335	34.53125
36.3375	38.05625
36.34	34.7
36.3425	25.3625
36.345	16.14375
36.3475	10.11875
36.35	7.05
36.3525	8.45
36.355	11.975
36.3575	10.85
36.36	4.61875
36.3625	-2.00625
36.365	-7.4
36.3675	-11.25625
36.37	-12.56875
36.3725	-13.3375
36.375	-15.41875
36.3775	-17.55
36.38	-18.125
36.3825	-16.68125
36.385	-14.38125
36.3875	-14.375
36.39	-19.275
36.3925	-27.7
36.395	-35.53125
36.3975	-38.675
36.4	-34.75
36.4025	-27.5375
36.405	-24.45625
36.4075	-26.125
36.41	-25.13125
36.4125	-21.7625
36.415	-24.98125
36.4175	-34.99375
36.42	-41.3125
36.4225	-38.64375
36.425	-33.4875
36.4275	-32.65625
36.43	-34.61875
36.4325	-33.19375
36.435	-26.51875
36.4375	-18.05
36.44	-12.18125
36.4425	-11.35
36.445	-13.8125
36.4475	-14.9875
36.45	-13.025
36.4525	-10
36.455	-8.25625
36.4575	-8.0125
36.46	-8.95625
36.4625	-11.4625
36.465	-16.13125
36.4675	-20.0625
36.47	-17.7625
36.4725	-9.3125
36.475	-2.25
36.4775	-4.4
36.48	-14.025
36.4825	-21.3375
36.485	-20.15625
36.4875	-12.48125
36.49	-2.34375
36.4925	5.93125
36.495	9.66875
36.4975	9.53125
36.5	6.50625
36.5025	2.275
36.505	-0.1625
36.5075	0.95
36.51	3.51875
36.5125	4.49375
36.515	7.36875
36.5175	13.94375
36.52	17.58125
36.5225	16
36.525	12.775
36.5275	7.6125
36.53	1.775
36.5325	0.8
36.535	5.51875
36.5375	12.375
36.54	17.19375
36.5425	17.7625
36.545	14.85
36.5475	10.60625
36.55	7.31875
36.5525	6.50625
36.555	8.15
36.5575	10.125
36.56	9.825
36.5625	7.5625
36.565	5.725
36.5675	7.8875
36.57	17.5375
36.5725	28.3875
36.575	28.9375
36.5775	18.65625
36.58	7.225
36.5825	2.6375
36.585	6.5875
36.5875	13.36875
36.59	16.3125
36.5925	15.45
36.595	13.35
36.5975	12.21875
36.6	13.61875
36.6025	16.075
36.605	18.71875
36.6075	22.84375
36.61	22.875
36.6125	11.4875
36.615	-5.9875
36.6175	-17.125
36.62	-18.3375
36.6225	-13.0875
36.625	-6.16875
36.6275	-2.275
36.63	-1.41875
36.6325	-2.14375
36.635	-4.55625
36.6375	-7.425
36.64	-6.6
36.6425	-0.55625
36.645	4.0875
36.6475	0.04375
36.65	-8.25625
36.6525	-10.59375
36.655	-6.56875
36.6575	-1.7
36.66	-1.39375
36.6625	-7.54375
36.665	-13.975
36.6675	-14.0625
36.67	-10.04375
36.6725	-6.75625
36.675	-5.5375
36.6775	-6.2
36.68	-6.01875
36.6825	-1.875
36.685	4.4625
36.6875	9.7125
36.69	13.38125
36.6925	16.85625
36.695	20.075
36.6975	19.10625
36.7	12.375
36.7025	5.75625
36.705	4.5125
36.7075	7.55625
36.71	9.96875
36.7125	6.1875
36.715	-1.3625
36.7175	-3.60625
36.72	0.2875
36.7225	2.75
36.725	0.9875
36.7275	-3.99375
36.73	-11.76875
36.7325	-18.9875
36.735	-20.96875
36.7375	-16.4
36.74	-8
36.7425	-1.4625
36.745	-1.50625
36.7475	-5.875
36.75	-8.225
36.7525	-6.05
36.755	-1.3125
36.7575	2.95625
36.76	4.7
36.7625	3.63125
36.765	2.3
36.7675	3.675
36.77	6.275
36.7725	6.80625
36.775	6.6375
36.7775	9.0875
36.78	12.5875
36.7825	13.20625
36.785	8.13125
36.7875	-3.625
36.79	-17.24375
36.7925	-23.8875
36.795	-22.54375
36.7975	-20.0625
36.8	-19.025
36.8025	-14.54375
36.805	-6.75625
36.8075	-3.8625
36.81	-8.69375
36.8125	-14.43125
36.815	-14.31875
36.8175	-8.31875
36.82	-1.54375
36.8225	0.43125
36.825	-2.2375
36.8275	-4.8
36.83	-5.00625
36.8325	-4.61875
36.835	-4.2125
36.8375	-1.44375
36.84	2.975
36.8425	5.33125
36.845	5.09375
36.8475	4.3125
36.85	4.66875
36.8525	6.725
36.855	9.9125
36.8575	12.9625
36.86	15.81875
36.8625	18.2
36.865	19.4125
36.8675	19.00625
36.87	17.2625
36.8725	15.15
36.875	11.8875
36.8775	8.16875
36.88	7.23125
36.8825	8.3625
36.885	5.13125
36.8875	-3.89375
36.89	-11.45
36.8925	-12.74375
36.895	-10.95
36.8975	-12.06875
36.9	-16.1
36.9025	-16.29375
36.905	-11.4
36.9075	-9.05
36.91	-12.11875
36.9125	-16.3375
36.915	-19.85625
36.9175	-20.9875
36.92	-16.89375
36.9225	-8.95625
36.925	-0.94375
36.9275	4.8125
36.93	7.8125
36.9325	9.075
36.935	9.95
36.9375	11.40625
36.94	13.725
36.9425	14.2625
36.945	10.01875
36.9475	4.075
36.95	0.79375
36.9525	-1.20625
36.955	-3.225
36.9575	-3.575
36.96	-2.99375
36.9625	-4.55
36.965	-7.86875
36.9675	-9.4375
36.97	-7.5375
36.9725	-3.88125
36.975	-2.25625
36.9775	-5.64375
36.98	-13.825
36.9825	-23.88125
36.985	-30.23125
36.9875	-27.71875
36.99	-19.825
36.9925	-14.19375
36.995	-12.225
36.9975	-10.66875
37	-7.8625
37.0025	-4.59375
37.005	-1.29375
37.0075	1.3625
37.01	2.05625
37.0125	1.61875
37.015	0.86875
37.0175	-1.475
37.02	-3.4625
37.0225	-2.8875
37.025	-3.6375
37.0275	-7.58125
37.03	-10.30625
37.0325	-10.01875
37.035	-8.23125
37.0375	-4.5125
37.04	0.7625
37.0425	2.8625
37.045	-0.28125
37.0475	-5.03125
37.05	-9.125
37.0525	-12.58125
37.055	-13.93125
37.0575	-11.875
37.06	-9.4875
37.0625	-11.0375
37.065	-14.85625
37.0675	-15.9
37.07	-14.30625
37.0725	-12.2375
37.075	-10.5
37.0775	-11.6875
37.08	-17.1375
37.0825	-22.01875
37.085	-20.9875
37.0875	-13.8375
37.09	-5.875
37.0925	-2.85
37.095	-3.91875
37.0975	-4.75
37.1	-2.75625
37.1025	2.4125
37.105	8.2375
37.1075	10.8625
37.11	9.0875
37.1125	4.74375
37.115	1
37.1175	0.79375
37.12	5.21875
37.1225	11.6
37.125	16.1125
37.1275	16.90625
37.13	14.48125
37.1325	10.80625
37.135	9.9375
37.1375	13.66875
37.14	16.08125
37.1425	11.625
37.145	2.9
37.1475	-4.05
37.15	-7.69375
37.1525	-7.56875
37.155	-2.30625
37.1575	4.03125
37.16	7.25625
37.1625	9.4375
37.165	12.45625
37.1675	15.3875
37.17	15.24375
37.1725	8.74375
37.175	-1.25625
37.1775	-7.5875
37.18	-8.35
37.1825	-4.18125
37.185	3.7875
37.1875	9.98125
37.19	10.65
37.1925	7.85625
37.195	5.49375
37.1975	5.81875
37.2	9.8125
37.2025	17.4875
37.205	25.6
37.2075	28.8625
37.21	25.60625
37.2125	21.18125
37.215	21.3125
37.2175	25.45625
37.22	29.6
37.2225	30.9875
37.225	30.01875
37.2275	27.6875
37.23	22.6625
37.2325	13.93125
37.235	5.7875
37.2375	3.31875
37.24	4.83125
37.2425	4.9375
37.245	3.6875
37.2475	5.65
37.25	10.59375
37.2525	14.73125
37.255	17.40625
37.2575	18.74375
37.26	17.08125
37.2625	11.85
37.265	5.85
37.2675	4.13125
37.27	9.3
37.2725	15.96875
37.275	15.54375
37.2775	6.6625
37.28	-4.06875
37.2825	-8.74375
37.285	-5.6875
37.2875	2.25625
37.29	11.8125
37.2925	17.225
37.295	13.15
37.2975	4.3625
37.3	-1.9
37.3025	-6.45
37.305	-10.86875
37.3075	-13.90625
37.31	-16.31875
37.3125	-18.38125
37.315	-18.40625
37.3175	-15.69375
37.32	-9.83125
37.3225	-3.5125
37.325	-2.1
37.3275	-6.84375
37.33	-12.75
37.3325	-15.33125
37.335	-13.775
37.3375	-10.175
37.34	-6.1125
37.3425	-1.05625
37.345	3.275
37.3475	2.525
37.35	-3.5
37.3525	-9.525
37.355	-12.75625
37.3575	-11.75
37.36	-7.2875
37.3625	-4.86875
37.365	-5.18125
37.3675	-3.7
37.37	-0.53125
37.3725	0.51875
37.375	-3.3625
37.3775	-13.18125
37.38	-23.2625
37.3825	-26.66875
37.385	-23.66875
37.3875	-16.675
37.39	-10.0125
37.3925	-9.99375
37.395	-15.975
37.3975	-19.50625
37.4	-15.03125
37.4025	-4.79375
37.405	3.325
37.4075	1.5625
37.41	-10.6375
37.4125	-27.025
37.415	-39.9125
37.4175	-44.23125
37.42	-40.25625
37.4225	-33.5125
37.425	-29.56875
37.4275	-30.63125
37.43	-34.1125
37.4325	-34.29375
37.435	-29.01875
37.4375	-22.51875
37.44	-21.225
37.4425	-26.125
37.445	-31.91875
37.4475	-33.68125
37.45	-31.63125
37.4525	-26.99375
37.455	-19.0125
37.4575	-6.85
37.46	5.5
37.4625	8.56875
37.465	-0.09375
37.4675	-11.0125
37.47	-16.0625
37.4725	-15.81875
37.475	-12.975
37.4775	-9.275
37.48	-6.76875
37.4825	-7.5125
37.485	-10.7375
37.4875	-13.425
37.49	-14.73125
37.4925	-15.8875
37.495	-17.3625
37.4975	-18.36875
37.5	-19.29375
37.5025	-21.90625
37.505	-26.34375
37.5075	-29.625
37.51	-28.91875
37.5125	-24.01875
37.515	-16.81875
37.5175	-10.85625
37.52	-8.3125
37.5225	-9.24375
37.525	-12.4375
37.5275	-17.1
37.53	-23.18125
37.5325	-30.1
37.535	-34.8125
37.5375	-33.05
37.54	-27.6875
37.5425	-26.2625
37.545	-30.53125
37.5475	-35.06875
37.55	-35.525
37.5525	-31.20625
37.555	-24.38125
37.5575	-18.7125
37.56	-16.09375
37.5625	-17.5125
37.565	-21.00625
37.5675	-22.725
37.57	-20.01875
37.5725	-12.75625
37.575	-4.23125
37.5775	-1.075
37.58	-5.84375
37.5825	-12.45625
37.585	-14.28125
37.5875	-10.8125
37.59	-5.5375
37.5925	-1.6625
37.595	-1.31875
37.5975	-3.7125
37.6	-5.1875
37.6025	-4.05
37.605	-2.15625
37.6075	-1.95625
37.61	-5.09375
37.6125	-10.4375
37.615	-13.1875
37.6175	-11.4125
37.62	-8.7875
37.6225	-6.86875
37.625	-5.125
37.6275	-6.03125
37.63	-11.21875
37.6325	-18.3375
37.635	-24.325
37.6375	-27.15
37.64	-24.91875
37.6425	-17.54375
37.645	-7.3125
37.6475	0.20625
37.65	-0.4
37.6525	-7.41875
37.655	-13.2625
37.6575	-13.25
37.66	-9.9
37.6625	-7.2875
37.665	-7.50625
37.6675	-8.14375
37.67	-5.15
37.6725	-0.00625
37.675	0.99375
37.6775	-3
37.68	-7.65
37.6825	-11.8125
37.685	-15.7625
37.6875	-17.6625
37.69	-16.8875
37.6925	-16.425
37.695	-17.475
37.6975	-17.04375
37.7	-13.8875
37.7025	-10.0625
37.705	-6.675
37.7075	-2.75625
37.71	0.9875
37.7125	1.64375
37.715	-3.05
37.7175	-11.50625
37.72	-17.7125
37.7225	-18.50625
37.725	-17.6875
37.7275	-20.76875
37.73	-26.6125
37.7325	-28.1375
37.735	-21.025
37.7375	-7.90625
37.74	4.09375
37.7425	7.3625
37.745	-0.78125
37.7475	-14.34375
37.75	-24.76875
37.7525	-28.7
37.755	-26.26875
37.7575	-19.6125
37.76	-14.4
37.7625	-15.5
37.765	-19.1125
37.7675	-18.49375
37.77	-15.28125
37.7725	-13.40625
37.775	-12.3625
37.7775	-13.06875
37.78	-17.63125
37.7825	-23.125
37.785	-24.71875
37.7875	-22.71875
37.79	-21.8125
37.7925	-25.36875
37.795	-31.4625
37.7975	-35.575
37.8	-34.71875
37.8025	-28.34375
37.805	-20.175
37.8075	-16.15625
37.81	-19
37.8125	-24.1
37.815	-24.75625
37.8175	-20.06875
37.82	-15.35
37.8225	-15.5375
37.825	-19.38125
37.8275	-23.05625
37.83	-24.95
37.8325	-24.74375
37.835	-21.26875
37.8375	-16.825
37.84	-16.3125
37.8425	-20.00625
37.845	-24.13125
37.8475	-25.2375
37.85	-22.06875
37.8525	-15.9375
37.855	-10.10625
37.8575	-7.55625
37.86	-8.06875
37.8625	-10.30625
37.865	-13.975
37.8675	-17.43125
37.87	-18.7625
37.8725	-18.5375
37.875	-17.4125
37.8775	-14.85
37.88	-12.275
37.8825	-11.4375
37.885	-12.475
37.8875	-15.20625
37.89	-18.34375
37.8925	-20.31875
37.895	-21.05
37.8975	-20.8125
37.9	-19.38125
37.9025	-17.53125
37.905	-15.39375
37.9075	-15.40625
37.91	-23.43125
37.9125	-36.91875
37.915	-45.725
37.9175	-45.775
37.92	-38.89375
37.9225	-28.30625
37.925	-19.43125
37.9275	-16.00625
37.93	-15.525
37.9325	-15.64375
37.935	-17.09375
37.9375	-19.025
37.94	-19.025
37.9425	-18.01875
37.945	-18.6125
37.9475	-18.63125
37.95	-16.24375
37.9525	-14.3625
37.955	-15.88125
37.9575	-18.99375
37.96	-21.09375
37.9625	-21.15625
37.965	-18.0125
37.9675	-13.41875
37.97	-10.65625
37.9725	-9.4375
37.975	-8.50625
37.9775	-8.45
37.98	-7.59375
37.9825	-4.44375
37.985	-0.475
37.9875	3.2625
37.99	5.84375
37.9925	4.78125
37.995	-1.55625
37.9975	-10.89375
38	-17.6625
38.0025	-18.7875
38.005	-17.7
38.0075	-17.3875
38.01	-15.75625
38.0125	-13.7625
38.015	-14.41875
38.0175	-14.53125
38.02	-10.4
38.0225	-5.81875
38.025	-5.49375
38.0275	-8.5375
38.03	-11.50625
38.0325	-12.09375
38.035	-10.7625
38.0375	-7.73125
38.04	-3.21875
38.0425	0.84375
38.045	2.925
38.0475	2.56875
38.05	1.05
38.0525	0.975
38.055	2.84375
38.0575	4.55
38.06	3.84375
38.0625	0.69375
38.065	-1.86875
38.0675	-1.4125
38.07	0.34375
38.0725	0.84375
38.075	-0.1
38.0775	-2.1875
38.08	-6.4375
38.0825	-11.7
38.085	-12.35
38.0875	-7.93125
38.09	-5.15625
38.0925	-6.975
38.095	-9.78125
38.0975	-10.05
38.1	-6.2375
38.1025	0.63125
38.105	6.66875
38.1075	9.1125
38.11	8.1
38.1125	5.41875
38.115	3.3875
38.1175	3.9875
38.12	6.0875
38.1225	5.70625
38.125	1.2875
38.1275	-3.8375
38.13	-7.16875
38.1325	-7.81875
38.135	-4.9875
38.1375	-2.675
38.14	-6.7125
38.1425	-16.56875
38.145	-25.8375
38.1475	-29.6875
38.15	-26.53125
38.1525	-19.40625
38.155	-8.4375
38.1575	6.33125
38.16	14.0375
38.1625	6.6625
38.165	-5.9875
38.1675	-10.50625
38.17	-6.875
38.1725	-1.41875
38.175	1.6375
38.1775	2.36875
38.18	2.1375
38.1825	2.31875
38.185	5.75625
38.1875	13.05625
38.19	18.01875
38.1925	13.63125
38.195	2.6125
38.1975	-5.5375
38.2	-6.1125
38.2025	1.10625
38.205	12.09375
38.2075	15.76875
38.21	7.45
38.2125	-4.05
38.215	-10.31875
38.2175	-11.1
38.22	-9.39375
38.2225	-9.08125
38.225	-10.5625
38.2275	-10.26875
38.23	-8.33125
38.2325	-8.30625
38.235	-8.20625
38.2375	-6.35625
38.24	-6.78125
38.2425	-9.24375
38.245	-11.38125
38.2475	-14.775
38.25	-18.68125
38.2525	-19.825
38.255	-19.25625
38.2575	-17.325
38.26	-12.9625
38.2625	-7
38.265	0.6125
38.2675	11.70625
38.27	22.78125
38.2725	24.41875
38.275	15.69375
38.2775	5.33125
38.28	-2.025
38.2825	-5.93125
38.285	-4.79375
38.2875	-1.15
38.29	0.3375
38.2925	-0.21875
38.295	-0.36875
38.2975	0.84375
38.3	3.58125
38.3025	6.4
38.305	7.33125
38.3075	5.59375
38.31	1.73125
38.3125	-2.69375
38.315	-6.91875
38.3175	-11.075
38.32	-12.71875
38.3225	-10.06875
38.325	-6.14375
38.3275	-3.00625
38.33	-0.28125
38.3325	1.95625
38.335	2.98125
38.3375	2.69375
38.34	1.34375
38.3425	0.06875
38.345	0.5875
38.3475	4.2625
38.35	10.73125
38.3525	16.58125
38.355	17.4375
38.3575	12.59375
38.36	5.475
38.3625	0.39375
38.365	0.6125
38.3675	2.625
38.37	-0.525
38.3725	-8.5625
38.375	-14.66875
38.3775	-17.6125
38.38	-18.8375
38.3825	-14.9375
38.385	-4.975
38.3875	4.5625
38.39	6.25625
38.3925	-0.78125
38.395	-11.15
38.3975	-17.61875
38.4	-18.70625
38.4025	-17.46875
38.405	-15.74375
38.4075	-13.08125
38.41	-9.6875
38.4125	-8.5
38.415	-10.35
38.4175	-11.4875
38.42	-8.41875
38.4225	-2.61875
38.425	1.60625
38.4275	1.73125
38.43	-0.06875
38.4325	-0.05625
38.435	5.64375
38.4375	18.68125
38.44	32.08125
38.4425	34.58125
38.445	23.91875
38.4475	8.96875
38.45	-1
38.4525	-4.01875
38.455	-2.51875
38.4575	0.65
38.46	2.05
38.4625	0.15625
38.465	-3.59375
38.4675	-8.725
38.47	-12.8125
38.4725	-11.95625
38.475	-9.425
38.4775	-11.03125
38.48	-15.19375
38.4825	-18.99375
38.485	-24.11875
38.4875	-30.63125
38.49	-36.175
38.4925	-39.99375
38.495	-43.20625
38.4975	-46.15
38.5	-47.1375
38.5025	-44.425
38.505	-39.73125
38.5075	-36.19375
38.51	-34.2
38.5125	-32.15
38.515	-29.4
38.5175	-26.8125
38.52	-25.61875
38.5225	-26.21875
38.525	-27.9375
38.5275	-31.86875
38.53	-39.16875
38.5325	-44.45625
38.535	-40.58125
38.5375	-31.1625
38.54	-27.7875
38.5425	-31.6625
38.545	-35.2625
38.5475	-39.425
38.55	-49.4875
38.5525	-62.21875
38.555	-70.8625
38.5575	-74.675
38.56	-73.54375
38.5625	-67.78125
38.565	-62.19375
38.5675	-61.225
38.57	-62.7625
38.5725	-63.025
38.575	-61.86875
38.5775	-61.96875
38.58	-67.48125
38.5825	-78.175
38.585	-87.5625
38.5875	-89.175
38.59	-83.7625
38.5925	-74.95625
38.595	-65.93125
38.5975	-61.025
38.6	-62.3625
38.6025	-66.9
38.605	-71.8625
38.6075	-78.83125
38.61	-87.95625
38.6125	-93.75
38.615	-90.55625
38.6175	-81.65625
38.62	-73.7125
38.6225	-68.375
38.625	-64.25
38.6275	-59.2125
38.63	-52.50625
38.6325	-46.25625
38.635	-41.225
38.6375	-36.65
38.64	-33.475
38.6425	-34.68125
38.645	-40.94375
38.6475	-47.68125
38.65	-49.925
38.6525	-47.325
38.655	-42.35
38.6575	-38.88125
38.66	-40.0875
38.6625	-44.89375
38.665	-50.99375
38.6675	-55.2875
38.67	-54.96875
38.6725	-52.5375
38.675	-52.85
38.6775	-55.7125
38.68	-59.10625
38.6825	-63.11875
38.685	-64.51875
38.6875	-57.0125
38.69	-43.1375
38.6925	-36.3625
38.695	-41.13125
38.6975	-45.64375
38.7	-40.9375
38.7025	-33.14375
38.705	-28.775
38.7075	-26.01875
38.71	-25.56875
38.7125	-30.51875
38.715	-35.85
38.7175	-34.61875
38.72	-29.6375
38.7225	-25.575
38.725	-23.85
38.7275	-25.63125
38.73	-30.40625
38.7325	-34.85625
38.735	-36.63125
38.7375	-36.21875
38.74	-35.84375
38.7425	-37.325
38.745	-40.50625
38.7475	-43.6875
38.75	-45.125
38.7525	-44.35625
38.755	-43.2625
38.7575	-42.625
38.76	-41
38.7625	-40.39375
38.765	-44.24375
38.7675	-51.6375
38.77	-57.1875
38.7725	-56.9125
38.775	-53.5375
38.7775	-52.7625
38.78	-54.2
38.7825	-53.2
38.785	-49.44375
38.7875	-46.91875
38.79	-48.35
38.7925	-51.43125
38.795	-51.09375
38.7975	-44.44375
38.8	-32.825
38.8025	-22.525
38.805	-20.575
38.8075	-26.9375
38.81	-34.91875
38.8125	-38.075
38.815	-34.6
38.8175	-26.25
38.82	-16
38.8225	-8.78125
38.825	-8.98125
38.8275	-14.85
38.83	-20.775
38.8325	-23.34375
38.835	-22.5375
38.8375	-19.76875
38.84	-15.99375
38.8425	-14.25
38.845	-18.28125
38.8475	-24.13125
38.85	-26.175
38.8525	-26.81875
38.855	-28.24375
38.8575	-28.24375
38.86	-26.75
38.8625	-26.06875
38.865	-26.75625
38.8675	-27.30625
38.87	-27.7125
38.8725	-31.1
38.875	-37.05625
38.8775	-40.5625
38.88	-39.95625
38.8825	-37.0625
38.885	-32.68125
38.8875	-27.3875
38.89	-22.91875
38.8925	-20.05
38.895	-17.64375
38.8975	-12.3375
38.9	-2.26875
38.9025	7.6875
38.905	9.20625
38.9075	-0.01875
38.91	-13.63125
38.9125	-23.3375
38.915	-24.30625
38.9175	-18.16875
38.92	-11.9875
38.9225	-12.3125
38.925	-18.63125
38.9275	-25.50625
38.93	-29.75
38.9325	-28.54375
38.935	-17.60625
38.9375	-2.8625
38.94	-0.5875
38.9425	-15.6125
38.945	-32.9125
38.9475	-38.03125
38.95	-32.55625
38.9525	-26.31875
38.955	-24.56875
38.9575	-24.79375
38.96	-23.375
38.9625	-18.85
38.965	-10.68125
38.9675	-0.60625
38.97	7.19375
38.9725	10.30625
38.975	9.1625
38.9775	5.18125
38.98	0.96875
38.9825	-1.63125
38.985	-3.16875
38.9875	-3.775
38.99	-3.7
38.9925	-3.95
38.995	-5.475
38.9975	-7.0375
39	-5.56875
39.0025	-0.98125
39.005	2.5875
39.0075	0.6125
39.01	-6.40625
39.0125	-13.74375
39.015	-16.5
39.0175	-14.06875
39.02	-11.25625
39.0225	-12.70625
39.025	-16.9625
39.0275	-20.50625
39.03	-21.68125
39.0325	-18.1875
39.035	-13
39.0375	-12.95625
39.04	-17.68125
39.0425	-20.14375
39.045	-17.025
39.0475	-9.75625
39.05	-0.76875
39.0525	8.2625
39.055	18.0625
39.0575	26.30625
39.06	25.01875
39.0625	12.5125
39.065	-0.2625
39.0675	-3.59375
39.07	1.7375
39.0725	9.90625
39.075	14.525
39.0775	12.925
39.08	7.80625
39.0825	2.50625
39.085	-0.225
39.0875	0.70625
39.09	2.1375
39.0925	-0.225
39.095	-6.15625
39.0975	-12.13125
39.1	-15.0125
39.1025	-13.8875
39.105	-9.9875
39.1075	-6.925
39.11	-8.15
39.1125	-12.2625
39.115	-14.3875
39.1175	-12.3
39.12	-7.7125
39.1225	-3.53125
39.125	-2.0125
39.1275	-3.51875
39.13	-7.15625
39.1325	-10.01875
39.135	-9.31875
39.1375	-6.8375
39.14	-4.9875
39.1425	-2.90625
39.145	-1.5375
39.1475	-2.675
39.15	-2.68125
39.1525	1.65
39.155	7.71875
39.1575	12.75625
39.16	14.96875
39.1625	12.9625
39.165	8.89375
39.1675	6.25625
39.17	4.9875
39.1725	3.11875
39.175	-0.2375
39.1775	-4.98125
39.18	-10.0375
39.1825	-13.75
39.185	-15.20625
39.1875	-14.08125
39.19	-11.4625
39.1925	-10.15
39.195	-10.79375
39.1975	-12.7625
39.2	-17.3
39.2025	-22.81875
39.205	-24.73125
39.2075	-21.48125
39.21	-14.28125
39.2125	-8.025
39.215	-7.15
39.2175	-8.79375
39.22	-9.46875
39.2225	-13.0625
39.225	-20.8125
39.2275	-26.85
39.23	-26.0625
39.2325	-18.95625
39.235	-10.65
39.2375	-4.18125
39.24	0.65
39.2425	2
39.245	-2.8625
39.2475	-9.64375
39.25	-12.00625
39.2525	-10.6
39.255	-9.8375
39.2575	-10.5125
39.26	-12.1375
39.2625	-15.86875
39.265	-19.46875
39.2675	-18.2125
39.27	-13.5375
39.2725	-11.2875
39.275	-12.675
39.2775	-14.8125
39.28	-16.2625
39.2825	-16.93125
39.285	-13.1375
39.2875	-3.5
39.29	2.8125
39.2925	-2.76875
39.295	-14.875
39.2975	-23.14375
39.3	-24.94375
39.3025	-22.49375
39.305	-18.30625
39.3075	-13.79375
39.31	-11.29375
39.3125	-15.575
39.315	-26.525
39.3175	-35.68125
39.32	-36.10625
39.3225	-30.0625
39.325	-23.80625
39.3275	-20.41875
39.33	-17.38125
39.3325	-11.04375
39.335	-3.45
39.3375	0.66875
39.34	1.06875
39.3425	0.65625
39.345	0.5625
39.3475	0.48125
39.35	0.40625
39.3525	0.89375
39.355	1.55625
39.3575	-0.06875
39.36	-4.49375
39.3625	-10.13125
39.365	-16.06875
39.3675	-20.175
39.37	-17.9875
39.3725	-9.175
39.375	-1.5125
39.3775	-3.31875
39.38	-13.5
39.3825	-24.56875
39.385	-32.45
39.3875	-36.69375
39.39	-37.7
39.3925	-37.44375
39.395	-37.4375
39.3975	-36.39375
39.4	-33.21875
39.4025	-30.275
39.405	-28.7875
39.4075	-25.2625
39.41	-17.30625
39.4125	-7.65
39.415	0.43125
39.4175	6.75625
39.42	13.03125
39.4225	19.54375
39.425	22.68125
39.4275	20.68125
39.43	18
39.4325	17.8625
39.435	18
39.4375	15.7625
39.44	9.5125
39.4425	-1.275
39.445	-15.3375
39.4475	-30.0875
39.45	-39.71875
39.4525	-38.675
39.455	-27.8
39.4575	-14.28125
39.46	-7.425
39.4625	-11.19375
39.465	-20.90625
39.4675	-29.2625
39.47	-32.13125
39.4725	-31.125
39.475	-33.46875
39.4775	-41.60625
39.48	-46.95625
39.4825	-42.4
39.485	-31.7
39.4875	-20.525
39.49	-11.75
39.4925	-8.81875
39.495	-11.7625
39.4975	-15.11875
39.5	-14.26875
39.5025	-10.23125
39.505	-7.325
39.5075	-7.08125
39.51	-6.6875
39.5125	-2.45625
39.515	6.1875
39.5175	13.55625
39.52	13.975
39.5225	10.73125
39.525	8.86875
39.5275	7.15625
39.53	4.6125
39.5325	4.4875
39.535	8.85625
39.5375	13.05625
39.54	10.8375
39.5425	3.18125
39.545	-3.425
39.5475	-5.425
39.55	-4.875
39.5525	-2.88125
39.555	1.29375
39.5575	4.28125
39.56	2.36875
39.5625	-1.10625
39.565	-1.175
39.5675	2.2625
39.57	6.6875
39.5725	8.475
39.575	6.16875
39.5775	1.58125
39.58	-2.48125
39.5825	-3.03125
39.585	1.3
39.5875	8.2375
39.59	12.54375
39.5925	11.50625
39.595	7.18125
39.5975	3.85625
39.6	6.03125
39.6025	12.925
39.605	16.0125
39.6075	10.14375
39.61	1.46875
39.6125	-1.475
39.615	3.375
39.6175	14.69375
39.62	29.99375
39.6225	41.23125
39.625	40.05625
39.6275	29.3
39.63	18.8125
39.6325	12.75
39.635	10.25
39.6375	13.18125
39.64	23.7875
39.6425	34.69375
39.645	34.93125
39.6475	25.10625
39.65	15.41875
39.6525	12.46875
39.655	15.1625
39.6575	18.66875
39.66	20.075
39.6625	19.55625
39.665	15.88125
39.6675	8.7
39.67	1.775
39.6725	-0.9
39.675	0.0375
39.6775	2.46875
39.68	6.0125
39.6825	10
39.685	13.2875
39.6875	16.04375
39.69	19.8125
39.6925	24.4875
39.695	27.9125
39.6975	30.5875
39.7	34.475
39.7025	36.85
39.705	34.78125
39.7075	31.7
39.71	31.9625
39.7125	35.16875
39.715	39.43125
39.7175	43.93125
39.72	48.4375
39.7225	52.1375
39.725	52.6
39.7275	48.15
39.73	41.21875
39.7325	36.99375
39.735	37.425
39.7375	40.83125
39.74	43.5125
39.7425	39.35
39.745	29.4875
39.7475	21.9125
39.75	17.9625
39.7525	14.08125
39.755	10.78125
39.7575	7.98125
39.76	3.58125
39.7625	0.63125
39.765	1.85
39.7675	5.85
39.77	12.04375
39.7725	19.41875
39.775	21.275
39.7775	14.4
39.78	6.8
39.7825	5.725
39.785	9.9875
39.7875	15.05
39.79	17.29375
39.7925	14.99375
39.795	9.50625
39.7975	4.7
39.8	3.25625
39.8025	4.65625
39.805	6.66875
39.8075	7.4625
39.81	6.78125
39.8125	6.13125
39.815	7.7125
39.8175	11.9375
39.82	16.63125
39.8225	19.35625
39.825	19.80625
39.8275	19.7375
39.83	22.05
39.8325	27.75
39.835	33.45
39.8375	35.78125
39.84	35.5625
39.8425	34.01875
39.845	30.96875
39.8475	29.23125
39.85	29.73125
39.8525	28.53125
39.855	25.4
39.8575	24.20625
39.86	24.76875
39.8625	25.1625
39.865	26.83125
39.8675	32.34375
39.87	40.90625
39.8725	46.65625
39.875	43.6
39.8775	31.35
39.88	15.35625
39.8825	3.13125
39.885	-1.36875
39.8875	-1.0375
39.89	-1.65
39.8925	-4.86875
39.895	-7.98125
39.8975	-9.24375
39.9	-8.9875
39.9025	-7.075
39.905	-3.74375
39.9075	-0.7125
39.91	-0.93125
39.9125	-5.775
39.915	-11.0625
39.9175	-12.18125
39.92	-9.65
39.9225	-6.0875
39.925	-2.79375
39.9275	-1.06875
39.93	-1.65625
39.9325	-2.55
39.935	-0.21875
39.9375	6.63125
39.94	15.59375
39.9425	22.33125
39.945	22.775
39.9475	18.65
39.95	16.7125
39.9525	18.6125
39.955	19.43125
39.9575	18.73125
39.96	18.18125
39.9625	14.66875
39.965	8.2625
39.9675	5.15625
39.97	7.25
39.9725	11.2125
39.975	14.73125
39.9775	15.64375
39.98	12.88125
39.9825	9.11875
39.985	10.83125
39.9875	18.0625
39.99	20.05625
39.9925	12.2125
39.995	3.90625
39.9975	1.375
40	1.40625
40.0025	2.89375
40.005	6.06875
40.0075	8.50625
40.01	9.1625
40.0125	8.4375
40.015	5.09375
40.0175	-0.64375
40.02	-6.0875
40.0225	-9.74375
40.025	-11.44375
40.0275	-11.84375
40.03	-12.19375
40.0325	-11.5
40.035	-7.2125
40.0375	-1.3625
40.04	0.59375
40.0425	-1.48125
40.045	-3.0625
40.0475	-2.88125
40.05	-2.725
40.0525	-2.95625
40.055	-3.7
40.0575	-5.6625
40.06	-8.3125
40.0625	-9.01875
40.065	-7.89375
40.0675	-6.425
40.07	-2.68125
40.0725	1.15625
40.075	-1.41875
40.0775	-11.55
40.08	-24.90625
40.0825	-36.49375
40.085	-39.49375
40.0875	-33.08125
40.09	-26.50625
40.0925	-27.08125
40.095	-31.7875
40.0975	-33.31875
40.1	-30.34375
40.1025	-25.30625
40.105	-19.45625
40.1075	-13.24375
40.11	-8.01875
40.1125	-6.675
40.115	-10.0625
40.1175	-13.8625
40.12	-14.00625
40.1225	-11.58125
40.125	-9.075
40.1275	-7.46875
40.13	-6.19375
40.1325	-3.1
40.135	2.2125
40.1375	8.4375
40.14	14.73125
40.1425	19.64375
40.145	20.98125
40.1475	19.41875
40.15	18.24375
40.1525	17.45625
40.155	14.375
40.1575	9.98125
40.16	7.8125
40.1625	9.55625
40.165	12.88125
40.1675	11.30625
40.17	3.78125
40.1725	-3.175
40.175	-6.85625
40.1775	-9.51875
40.18	-11.75625
40.1825	-13.01875
40.185	-12.05625
40.1875	-7.79375
40.19	-4.29375
40.1925	-6.4375
40.195	-11.75625
40.1975	-13.6
40.2	-7.85625
40.2025	3.01875
40.205	8.38125
40.2075	0.775
40.21	-12.09375
40.2125	-18.56875
40.215	-17.04375
40.2175	-11.04375
40.22	-2.68125
40.2225	5.69375
40.225	11.40625
40.2275	13.29375
40.23	11.90625
40.2325	8.825
40.235	5.925
40.2375	4.5625
40.24	4.775
40.2425	6.2125
40.245	8.19375
40.2475	9.375
40.25	8.63125
40.2525	7.8
40.255	9.80625
40.2575	14.8625
40.26	20
40.2625	20.4875
40.265	13.81875
40.2675	5.34375
40.27	3.21875
40.2725	5.15625
40.275	2.75625
40.2775	-6
40.28	-16.1375
40.2825	-21.59375
40.285	-19.925
40.2875	-15.70625
40.29	-16.66875
40.2925	-22.98125
40.295	-27.33125
40.2975	-26.425
40.3	-24.3875
40.3025	-24.39375
40.305	-23.84375
40.3075	-19.43125
40.31	-11.83125
40.3125	-5.54375
40.315	-3.08125
40.3175	-1.84375
40.32	1.725
40.3225	8.41875
40.325	15.19375
40.3275	18.45
40.33	19.075
40.3325	20.05
40.335	20.4125
40.3375	17.94375
40.34	14.8625
40.3425	14.275
40.345	13.725
40.3475	7.7875
40.35	-2.325
40.3525	-9.425
40.355	-11.1375
40.3575	-11.55625
40.36	-13.45625
40.3625	-16.75625
40.365	-18.975
40.3675	-17.725
40.37	-13.3625
40.3725	-7.0375
40.375	-4.76875
40.3775	-13.75625
40.38	-27.7875
40.3825	-34.0375
40.385	-32.0125
40.3875	-27.825
40.39	-23.09375
40.3925	-17.23125
40.395	-11.45
40.3975	-8.0125
40.4	-6.99375
40.4025	-6.28125
40.405	-3.5375
40.4075	1.29375
40.41	7.8125
40.4125	15.2125
40.415	22.475
40.4175	26.6625
40.42	22.90625
40.4225	12.04375
40.425	2.3375
40.4275	-1.04375
40.43	-0.3
40.4325	3.74375
40.435	9.89375
40.4375	14.05
40.44	12.8625
40.4425	6.375
40.445	-0.9375
40.4475	-4.8875
40.45	-5.6875
40.4525	-6.00625
40.455	-7.56875
40.4575	-9.43125
40.46	-9.5125
40.4625	-7.35
40.465	-4.2375
40.4675	-1.2125
40.47	1.8625
40.4725	4.5375
40.475	5.09375
40.4775	3.73125
40.48	3.1875
40.4825	2.40625
40.485	-1.73125
40.4875	-6.39375
40.49	-5.75625
40.4925	-1.16875
40.495	1.7875
40.4975	3.91875
40.5	8.9375
40.5025	16.25
40.505	21.5
40.5075	20.26875
40.51	12.8
40.5125	5.2
40.515	2
40.5175	2.91875
40.52	5.6875
40.5225	7.20625
40.525	5.9375
40.5275	2.90625
40.53	-0.2
40.5325	-1.70625
40.535	-0.4875
40.5375	2.3875
40.54	5.56875
40.5425	7.81875
40.545	7.28125
40.5475	4.24375
40.55	2.1875
40.5525	2.94375
40.555	4.01875
40.5575	0.93125
40.56	-7.475
40.5625	-16.9
40.565	-20.59375
40.5675	-15.9375
40.57	-9.675
40.5725	-8.7
40.575	-11.41875
40.5775	-14.94375
40.58	-17.44375
40.5825	-13.81875
40.585	-4.44375
40.5875	1.11875
40.59	-0.9125
40.5925	-5.2875
40.595	-7.09375
40.5975	-7.49375
40.6	-10.64375
40.6025	-15.1625
40.605	-15.78125
40.6075	-12.70625
40.61	-9.96875
40.6125	-9.025
40.615	-9.08125
40.6175	-8.5375
40.62	-9.54375
40.6225	-15.7125
40.625	-23.30625
40.6275	-24.8625
40.63	-21.8
40.6325	-20.9375
40.635	-23.29375
40.6375	-24.4125
40.64	-23.1875
40.6425	-23.06875
40.645	-25
40.6475	-26.40625
40.65	-26.74375
40.6525	-27.5375
40.655	-28.5625
40.6575	-30.2375
40.66	-34.21875
40.6625	-38.3625
40.665	-38.325
40.6675	-33.6875
40.67	-27.24375
40.6725	-21.86875
40.675	-19.44375
40.6775	-20.06875
40.68	-21.8125
40.6825	-22.225
40.685	-20.4
40.6875	-17.15625
40.69	-13.53125
40.6925	-10.1
40.695	-9.54375
40.6975	-14.33125
40.7	-20.71875
40.7025	-22.1625
40.705	-19.20625
40.7075	-17.925
40.71	-19.41875
40.7125	-20.6
40.715	-21.78125
40.7175	-25.28125
40.72	-26.73125
40.7225	-21.34375
40.725	-19.39375
40.7275	-32.10625
40.73	-50.68125
40.7325	-59.41875
40.735	-57.41875
40.7375	-53.175
40.74	-52.2375
40.7425	-54.325
40.745	-56.5
40.7475	-58.5
40.75	-60.65
40.7525	-61.39375
40.755	-58.68125
40.7575	-51.79375
40.76	-41.95
40.7625	-33.78125
40.765	-33.09375
40.7675	-39.14375
40.77	-44.1875
40.7725	-43.10625
40.775	-39.28125
40.7775	-37.88125
40.78	-38.1
40.7825	-36.10625
40.785	-32.05
40.7875	-27.4
40.79	-21.80625
40.7925	-17.65
40.795	-19.3
40.7975	-24.19375
40.8	-24.13125
40.8025	-20.575
40.805	-21.7375
40.8075	-25.85625
40.81	-25.11875
40.8125	-23.14375
40.815	-27.71875
40.8175	-35.59375
40.82	-40.0875
40.8225	-40.125
40.825	-38.475
40.8275	-35.76875
40.83	-31.94375
40.8325	-31.225
40.835	-36.25625
40.8375	-41.38125
40.84	-42.2625
40.8425	-42.63125
40.845	-43.34375
40.8475	-42.0875
40.85	-39.025
40.8525	-33.40625
40.855	-27.31875
40.8575	-25.64375
40.86	-26.20625
40.8625	-25.53125
40.865	-29.09375
40.8675	-36.6125
40.87	-39.41875
40.8725	-38.6
40.875	-39.56875
40.8775	-40.775
40.88	-39.9125
40.8825	-34.4375
40.885	-23.65
40.8875	-15.8125
40.89	-14.41875
40.8925	-14.625
40.895	-18.625
40.8975	-31.3625
40.9	-45.38125
40.9025	-50.93125
40.905	-48.0375
40.9075	-42.26875
40.91	-38.475
40.9125	-34.45
40.915	-25.81875
40.9175	-18.75625
40.92	-22.7625
40.9225	-34.775
40.925	-46.23125
40.9275	-53.25
40.93	-52.98125
40.9325	-46.2625
40.935	-40.95
40.9375	-41.69375
40.94	-43.98125
40.9425	-43.6375
40.945	-42.3
40.9475	-40.61875
40.95	-38.23125
40.9525	-36.7125
40.955	-36.85625
40.9575	-39.14375
40.96	-44.3375
40.9625	-49.78125
40.965	-51.2125
40.9675	-45.44375
40.97	-35.16875
40.9725	-30.39375
40.975	-35.85625
40.9775	-45.9625
40.98	-52.5375
40.9825	-51.55
40.985	-46.2
40.9875	-41.6125
40.99	-38.26875
40.9925	-37.94375
40.995	-44.8625
40.9975	-55.05625
41	-59.91875
41.0025	-55.84375
41.005	-45.65
41.0075	-37.925
41.01	-38.85
41.0125	-47.35625
41.015	-57.925
41.0175	-64.78125
41.02	-65.95625
41.0225	-64.86875
41.025	-64.375
41.0275	-63.05625
41.03	-59.7125
41.0325	-54.43125
41.035	-48.3
41.0375	-43.63125
41.04	-38.86875
41.0425	-31.725
41.045	-26.7625
41.0475	-28.525
41.05	-32.66875
41.0525	-33.225
41.055	-31.64375
41.0575	-31.175
41.06	-31.56875
41.0625	-31.59375
41.065	-32.34375
41.0675	-34.35
41.07	-35.11875
41.0725	-34.5875
41.075	-33.18125
41.0775	-29.7625
41.08	-28.59375
41.0825	-34.5
41.085	-41.8875
41.0875	-41.66875
41.09	-35.33125
41.0925	-26.3375
41.095	-16.5625
41.0975	-12.5125
41.1	-17.55625
41.1025	-23.80625
41.105	-24.9875
41.1075	-27.56875
41.11	-37.03125
41.1125	-48.25
41.115	-53.2375
41.1175	-51.10625
41.12	-45.08125
41.1225	-39.8
41.125	-39.575
41.1275	-43.38125
41.13	-45.7875
41.1325	-42.9875
41.135	-34.4625
41.1375	-21.1625
41.14	-7.8375
41.1425	0.01875
41.145	1.9625
41.1475	3.60625
41.15	9.675
41.1525	16.25625
41.155	17.7
41.1575	16.1625
41.16	15.99375
41.1625	15.7625
41.165	14.06875
41.1675	11.8375
41.17	10.075
41.1725	11.375
41.175	16.11875
41.1775	18.6875
41.18	14.3625
41.1825	6.95
41.185	2.6625
41.1875	2.14375
41.19	2.7625
41.1925	2.15625
41.195	-0.1125
41.1975	-2.3875
41.2	-3.63125
41.2025	-4.58125
41.205	-5.01875
41.2075	-4.15625
41.21	-4.11875
41.2125	-6.43125
41.215	-7.3125
41.2175	-5.19375
41.22	-4.46875
41.2225	-6.11875
41.225	-11.10625
41.2275	-22.3375
41.23	-32.35
41.2325	-30.63125
41.235	-21
41.2375	-11.575
41.24	-4.8125
41.2425	-1.3375
41.245	0.05
41.2475	0.46875
41.25	-1.675
41.2525	-6.5875
41.255	-11.0875
41.2575	-12.425
41.26	-9.00625
41.2625	-0.09375
41.265	12.99375
41.2675	21.81875
41.27	16.325
41.2725	-0.90625
41.275	-18.55
41.2775	-30.125
41.28	-33.9125
41.2825	-28.85
41.285	-17.4875
41.2875	-4.99375
41.29	1.88125
41.2925	-1.13125
41.295	-10.525
41.2975	-18.95
41.3	-21.05625
41.3025	-18.1875
41.305	-16.8625
41.3075	-17.64375
41.31	-15.1875
41.3125	-10.75625
41.315	-9.6875
41.3175	-12.00625
41.32	-14.4
41.3225	-14
41.325	-10
41.3275	-5.1
41.33	-1.88125
41.3325	0.95
41.335	4.45625
41.3375	7.88125
41.34	11.38125
41.3425	13.75
41.345	11.66875
41.3475	7.875
41.35	6.49375
41.3525	5.1
41.355	4.66875
41.3575	7.5375
41.36	9.3125
41.3625	7.5875
41.365	7.81875
41.3675	12.86875
41.37	17.46875
41.3725	15.45625
41.375	6.94375
41.3775	-1.975
41.38	-5.625
41.3825	-1.8125
41.385	6.125
41.3875	14.1875
41.39	19.5125
41.3925	16.54375
41.395	4.7875
41.3975	-5.7875
41.4	-9.91875
41.4025	-13.64375
41.405	-19.38125
41.4075	-22.60625
41.41	-21.0875
41.4125	-15.9125
41.415	-8.11875
41.4175	-0.69375
41.42	4.61875
41.4225	9.825
41.425	14.09375
41.4275	14.71875
41.43	13.975
41.4325	15.23125
41.435	19.50625
41.4375	28.35
41.44	40.28125
41.4425	45.68125
41.445	35.425
41.4475	14.9125
41.45	-0.1125
41.4525	-1.44375
41.455	5.775
41.4575	13.975
41.46	20
41.4625	22.5125
41.465	22.21875
41.4675	21.10625
41.47	19.14375
41.4725	16.26875
41.475	14.3375
41.4775	12.15
41.48	7.85
41.4825	4.1125
41.485	2.3875
41.4875	1.3375
41.49	1.91875
41.4925	4.59375
41.495	3.74375
41.4975	-3.4
41.5	-11.90625
41.5025	-16.91875
41.505	-17.5375
41.5075	-14.95
41.51	-11.56875
41.5125	-8.7375
41.515	-5.25625
41.5175	-0.3375
41.52	5.325
41.5225	8.4625
41.525	7.2625
41.5275	6.09375
41.53	9.71875
41.5325	16.3375
41.535	19.76875
41.5375	17.275
41.54	12.2125
41.5425	7.95625
41.545	4.49375
41.5475	2.14375
41.55	3.18125
41.5525	8.05
41.555	13.95
41.5575	18.49375
41.56	21.63125
41.5625	23.55
41.565	25.15625
41.5675	28.6375
41.57	32.68125
41.5725	34.39375
41.575	33.25
41.5775	25.13125
41.58	7.45
41.5825	-10.64375
41.585	-16.93125
41.5875	-10
41.59	-1.43125
41.5925	-3.9
41.595	-15.44375
41.5975	-23.49375
41.6	-23.0375
41.6025	-17.025
41.605	-9.66875
41.6075	-4.63125
41.61	-2.7875
41.6125	-2.79375
41.615	-2.2875
41.6175	0.3
41.62	3.25625
41.6225	3.2625
41.625	-0.79375
41.6275	-7.18125
41.63	-11.84375
41.6325	-11.18125
41.635	-6.3125
41.6375	-0.675
41.64	3.54375
41.6425	2.8625
41.645	-3.075
41.6475	-8.40625
41.65	-9.00625
41.6525	-6.325
41.655	-4.0375
41.6575	-4.76875
41.66	-7.11875
41.6625	-7.45
41.665	-4.3875
41.6675	0.13125
41.67	1.5125
41.6725	-2.425
41.675	-7.8375
41.6775	-11.2125
41.68	-12.59375
41.6825	-11.41875
41.685	-8.0875
41.6875	-4.18125
41.69	-1.0875
41.6925	1.43125
41.695	2.03125
41.6975	-3.29375
41.7	-12.3125
41.7025	-15.575
41.705	-9.16875
41.7075	1.09375
41.71	9.7375
41.7125	14.26875
41.715	17.3875
41.7175	21.49375
41.72	22.3375
41.7225	17.01875
41.725	9.85
41.7275	6.20625
41.73	7.15625
41.7325	10.55625
41.735	14.56875
41.7375	19.75
41.74	24.89375
41.7425	27.48125
41.745	26.96875
41.7475	23.90625
41.75	19.19375
41.7525	13.6625
41.755	9.525
41.7575	8.60625
41.76	6.41875
41.7625	-0.85
41.765	-8.41875
41.7675	-11.3625
41.77	-11.625
41.7725	-12.31875
41.775	-12.41875
41.7775	-9.84375
41.78	-5.21875
41.7825	-1.7875
41.785	-0.5375
41.7875	-0.29375
41.79	-1.95
41.7925	-7.075
41.795	-13.3375
41.7975	-15.8125
41.8	-13.7
41.8025	-9.875
41.805	-6.4
41.8075	-3.7375
41.81	-3.05625
41.8125	-4.9875
41.815	-7.725
41.8175	-10.275
41.82	-12.9375
41.8225	-15
41.825	-16.8
41.8275	-19.34375
41.83	-20.65
41.8325	-21.86875
41.835	-26.475
41.8375	-31.5125
41.84	-32.5125
41.8425	-30.60625
41.845	-28.8375
41.8475	-27.4625
41.85	-27.35625
41.8525	-30.125
41.855	-33.15625
41.8575	-35.31875
41.86	-40.00625
41.8625	-46.35625
41.865	-47.9875
41.8675	-44.43125
41.87	-39.71875
41.8725	-34.7625
41.875	-28.24375
41.8775	-18.79375
41.88	-9.65625
41.8825	-7.36875
41.885	-12.1125
41.8875	-15.8875
41.89	-14.04375
41.8925	-9.31875
41.895	-5.4125
41.8975	-4.91875
41.9	-6.58125
41.9025	-6.89375
41.905	-6.96875
41.9075	-9.8625
41.91	-14.15625
41.9125	-16.35
41.915	-13.6
41.9175	-4.875
41.92	1.725
41.9225	-4.2625
41.925	-19.3875
41.9275	-32.25
41.93	-39.09375
41.9325	-40.79375
41.935	-36.81875
41.9375	-29.84375
41.94	-25.24375
41.9425	-25.6875
41.945	-28.49375
41.9475	-29.275
41.95	-27.23125
41.9525	-25.44375
41.955	-25.6375
41.9575	-25.85625
41.96	-25.525
41.9625	-26.98125
41.965	-29.63125
41.9675	-29.31875
41.97	-24.1625
41.9725	-16.1
41.975	-8.9375
41.9775	-4.51875
41.98	-0.55
41.9825	5.2375
41.985	11.525
41.9875	16.825
41.99	21.0625
41.9925	22.48125
41.995	19.025
41.9975	12.78125
42	8.14375
42.0025	6.95
42.005	8.95
42.0075	12.9625
42.01	18.71875
42.0125	24.275
42.015	22.275
42.0175	9.9375
42.02	-3.84375
42.0225	-10.1875
42.025	-8.91875
42.0275	-5.2
42.03	-6.09375
42.0325	-13.6875
42.035	-22.0125
42.0375	-26.09375
42.04	-26.775
42.0425	-27.89375
42.045	-32.65625
42.0475	-37.225
42.05	-34.74375
42.0525	-25.71875
42.055	-15.7375
42.0575	-8.60625
42.06	-6.975
42.0625	-10.20625
42.065	-12.43125
42.0675	-9.4125
42.07	-2.14375
42.0725	5.95
42.075	11.2625
42.0775	11.875
42.08	9.66875
42.0825	8.13125
42.085	9.05625
42.0875	11.85625
42.09	14.45
42.0925	15.45625
42.095	15.6625
42.0975	15.33125
42.1	12.9625
42.1025	9.175
42.105	5.98125
42.1075	2.75
42.11	-2.40625
42.1125	-7.49375
42.115	-8.225
42.1175	-4.5625
42.12	-3.30625
42.1225	-9.79375
42.125	-19.925
42.1275	-26.65
42.13	-26.36875
42.1325	-19.23125
42.135	-10.275
42.1375	-5.8875
42.14	-7.29375
42.1425	-11.73125
42.145	-14.275
42.1475	-12.65625
42.15	-10.8375
42.1525	-10.4
42.155	-8.6
42.1575	-7.38125
42.16	-9.15
42.1625	-8.50625
42.165	-1.3125
42.1675	8.16875
42.17	15.825
42.1725	24.0125
42.175	34.05
42.1775	36.98125
42.18	25.35625
42.1825	8.76875
42.185	0.7125
42.1875	-0.55
42.19	-3.7375
42.1925	-9.35625
42.195	-12.6375
42.1975	-12.56875
42.2	-13.24375
42.2025	-15.55625
42.205	-14.28125
42.2075	-9.01875
42.21	-6.8625
42.2125	-9.925
42.215	-13.45625
42.2175	-14.6375
42.22	-13.7875
42.2225	-12.15
42.225	-13.16875
42.2275	-18.7875
42.23	-24.91875
42.2325	-24.0125
42.235	-14.85625
42.2375	-4.65625
42.24	1.525
42.2425	2.08125
42.245	-0.7875
42.2475	1.56875
42.25	12.825
42.2525	25.00625
42.255	27.025
42.2575	14.35625
42.26	-5.69375
42.2625	-17.53125
42.265	-14.9625
42.2675	-5.84375
42.27	1.4
42.2725	5.15
42.275	8.35
42.2775	13.125
42.28	18.6125
42.2825	21.35
42.285	19.6875
42.2875	15.41875
42.29	10.08125
42.2925	4.4375
42.295	0.83125
42.2975	1.83125
42.3	5.98125
42.3025	9
42.305	8.775
42.3075	4.4875
42.31	-4.3625
42.3125	-15.0875
42.315	-22.79375
42.3175	-24.44375
42.32	-21.26875
42.3225	-18.525
42.325	-19.53125
42.3275	-21.50625
42.33	-19.95
42.3325	-13.56875
42.335	-4.25
42.3375	3.98125
42.34	7.36875
42.3425	7.85
42.345	10.65625
42.3475	14.3125
42.35	14.44375
42.3525	16.4125
42.355	24.675
42.3575	30.31875
42.36	26.68125
42.3625	19.15
42.365	13.4625
42.3675	9.8
42.37	8.54375
42.3725	10.16875
42.375	13.55
42.3775	18.025
42.38	22.31875
42.3825	21.725
42.385	14.24375
42.3875	4.875
42.39	-2.2875
42.3925	-6.96875
42.395	-9.175
42.3975	-8.86875
42.4	-7.45625
42.4025	-8.2125
42.405	-13.78125
42.4075	-21.0375
42.41	-23.18125
42.4125	-21.0875
42.415	-23.5125
42.4175	-32.3125
42.42	-38.375
42.4225	-35.9375
42.425	-29.9875
42.4275	-28.21875
42.43	-30.68125
42.4325	-30.81875
42.435	-24.7625
42.4375	-13.025
42.44	0.29375
42.4425	7.975
42.445	9.05625
42.4475	9.075
42.45	12.35625
42.4525	19.98125
42.455	27.8625
42.4575	30.1875
42.46	25.99375
42.4625	18.80625
42.465	12.45625
42.4675	10.025
42.47	12.3125
42.4725	16.1
42.475	17.7375
42.4775	16.175
42.48	11.84375
42.4825	4.75
42.485	-5.79375
42.4875	-19.775
42.49	-31.34375
42.4925	-35.06875
42.495	-37.04375
42.4975	-42.28125
42.5	-47.26875
42.5025	-51.28125
42.505	-56.1375
42.5075	-59.40625
42.51	-59.825
42.5125	-58.95625
42.515	-54.5625
42.5175	-42.3
42.52	-24.94375
42.5225	-12.0625
42.525	-9.89375
42.5275	-14.025
42.53	-13.2125
42.5325	-2.71875
42.535	10.34375
42.5375	17.7625
42.54	18.54375
42.5425	14.61875
42.545	9.65
42.5475	7.35625
42.55	8.2625
42.5525	9.7125
42.555	7.575
42.5575	1.3875
42.56	-4.375
42.5625	-5.55
42.565	-0.38125
42.5675	8.2875
42.57	11.1625
42.5725	3.35
42.575	-9.4375
42.5775	-20.675
42.58	-27.2125
42.5825	-28.825
42.585	-25.1375
42.5875	-17.3375
42.59	-14.925
42.5925	-25.0375
42.595	-39.73125
42.5975	-48.8375
42.6	-51.30625
42.6025	-46.48125
42.605	-38.5625
42.6075	-38.2625
42.61	-43.9875
42.6125	-42.85
42.615	-30.89375
42.6175	-14.96875
42.62	-3.78125
42.6225	-4.13125
42.625	-13.69375
42.6275	-23.8
42.63	-29.43125
42.6325	-28.16875
42.635	-20.275
42.6375	-10.49375
42.64	-2.59375
42.6425	1.36875
42.645	0.46875
42.6475	-1.35625
42.65	-0.925
42.6525	-0.48125
42.655	-1.6625
42.6575	-4.18125
42.66	-6.55
42.6625	-6.98125
42.665	-8.8625
42.6675	-16.40625
42.67	-26.89375
42.6725	-35.5125
42.675	-41.79375
42.6775	-46.90625
42.68	-50.70625
42.6825	-51.86875
42.685	-51.54375
42.6875	-51.4625
42.69	-51.55625
42.6925	-53.01875
42.695	-57.03125
42.6975	-63.075
42.7	-67.2
42.7025	-63.99375
42.705	-53.36875
42.7075	-43.9875
42.71	-41.90625
42.7125	-43.65625
42.715	-43.125
42.7175	-39.69375
42.72	-34.26875
42.7225	-20.45625
42.725	0.675
42.7275	10.34375
42.73	-2.85
42.7325	-22.7625
42.735	-27.6625
42.7375	-16.86875
42.74	-3.68125
42.7425	5.775
42.745	10.5125
42.7475	6.6
42.75	-4.0875
42.7525	-12.55625
42.755	-15.05625
42.7575	-14.7625
42.76	-14.4375
42.7625	-15.225
42.765	-18.09375
42.7675	-22.34375
42.77	-24.35625
42.7725	-22.3875
42.775	-19.4375
42.7775	-20.4125
42.78	-26.10625
42.7825	-31.45625
42.785	-31.8375
42.7875	-27.59375
42.79	-21.4625
42.7925	-16.1
42.795	-12.44375
42.7975	-7.5625
42.8	1.10625
42.8025	8.79375
42.805	8.775
42.8075	3.375
42.81	-1.10625
42.8125	-3.10625
42.815	-1.5
42.8175	6.825
42.82	20.65
42.8225	30.0875
42.825	26.0875
42.8275	15.35
42.83	8.8375
42.8325	4.1125
42.835	-1.49375
42.8375	-1.69375
42.84	3.76875
42.8425	7.35
42.845	6.825
42.8475	7.3125
42.85	13.7125
42.8525	22.975
42.855	26.0875
42.8575	18.26875
42.86	5.9375
42.8625	-3.4
42.865	-10.53125
42.8675	-17.1125
42.87	-20.80625
42.8725	-19.9625
42.875	-15.43125
42.8775	-9.46875
42.88	-4.59375
42.8825	1.99375
42.885	12.91875
42.8875	22.78125
42.89	26.15
42.8925	25.8375
42.895	25.05625
42.8975	21.5875
42.9	15.61875
42.9025	15.6
42.905	29.55
42.9075	49.425
42.91	55.91875
42.9125	41.2625
42.915	17.36875
42.9175	0.8375
42.92	-2.83125
42.9225	0.60625
42.925	5.66875
42.9275	10.50625
42.93	12.575
42.9325	13.4
42.935	16.30625
42.9375	18.80625
42.94	17.7
42.9425	16.31875
42.945	18.2
42.9475	20.6875
42.95	18.2375
42.9525	12.04375
42.955	8.9875
42.9575	8.025
42.96	2.5875
42.9625	-6.15625
42.965	-9.95
42.9675	-4.6875
42.97	8.24375
42.9725	21.19375
42.975	23.7
42.9775	14.4625
42.98	2.725
42.9825	-2.475
42.985	1.375
42.9875	12.8
42.99	24.79375
42.9925	29.26875
42.995	26.39375
42.9975	23.7375
43	24.0375
43.0025	23.53125
43.005	21.525
43.0075	18.78125
43.01	11.0625
43.0125	-2.99375
43.015	-13.4625
43.0175	-11.2
43.02	-0.18125
43.0225	8.6875
43.025	10.2125
43.0275	5.55625
43.03	1.23125
43.0325	3.9625
43.035	8.8625
43.0375	7.89375
43.04	3.8
43.0425	0.56875
43.045	-3.5625
43.0475	-8.6625
43.05	-13.80625
43.0525	-16.7625
43.055	-13.1125
43.0575	-7.1875
43.06	-7.50625
43.0625	-11.6125
43.065	-10.49375
43.0675	-1.825
43.07	6.19375
43.0725	6.55
43.075	2.73125
43.0775	1.2875
43.08	2.9625
43.0825	7.5375
43.085	16.68125
43.0875	28.29375
43.09	35.4125
43.0925	30.38125
43.095	14.29375
43.0975	-1.54375
43.1	-8.2
43.1025	-4.1875
43.105	5.85625
43.1075	13.26875
43.11	12.0125
43.1125	3.35
43.115	-6.9375
43.1175	-13.55
43.12	-13.54375
43.1225	-4.8125
43.125	6.76875
43.1275	7.0875
43.13	-9.14375
43.1325	-26.55625
43.135	-27.275
43.1375	-16.46875
43.14	-13.525
43.1425	-23.26875
43.145	-30.3
43.1475	-23.85625
43.15	-10.35625
43.1525	-3.7125
43.155	-8.24375
43.1575	-15.26875
43.16	-14.6
43.1625	-3.925
43.165	6.7125
43.1675	10.35625
43.17	15.2875
43.1725	26.36875
43.175	42.775
43.1775	58.76875
43.18	55.64375
43.1825	24.09375
43.185	-13.71875
43.1875	-32.90625
43.19	-31.23125
43.1925	-19.34375
43.195	-10.84375
43.1975	-10.075
43.2	-10.31875
43.2025	-6.84375
43.205	-2.09375
43.2075	0.2875
43.21	0.35625
43.2125	0.20625
43.215	-2.175
43.2175	-7.4625
43.22	-9.3125
43.2225	-6.14375
43.225	-6.99375
43.2275	-12.4875
43.23	-9.5375
43.2325	3.95
43.235	14.325
43.2375	11.36875
43.24	-1.40625
43.2425	-16.11875
43.245	-27.0625
43.2475	-30.69375
43.25	-28.09375
43.2525	-19.60625
43.255	-6.875
43.2575	4.76875
43.26	9.80625
43.2625	8.16875
43.265	6.6125
43.2675	11.19375
43.27	21.0375
43.2725	31.075
43.275	35.1125
43.2775	29.96875
43.28	21.75625
43.2825	21.1375
43.285	28.71875
43.2875	35.0375
43.29	33.8125
43.2925	28.29375
43.295	23.85
43.2975	19.575
43.3	13.31875
43.3025	4.55625
43.305	-5.11875
43.3075	-11.4625
43.31	-12.15
43.3125	-8.65
43.315	-4.23125
43.3175	-0.70625
43.32	0.525
43.3225	-1.08125
43.325	-3.00625
43.3275	-2.49375
43.33	-0.375
43.3325	1.3625
43.335	4.48125
43.3375	9.66875
43.34	12.625
43.3425	8.50625
43.345	-4
43.3475	-17.58125
43.35	-21.66875
43.3525	-14.63125
43.355	-3.70625
43.3575	5.825
43.36	12.44375
43.3625	13.6625
43.365	10.35625
43.3675	10.08125
43.37	15.9
43.3725	21.60625
43.375	22.125
43.3775	18.46875
43.38	16.425
43.3825	19.70625
43.385	25.2625
43.3875	27.3375
43.39	21.925
43.3925	11.29375
43.395	3.31875
43.3975	-2.59375
43.4	-12.78125
43.4025	-23.3125
43.405	-27.30625
43.4075	-23.7125
43.41	-14.1625
43.4125	-2.5625
43.415	5.35625
43.4175	6.775
43.42	6.0125
43.4225	4.0875
43.425	-7.29375
43.4275	-30.175
43.43	-50.31875
43.4325	-52.9625
43.435	-41.49375
43.4375	-31.86875
43.44	-32.9
43.4425	-38.78125
43.445	-41.9125
43.4475	-40.3625
43.45	-33.05625
43.4525	-19.21875
43.455	-5.41875
43.4575	-3.9625
43.46	-18.05625
43.4625	-35.39375
43.465	-44.025
43.4675	-42.73125
43.47	-34.8
43.4725	-24.6875
43.475	-13.75
43.4775	-3.71875
43.48	-1.64375
43.4825	-10.7125
43.485	-24.25
43.4875	-35.86875
43.49	-42.94375
43.4925	-42.175
43.495	-36.1125
43.4975	-29.65625
43.5	-24.4875
43.5025	-20.90625
43.505	-19.3875
43.5075	-21.04375
43.51	-25.55
43.5125	-26.1875
43.515	-16.3875
43.5175	-7.7375
43.52	-16.33125
43.5225	-33.64375
43.525	-41.35625
43.5275	-43.475
43.53	-48.025
43.5325	-45.9625
43.535	-36.61875
43.5375	-34.34375
43.54	-38.2875
43.5425	-36.4625
43.545	-30.6125
43.5475	-25.55625
43.55	-21.35625
43.5525	-19.3375
43.555	-20.5125
43.5575	-23.89375
43.56	-27.35625
43.5625	-26.64375
43.565	-16.70625
43.5675	2.2875
43.57	22.375
43.5725	33.3375
43.575	29.50625
43.5775	10.45625
43.58	-13.34375
43.5825	-24.51875
43.585	-19.33125
43.5875	-8.68125
43.59	-0.96875
43.5925	2.4375
43.595	4.4
43.5975	7.40625
43.6	7.375
43.6025	-0.55625
43.605	-11.50625
43.6075	-16.1
43.61	-16.20625
43.6125	-20.78125
43.615	-25.91875
43.6175	-21.71875
43.62	-15.45
43.6225	-20.45
43.625	-31.45625
43.6275	-34.55
43.63	-25
43.6325	-6.56875
43.635	8.79375
43.6375	8.85
43.64	-3.8
43.6425	-16.04375
43.645	-19.66875
43.6475	-15.81875
43.65	-8.65
43.6525	3.31875
43.655	21.1625
43.6575	35.9125
43.66	39.61875
43.6625	35.3875
43.665	29.1875
43.6675	25.8875
43.67	30.1875
43.6725	40.69375
43.675	50.08125
43.6775	51.875
43.68	45.875
43.6825	36.71875
43.685	28.575
43.6875	20.50625
43.69	9.95625
43.6925	-0.2875
43.695	-5.40625
43.6975	-5.5375
43.7	-4.16875
43.7025	-1.4
43.705	2.5625
43.7075	3.5
43.71	-2.05625
43.7125	-11.875
43.715	-19.21875
43.7175	-19.51875
43.72	-13.29375
43.7225	-5.10625
43.725	-1.21875
43.7275	-1.8
43.73	-0.06875
43.7325	6.15625
43.735	12.4125
43.7375	17.18125
43.74	21.5125
43.7425	27.78125
43.745	37.39375
43.7475	45.79375
43.75	49.70625
43.7525	50.95
43.755	47.5875
43.7575	37.90625
43.76	27.525
43.7625	20.8
43.765	19.48125
43.7675	26.45625
43.77	39.3125
43.7725	47.4125
43.775	43.9375
43.7775	33.18125
43.78	25.88125
43.7825	25.70625
43.785	27.10625
43.7875	26.53125
43.79	24.775
43.7925	21.125
43.795	13.0375
43.7975	1.925
43.8	-5.90625
43.8025	-3.19375
43.805	8.75625
43.8075	22.60625
43.81	31.65
43.8125	30.31875
43.815	18.13125
43.8175	4.70625
43.82	0.725
43.8225	5.89375
43.825	13.13125
43.8275	18.7125
43.83	24.06875
43.8325	28.525
43.835	31.4875
43.8375	34.49375
43.84	35.125
43.8425	30.49375
43.845	24.4
43.8475	20.84375
43.85	18.625
43.8525	18.8
43.855	24.825
43.8575	33.01875
43.86	34.96875
43.8625	28.3625
43.865	19.1
43.8675	14.1875
43.87	16.4
43.8725	24.6625
43.875	33.78125
43.8775	33.325
43.88	24.38125
43.8825	20.71875
43.885	20.63125
43.8875	14.6875
43.89	5.425
43.8925	-3.71875
43.895	-12.93125
43.8975	-17.7125
43.9	-17.65625
43.9025	-15.3625
43.905	-9.175
43.9075	-1.0125
43.91	5.31875
43.9125	11.46875
43.915	21.74375
43.9175	33.79375
43.92	38.35625
43.9225	33.1875
43.925	26.4875
43.9275	26.96875
43.93	32.16875
43.9325	34.31875
43.935	32.3875
43.9375	32.34375
43.94	39.05
43.9425	47.125
43.945	45.91875
43.9475	32.83125
43.95	18.9625
43.9525	14.9375
43.955	19.0625
43.9575	21.3875
43.96	16.01875
43.9625	7.59375
43.965	3.8125
43.9675	6.06875
43.97	9.5125
43.9725	10.125
43.975	8.3125
43.9775	7.8625
43.98	10.91875
43.9825	14.70625
43.985	17.9625
43.9875	24.1125
43.99	30.95625
43.9925	30.125
43.995	22.75625
43.9975	18.90625
44	23.19375
44.0025	33.6125
44.005	47.89375
44.0075	58.54375
44.01	52.825
44.0125	31.90625
44.015	13.20625
44.0175	7.025
44.02	8.2125
44.0225	8.68125
44.025	5.60625
44.0275	2.16875
44.03	2.9125
44.0325	5.91875
44.035	8.41875
44.0375	10.875
44.04	10.81875
44.0425	4.0125
44.045	-7.05625
44.0475	-15.05
44.05	-16.7875
44.0525	-13.68125
44.055	-8.5625
44.0575	-3.925
44.06	0.1375
44.0625	4.3875
44.065	5.4875
44.0675	1.40625
44.07	-3.73125
44.0725	-5.08125
44.075	-3.7125
44.0775	-4.25
44.08	-5.1875
44.0825	-1.225
44.085	5.8125
44.0875	8.2125
44.09	3.63125
44.0925	-4.26875
44.095	-10.2875
44.0975	-10.5
44.1	-3.925
44.1025	6.075
44.105	13.025
44.1075	14.96875
44.11	14.4125
44.1125	11.43125
44.115	6.3
44.1175	4.29375
44.12	8.9375
44.1225	17.03125
44.125	21.50625
44.1275	17.06875
44.13	7.25
44.1325	-0.0375
44.135	-3.18125
44.1375	-5.85
44.14	-8.5375
44.1425	-9.4875
44.145	-7.89375
44.1475	-6.0875
44.15	-8.375
44.1525	-12.5875
44.155	-10.425
44.1575	-5.33125
44.16	-9.90625
44.1625	-20.59375
44.165	-22.98125
44.1675	-14.85625
44.17	-3.9875
44.1725	3.48125
44.175	5.75
44.1775	5.3375
44.18	7.5125
44.1825	16.56875
44.185	27.925
44.1875	31.39375
44.19	22.98125
44.1925	6.20625
44.195	-13.14375
44.1975	-26.0375
44.2	-26.7625
44.2025	-19.38125
44.205	-11.36875
44.2075	-6.71875
44.21	-4.2375
44.2125	-2.475
44.215	-1.01875
44.2175	1.90625
44.22	5.34375
44.2225	0.80625
44.225	-16.03125
44.2275	-33.8625
44.23	-39.73125
44.2325	-33.63125
44.235	-22.2375
44.2375	-10.56875
44.24	-2.78125
44.2425	-0.80625
44.245	-0.2125
44.2475	6.99375
44.25	20.525
44.2525	28.04375
44.255	22.475
44.2575	12.49375
44.26	5.3625
44.2625	0.88125
44.265	1.6
44.2675	7.08125
44.27	11.75625
44.2725	16
44.275	21.01875
44.2775	20.95625
44.28	14.51875
44.2825	9.05
44.285	8.6875
44.2875	8.86875
44.29	4.63125
44.2925	-0.9
44.295	-5.0375
44.2975	-8.96875
44.3	-9.69375
44.3025	-4.7
44.305	0.2125
44.3075	0.975
44.31	-0.81875
44.3125	-6.10625
44.315	-14.5125
44.3175	-20.14375
44.32	-18.81875
44.3225	-13.825
44.325	-9.75
44.3275	-6.875
44.33	-2.8375
44.3325	2.05
44.335	3.08125
44.3375	-2.1
44.34	-9.50625
44.3425	-14.175
44.345	-13.64375
44.3475	-4.35
44.35	11.75
44.3525	18.8875
44.355	4.33125
44.3575	-21.50625
44.36	-36.94375
44.3625	-36.6625
44.365	-30.94375
44.3675	-27.0375
44.37	-23.2875
44.3725	-17.1
44.375	-10.4875
44.3775	-6.85
44.38	-8.7375
44.3825	-15.23125
44.385	-20.99375
44.3875	-21.5
44.39	-18.3375
44.3925	-16.14375
44.395	-16.45
44.3975	-16.9
44.4	-16.89375
44.4025	-18.15625
44.405	-19.325
44.4075	-18.3875
44.41	-17.2875
44.4125	-15.98125
44.415	-13.43125
44.4175	-12.8875
44.42	-15.46875
44.4225	-17.6375
44.425	-18.64375
44.4275	-22.08125
44.43	-27.28125
44.4325	-27.43125
44.435	-19.7875
44.4375	-8.6875
44.44	1.0875
44.4425	1.8125
44.445	-14.06875
44.4475	-37.58125
44.45	-49.6125
44.4525	-44.375
44.455	-31.5625
44.4575	-21.7375
44.46	-19.13125
44.4625	-21.55
44.465	-23.0875
44.4675	-20.4875
44.47	-15.54375
44.4725	-13.06875
44.475	-16.34375
44.4775	-23.2
44.48	-27.175
44.4825	-25.10625
44.485	-19.1
44.4875	-12.54375
44.49	-9.0625
44.4925	-9.5875
44.495	-12.29375
44.4975	-14.69375
44.5	-13.79375
44.5025	-8.51875
44.505	-2.9875
44.5075	-1.13125
44.51	-1.8125
44.5125	-2.71875
44.515	-3.675
44.5175	-4.16875
44.52	-3.45625
44.5225	-0.96875
44.525	6.0625
44.5275	15.0125
44.53	19.3625
44.5325	21.24375
44.535	27.9
44.5375	34.81875
44.54	28.41875
44.5425	6.34375
44.545	-17.55625
44.5475	-28.48125
44.55	-25.01875
44.5525	-13.46875
44.555	-1.64375
44.5575	4.175
44.56	5.8375
44.5625	7.95625
44.565	9.05625
44.5675	5.19375
44.57	-2.64375
44.5725	-11.0125
44.575	-18.30625
44.5775	-24.68125
44.58	-30.125
44.5825	-31.64375
44.585	-27.24375
44.5875	-19.65
44.59	-13.43125
44.5925	-10.4875
44.595	-9.68125
44.5975	-7.85625
44.6	-2.7125
44.6025	5.70625
44.605	13.3875
44.6075	14.9625
44.61	12.375
44.6125	13.35
44.615	18.6625
44.6175	21.6875
44.62	19.3125
44.6225	13.49375
44.625	5.90625
44.6275	-2.05
44.63	-6.1875
44.6325	-3.65
44.635	1.9625
44.6375	6.30625
44.64	9.20625
44.6425	10.96875
44.645	11.8625
44.6475	11.80625
44.65	11.53125
44.6525	12.9875
44.655	12.84375
44.6575	5.34375
44.66	-5.51875
44.6625	-9.91875
44.665	-5.85
44.6675	3.7375
44.67	15.2875
44.6725	19.775
44.675	11.08125
44.6775	-2.95625
44.68	-11.825
44.6825	-13.10625
44.685	-8.1125
44.6875	-0.16875
44.69	4.8
44.6925	4.11875
44.695	-0.25
44.6975	-5.51875
44.7	-8.275
44.7025	-2.98125
44.705	9.70625
44.7075	16.3
44.71	8.7625
44.7125	-4.23125
44.715	-11.68125
44.7175	-11.64375
44.72	-7.3
44.7225	-1.0875
44.725	5.3375
44.7275	7.64375
44.73	4.75625
44.7325	4.20625
44.735	9.5375
44.7375	13.1875
44.74	8.75625
44.7425	0.075
44.745	-6.5
44.7475	-9.525
44.75	-9.80625
44.7525	-7.775
44.755	-4.45
44.7575	-0.7
44.76	3.1375
44.7625	4.1875
44.765	0.15625
44.7675	-6.35
44.77	-10.5875
44.7725	-10.95
44.775	-12.84375
44.7775	-19.24375
44.78	-21.99375
44.7825	-16.55
44.785	-11.18125
44.7875	-11.00625
44.79	-13.175
44.7925	-14.6375
44.795	-12.65625
44.7975	-6.8
44.8	0.09375
44.8025	5.49375
44.805	8.00625
44.8075	7.49375
44.81	3.6125
44.8125	-2.6125
44.815	-5.43125
44.8175	1.23125
44.82	15.83125
44.8225	27.31875
44.825	26.5625
44.8275	15.675
44.83	2.74375
44.8325	-7.16875
44.835	-13.56875
44.8375	-16.99375
44.84	-17.53125
44.8425	-15.0875
44.845	-11.7625
44.8475	-11.5625
44.85	-16.06875
44.8525	-19.3
44.855	-15.3875
44.8575	-12.41875
44.86	-20.3625
44.8625	-34.15
44.865	-41.31875
44.8675	-37.65
44.87	-27.81875
44.8725	-18.18125
44.875	-11.99375
44.8775	-7.5625
44.88	-2.2125
44.8825	2.66875
44.885	3.8375
44.8875	-0.48125
44.89	-7.66875
44.8925	-13.34375
44.895	-14.59375
44.8975	-9.35625
44.9	1.3625
44.9025	12.825
44.905	20.88125
44.9075	22.89375
44.91	15.28125
44.9125	1.64375
44.915	-6.99375
44.9175	-5.25625
44.92	3.425
44.9225	13.65
44.925	18.54375
44.9275	12.08125
44.93	-0.2125
44.9325	-7.3
44.935	-7.58125
44.9375	-4.8625
44.94	-0.6125
44.9425	-0.2375
44.945	-9.75625
44.9475	-23.84375
44.95	-31.75
44.9525	-31.01875
44.955	-26.04375
44.9575	-20.7375
44.96	-18.48125
44.9625	-21.5125
44.965	-27.55625
44.9675	-30.91875
44.97	-29.0125
44.9725	-24.6
44.975	-20.68125
44.9775	-17.025
44.98	-11.9
44.9825	-4.325
44.985	6.09375
44.9875	17.75625
44.99	24.6
44.9925	21.08125
44.995	9.675
44.9975	-0.725
45	-4.725
45.0025	-4.56875
45.005	-4.45625
45.0075	-4.53125
45.01	-3.75625
45.0125	-4.0875
45.015	-6.3
45.0175	-9.28125
45.02	-11.5375
45.0225	-12.8
45.025	-13.95625
45.0275	-15.19375
45.03	-18.04375
45.0325	-24.78125
45.035	-33.21875
45.0375	-37.76875
45.04	-38.3
45.0425	-38.74375
45.045	-40.175
45.0475	-40.225
45.05	-36.94375
45.0525	-32.30625
45.055	-29.30625
45.0575	-27.0375
45.06	-22.4875
45.0625	-17.65625
45.065	-14.4375
45.0675	-9.1
45.07	0.29375
45.0725	9.65
45.075	15.00625
45.0775	18.18125
45.08	27.59375
45.0825	43.56875
45.085	50.9125
45.0875	41.8125
45.09	25.71875
45.0925	11.16875
45.095	-0.9875
45.0975	-9.05625
45.1	-11.76875
45.1025	-9.30625
45.105	-3.43125
45.1075	2.08125
45.11	5.8625
45.1125	6.63125
45.115	0.00625
45.1175	-12.8625
45.12	-22.3875
45.1225	-24.58125
45.125	-24.58125
45.1275	-25.45
45.13	-24.4375
45.1325	-18.65625
45.135	-10.00625
45.1375	-4.55
45.14	-8.6625
45.1425	-22.46875
45.145	-36.6
45.1475	-40.96875
45.15	-34.03125
45.1525	-20.53125
45.155	-7.75
45.1575	0.2
45.16	4.86875
45.1625	6.9875
45.165	5.75625
45.1675	4.2375
45.17	6.68125
45.1725	12.175
45.175	18.025
45.1775	19.83125
45.18	15.44375
45.1825	10.14375
45.185	10.45625
45.1875	16.975
45.19	23.09375
45.1925	21.98125
45.195	15.2625
45.1975	9.63125
45.2	5.7125
45.2025	3.28125
45.205	5.5125
45.2075	10.4875
45.21	12.64375
45.2125	11.2375
45.215	9.55625
45.2175	9.8125
45.22	9.25625
45.2225	5.34375
45.225	0.3875
45.2275	-6.4125
45.23	-18.20625
45.2325	-30.8125
45.235	-35.35625
45.2375	-29.5625
45.24	-21.59375
45.2425	-21.08125
45.245	-26.3
45.2475	-27.83125
45.25	-22.6
45.2525	-14.475
45.255	-8.55625
45.2575	-7.175
45.26	-7.99375
45.2625	-8.08125
45.265	-6.78125
45.2675	-3.49375
45.27	2.6375
45.2725	8.59375
45.275	7.46875
45.2775	-1.2375
45.28	-8.29375
45.2825	-7.01875
45.285	-0.86875
45.2875	4.18125
45.29	7.25625
45.2925	8.51875
45.295	7.15625
45.2975	4.4
45.3	2.48125
45.3025	1.3
45.305	0.1375
45.3075	-1.84375
45.31	-7.725
45.3125	-16.7875
45.315	-22.26875
45.3175	-20.00625
45.32	-13.1
45.3225	-8.04375
45.325	-9.50625
45.3275	-15.81875
45.33	-21.1
45.3325	-22.44375
45.335	-20.28125
45.3375	-14.80625
45.34	-6.925
45.3425	1.41875
45.345	7.49375
45.3475	7.95625
45.35	1.45
45.3525	-8.96875
45.355	-15.3
45.3575	-13.675
45.36	-12.65625
45.3625	-17.40625
45.365	-16.94375
45.3675	-6.6375
45.37	-1.06875
45.3725	-10.125
45.375	-27.18125
45.3775	-40.11875
45.38	-40.8875
45.3825	-33.99375
45.385	-30.14375
45.3875	-31.13125
45.39	-32.79375
45.3925	-34.2625
45.395	-34.08125
45.3975	-30.3875
45.4	-26.0625
45.4025	-24.56875
45.405	-25.36875
45.4075	-26.35
45.41	-28.75
45.4125	-34.61875
45.415	-41.51875
45.4175	-43.51875
45.42	-39.4
45.4225	-34.96875
45.425	-34.73125
45.4275	-36.775
45.43	-37.675
45.4325	-36.11875
45.435	-31.55
45.4375	-24.3375
45.44	-15.625
45.4425	-5.95625
45.445	2.85
45.4475	7.39375
45.45	10.2375
45.4525	15.8625
45.455	18.8125
45.4575	12.4375
45.46	2.5375
45.4625	-4.1875
45.465	-7.3875
45.4675	-4.96875
45.47	3.5875
45.4725	12.05625
45.475	15.54375
45.4775	15.6
45.48	11.5625
45.4825	0.7125
45.485	-13.10625
45.4875	-21.3375
45.49	-25.06875
45.4925	-33.7875
45.495	-47.95
45.4975	-58.09375
45.5	-59.63125
45.5025	-56.59375
45.505	-52.79375
45.5075	-49.375
45.51	-46.5
45.5125	-44.1875
45.515	-41.78125
45.5175	-39.20625
45.52	-36.76875
45.5225	-35.0625
45.525	-35.55
45.5275	-35.55
45.53	-29.9
45.5325	-20.0125
45.535	-10.28125
45.5375	-0.65
45.54	6.85625
45.5425	7.24375
45.545	3.575
45.5475	2.55625
45.55	2.6
45.5525	1.69375
45.555	3.975
45.5575	9
45.56	11.19375
45.5625	9.91875
45.565	8.13125
45.5675	7.625
45.57	7.525
45.5725	5.9625
45.575	3.7625
45.5775	3.35
45.58	5.175
45.5825	5.5375
45.585	0.9625
45.5875	-3.69375
45.59	-0.875
45.5925	2.44375
45.595	-7.15625
45.5975	-26.9875
45.6	-43.06875
45.6025	-48.88125
45.605	-47.86875
45.6075	-44.9
45.61	-42.2375
45.6125	-38.225
45.615	-30.925
45.6175	-22.85625
45.62	-17.81875
45.6225	-14.225
45.625	-8.05
45.6275	-1.50625
45.63	0.69375
45.6325	-2.1375
45.635	-7.2125
45.6375	-9.70625
45.64	-6.95
45.6425	-1.1875
45.645	4.40625
45.6475	8.76875
45.65	13.6875
45.6525	21.8
45.655	29.95625
45.6575	30.15625
45.66	21.0375
45.6625	9.81875
45.665	3.26875
45.6675	2.54375
45.67	6.05
45.6725	11.76875
45.675	15.06875
45.6775	12.86875
45.68	9.65625
45.6825	10.25625
45.685	11.5125
45.6875	9.4875
45.69	4.13125
45.6925	-4.125
45.695	-12.31875
45.6975	-15.30625
45.7	-10.26875
45.7025	-1.55625
45.705	0.1875
45.7075	-9.6625
45.71	-23.0875
45.7125	-30.475
45.715	-28.74375
45.7175	-18.33125
45.72	-4.16875
45.7225	7.15625
45.725	13.225
45.7275	15.69375
45.73	16.96875
45.7325	18.575
45.735	21.59375
45.7375	25.2375
45.74	26.90625
45.7425	25.625
45.745	24.54375
45.7475	26.675
45.75	30.70625
45.7525	33.35
45.755	32.4875
45.7575	28.2125
45.76	20.83125
45.7625	11.64375
45.765	4.15
45.7675	0.46875
45.77	-0.5375
45.7725	-1.3
45.775	-2.6375
45.7775	-3.50625
45.78	-1.7125
45.7825	1.4875
45.785	1.375
45.7875	-5.225
45.79	-17.0625
45.7925	-30.16875
45.795	-39.7875
45.7975	-40.30625
45.8	-35.05
45.8025	-32.63125
45.805	-31.11875
45.8075	-26.725
45.81	-27.65625
45.8125	-34.675
45.815	-36.81875
45.8175	-33.125
45.82	-29.23125
45.8225	-24.5125
45.825	-17.7125
45.8275	-11.80625
45.83	-7.83125
45.8325	-3.4875
45.835	2.6125
45.8375	8.0625
45.84	10.53125
45.8425	11.4875
45.845	13.35625
45.8475	15.575
45.85	16.05
45.8525	15.6875
45.855	17.175
45.8575	19.50625
45.86	19.63125
45.8625	17.5375
45.865	14.71875
45.8675	11.53125
45.87	7.09375
45.8725	0.03125
45.875	-7.55
45.8775	-12.4125
45.88	-17
45.8825	-23.5125
45.885	-28.44375
45.8875	-29.61875
45.89	-30.19375
45.8925	-33.55625
45.895	-38.4375
45.8975	-39.1625
45.9	-32.91875
45.9025	-22.59375
45.905	-11.55625
45.9075	-1.975
45.91	7.89375
45.9125	20.2125
45.915	27.83125
45.9175	25.0125
45.92	20.0625
45.9225	18.48125
45.925	12.95
45.9275	2.49375
45.93	-4.5375
45.9325	-4.6375
45.935	-0.44375
45.9375	3.80625
45.94	4.2
45.9425	0.5875
45.945	-4.0125
45.9475	-6.79375
45.95	-5.625
45.9525	-0.74375
45.955	2.6375
45.9575	-0.7
45.96	-10.3
45.9625	-21.675
45.965	-29.70625
45.9675	-29.25
45.97	-19.9
45.9725	-12.80625
45.975	-19.28125
45.9775	-32.1
45.98	-37.45
45.9825	-36.60625
45.985	-37.9
45.9875	-41.6
45.99	-39.14375
45.9925	-20.59375
45.995	5.86875
45.9975	13.20625
46	-5.79375
46.0025	-29.05625
46.005	-38.175
46.0075	-34.74375
46.01	-27.85
46.0125	-22.2375
46.015	-17.13125
46.0175	-11.2375
46.02	-5.89375
46.0225	-2.78125
46.025	-3.0875
46.0275	-5.76875
46.03	-6.6625
46.0325	-3.075
46.035	2.64375
46.0375	5.6375
46.04	4.49375
46.0425	0.625
46.045	-4.6375
46.0475	-9.1875
46.05	-10.86875
46.0525	-10.0625
46.055	-9.61875
46.0575	-11.75
46.06	-16.66875
46.0625	-21.7875
46.065	-24.2875
46.0675	-22.55625
46.07	-16.40625
46.0725	-11.525
46.075	-14.775
46.0775	-22.4125
46.08	-25.1625
46.0825	-21.9125
46.085	-15.63125
46.0875	-6.61875
46.09	2.825
46.0925	8.5375
46.095	11.1125
46.0975	14.2625
46.1	19.1875
46.1025	25.525
46.105	29.275
46.1075	22.20625
46.11	4
46.1125	-13.3125
46.115	-16.43125
46.1175	-5.875
46.12	4.8875
46.1225	7.6625
46.125	4.6375
46.1275	0.49375
46.13	0.275
46.1325	5.0125
46.135	7.71875
46.1375	4.00625
46.14	-2.33125
46.1425	-7.01875
46.145	-9.85625
46.1475	-12.84375
46.15	-15.83125
46.1525	-16.875
46.155	-16.76875
46.1575	-17.7875
46.16	-19.64375
46.1625	-18.20625
46.165	-9.6125
46.1675	0.34375
46.17	0.725
46.1725	-11.20625
46.175	-27.20625
46.1775	-38.18125
46.18	-39.53125
46.1825	-30.725
46.185	-17.8
46.1875	-10.1625
46.19	-12.48125
46.1925	-19.9125
46.195	-24.30625
46.1975	-22.1375
46.2	-17.90625
46.2025	-18.7875
46.205	-25.6875
46.2075	-34.98125
46.21	-43.58125
46.2125	-49.35
46.215	-52.30625
46.2175	-53.1125
46.22	-51.35
46.2225	-48.74375
46.225	-49.675
46.2275	-55.39375
46.23	-60.6625
46.2325	-60.025
46.235	-56.5375
46.2375	-58.6875
46.24	-68.20625
46.2425	-79.7875
46.245	-87.11875
46.2475	-86.73125
46.25	-79.66875
46.2525	-70.3625
46.255	-64.28125
46.2575	-63.65
46.26	-64.8875
46.2625	-64.31875
46.265	-63.13125
46.2675	-63.59375
46.27	-66.7625
46.2725	-71.175
46.275	-73.4375
46.2775	-71.675
46.28	-65.475
46.2825	-53.4625
46.285	-37.71875
46.2875	-27.6625
46.29	-29.00625
46.2925	-37.4875
46.295	-47.025
46.2975	-55.7125
46.3	-60.90625
46.3025	-58.81875
46.305	-52
46.3075	-47.56875
46.31	-48.73125
46.3125	-53.0625
46.315	-56.53125
46.3175	-55.1625
46.32	-49.925
46.3225	-46.7625
46.325	-47.5
46.3275	-49.88125
46.33	-53.46875
46.3325	-57.03125
46.335	-57.09375
46.3375	-53.45
46.34	-50.5
46.3425	-52.44375
46.345	-56.60625
46.3475	-55.95625
46.35	-51.925
46.3525	-51.99375
46.355	-56.85625
46.3575	-61.05625
46.36	-61.89375
46.3625	-59.15625
46.365	-53.25
46.3675	-45.30625
46.37	-36.525
46.3725	-28.5
46.375	-25.05
46.3775	-29.075
46.38	-36.525
46.3825	-39.24375
46.385	-34.18125
46.3875	-28.9625
46.39	-32.25625
46.3925	-40.3625
46.395	-40.75
46.3975	-32.075
46.4	-23.925
46.4025	-21.55625
46.405	-23.4875
46.4075	-28.8375
46.41	-37.8625
46.4125	-46.75625
46.415	-50.9875
46.4175	-49.50625
46.42	-45.24375
46.4225	-41.54375
46.425	-37.6
46.4275	-32.05
46.43	-29.9875
46.4325	-35.53125
46.435	-42.18125
46.4375	-41.7125
46.44	-34.75
46.4425	-26.29375
46.445	-21.13125
46.4475	-19.59375
46.45	-16.9125
46.4525	-10.44375
46.455	-3.95
46.4575	-4.125
46.46	-12.675
46.4625	-22.7875
46.465	-24.05
46.4675	-13.45
46.47	0.61875
46.4725	7.7625
46.475	6.98125
46.4775	4.2375
46.48	1.85625
46.4825	-0.91875
46.485	-4.93125
46.4875	-11.56875
46.49	-21.4625
46.4925	-32.14375
46.495	-39.50625
46.4975	-41.6875
46.5	-40.54375
46.5025	-38.325
46.505	-35.71875
46.5075	-34.78125
46.51	-36.9
46.5125	-39.20625
46.515	-37.725
46.5175	-32.7875
46.52	-30.11875
46.5225	-34.09375
46.525	-42.6125
46.5275	-50.125
46.53	-52.2375
46.5325	-46.3625
46.535	-32.58125
46.5375	-15.94375
46.54	-4.24375
46.5425	-1.525
46.545	-6.39375
46.5475	-13.26875
46.55	-14.4625
46.5525	-8.0625
46.555	0.5125
46.5575	4.75
46.56	0.6375
46.5625	-9.55625
46.565	-17.01875
46.5675	-16.9125
46.57	-13.1125
46.5725	-11.64375
46.575	-14.325
46.5775	-17.99375
46.58	-18.89375
46.5825	-15.3
46.585	-7.2875
46.5875	1.7625
46.59	4.6875
46.5925	-3.075
46.595	-17.4625
46.5975	-30.09375
46.6	-36.375
46.6025	-37.18125
46.605	-36.41875
46.6075	-37.41875
46.61	-38.86875
46.6125	-37.54375
46.615	-32.19375
46.6175	-22.15625
46.62	-9.86875
46.6225	-3.06875
46.625	-4.825
46.6275	-9.68125
46.63	-13.1625
46.6325	-14.925
46.635	-15.75625
46.6375	-15.975
46.64	-13.8625
46.6425	-7.4125
46.645	0.03125
46.6475	2.30625
46.65	-0.825
46.6525	-2.2625
46.655	2
46.6575	7.725
46.66	10.04375
46.6625	9.16875
46.665	8.06875
46.6675	8.63125
46.67	10.1375
46.6725	11.3125
46.675	11.6125
46.6775	10.71875
46.68	8.7625
46.6825	6.55625
46.685	6.8875
46.6875	12.7875
46.69	19.70625
46.6925	17.35
46.695	6.58125
46.6975	-1.56875
46.7	-2.85
46.7025	-0.3375
46.705	3.7875
46.7075	8.425
46.71	11.5875
46.7125	13.6125
46.715	16.48125
46.7175	21.55625
46.72	28.74375
46.7225	35.44375
46.725	37.45
46.7275	36.5
46.73	40.475
46.7325	49.675
46.735	59.86875
46.7375	68.4375
46.74	65.825
46.7425	47.175
46.745	27.575
46.7475	21.35625
46.75	24.425
46.7525	30.775
46.755	39.29375
46.7575	45.5375
46.76	44.8875
46.7625	38.26875
46.765	31.30625
46.7675	27.625
46.77	24.55
46.7725	18.11875
46.775	10.25
46.7775	5.11875
46.78	4.5625
46.7825	9.51875
46.785	19.325
46.7875	28.5625
46.79	30.43125
46.7925	24.525
46.795	18.21875
46.7975	20
46.8	29.80625
46.8025	38.425
46.805	39.275
46.8075	35.0875
46.81	30.69375
46.8125	27.45625
46.815	26.64375
46.8175	28.34375
46.82	30.05625
46.8225	29.8125
46.825	29.93125
46.8275	33.13125
46.83	38.39375
46.8325	45.8375
46.835	53.725
46.8375	56.8
46.84	50.9
46.8425	38.275
46.845	26.34375
46.8475	20.68125
46.85	24.19375
46.8525	35.1125
46.855	42.39375
46.8575	35.75
46.86	21.9125
46.8625	12.39375
46.865	8.825
46.8675	9.16875
46.87	10.99375
46.8725	11.2625
46.875	8.6125
46.8775	5.56875
46.88	8.0625
46.8825	17.75625
46.885	26.81875
46.8875	30.275
46.89	30.03125
46.8925	26.04375
46.895	19.24375
46.8975	14.74375
46.9	14.8625
46.9025	19.46875
46.905	27.775
46.9075	32.5125
46.91	30.45625
46.9125	28.11875
46.915	28.91875
46.9175	30.1625
46.92	32.08125
46.9225	36.8875
46.925	41.89375
46.9275	43.50625
46.93	42.58125
46.9325	40.5
46.935	36.23125
46.9375	29.61875
46.94	22.975
46.9425	17.60625
46.945	12.1375
46.9475	5.00625
46.95	-1.1625
46.9525	-2.55
46.955	-1.04375
46.9575	-2.54375
46.96	-8.7
46.9625	-14.63125
46.965	-14.4125
46.9675	-6.39375
46.97	2.7875
46.9725	3.50625
46.975	-3.53125
46.9775	-10.06875
46.98	-13.0625
46.9825	-11.1625
46.985	-2.06875
46.9875	12.73125
46.99	26.08125
46.9925	28.98125
46.995	20.51875
46.9975	9.98125
47	5.71875
47.0025	8.19375
47.005	13.3875
47.0075	16.3375
47.01	15.175
47.0125	11.00625
47.015	5.73125
47.0175	2.18125
47.02	3.1875
47.0225	8.68125
47.025	14.4625
47.0275	17.19375
47.03	17.51875
47.0325	17.075
47.035	15.14375
47.0375	9.9875
47.04	2.16875
47.0425	-4.925
47.045	-8.8625
47.0475	-9.89375
47.05	-7.8625
47.0525	-3.65
47.055	0.1625
47.0575	2.61875
47.06	4.76875
47.0625	6.88125
47.065	8.25625
47.0675	11.29375
47.07	19.61875
47.0725	30.43125
47.075	31.73125
47.0775	16.68125
47.08	-4.9125
47.0825	-16.68125
47.085	-12.8
47.0875	-1.0125
47.09	9.05
47.0925	15.175
47.095	19.64375
47.0975	22.675
47.1	23
47.1025	20.5375
47.105	15.93125
47.1075	10.18125
47.11	4.80625
47.1125	1.86875
47.115	2.3875
47.1175	2.65
47.12	-0.10625
47.1225	-2.36875
47.125	-4.33125
47.1275	-11.03125
47.13	-18.26875
47.1325	-17.11875
47.135	-8.31875
47.1375	0.59375
47.14	3.2625
47.1425	0.18125
47.145	-4.03125
47.1475	-7.86875
47.15	-11.53125
47.1525	-12.375
47.155	-8.9875
47.1575	-3.26875
47.16	0.44375
47.1625	-1.6
47.165	-7.24375
47.1675	-11.1875
47.17	-10.1
47.1725	-5.30625
47.175	-2.325
47.1775	-6.6
47.18	-16.55625
47.1825	-23.45625
47.185	-22.5625
47.1875	-20.1375
47.19	-22.35625
47.1925	-27.68125
47.195	-34.075
47.1975	-41.1125
47.2	-46.48125
47.2025	-47.31875
47.205	-43.475
47.2075	-40.5125
47.21	-46.7625
47.2125	-58.11875
47.215	-63.075
47.2175	-64.81875
47.22	-74.06875
47.2225	-89.06875
47.225	-100.9187
47.2275	-104.6062
47.23	-98.40625
47.2325	-83.8375
47.235	-65.23125
47.2375	-49.43125
47.24	-44.1375
47.2425	-50.69375
47.245	-60.25625
47.2475	-63.575
47.25	-61.14375
47.2525	-57.66875
47.255	-53.55
47.2575	-48.94375
47.26	-46.30625
47.2625	-44.65625
47.265	-40.875
47.2675	-33.5375
47.27	-24.13125
47.2725	-16.8
47.275	-14.8875
47.2775	-17.83125
47.28	-22.1
47.2825	-28.34375
47.285	-39.30625
47.2875	-49.975
47.29	-51.4125
47.2925	-44.03125
47.295	-38.35
47.2975	-41.38125
47.3	-48.875
47.3025	-51.35
47.305	-47.8375
47.3075	-43.85625
47.31	-41.2625
47.3125	-41.19375
47.315	-44.675
47.3175	-48.44375
47.32	-47.70625
47.3225	-42.1
47.325	-35.925
47.3275	-33.34375
47.33	-33.98125
47.3325	-33.9125
47.335	-31.0875
47.3375	-26.59375
47.34	-23.675
47.3425	-24.0375
47.345	-25.08125
47.3475	-24.40625
47.35	-22.15625
47.3525	-16.19375
47.355	-5.98125
47.3575	1.10625
47.36	0.075
47.3625	-3.90625
47.365	-5.11875
47.3675	-4.475
47.37	-3.2125
47.3725	-1.46875
47.375	-2.38125
47.3775	-7.0875
47.38	-10.70625
47.3825	-11.025
47.385	-11.29375
47.3875	-11.56875
47.39	-10.45
47.3925	-11.59375
47.395	-18.73125
47.3975	-27.7125
47.4	-30.80625
47.4025	-26.3875
47.405	-19.8875
47.4075	-17.6
47.41	-21.99375
47.4125	-29.95
47.415	-35.03125
47.4175	-34.04375
47.42	-27.06875
47.4225	-17.0625
47.425	-11.625
47.4275	-12.8125
47.43	-14.475
47.4325	-14.76875
47.435	-14.6875
47.4375	-11.0375
47.44	-6.85625
47.4425	-7.60625
47.445	-8.325
47.4475	-4.5875
47.45	-0.16875
47.4525	2.98125
47.455	6.36875
47.4575	9.70625
47.46	9.8375
47.4625	7.18125
47.465	6.49375
47.4675	9.05625
47.47	13.55
47.4725	16.7375
47.475	14.2875
47.4775	5.66875
47.48	-4.05
47.4825	-10.9875
47.485	-12.69375
47.4875	-10.79375
47.49	-11.4875
47.4925	-15.4375
47.495	-19.25
47.4975	-21.55625
47.5	-22.1
47.5025	-19.275
47.505	-13.46875
47.5075	-8.15625
47.51	-6.175
47.5125	-7.65625
47.515	-10.2
47.5175	-10.09375
47.52	-6.775
47.5225	-4.00625
47.525	-4.36875
47.5275	-4.325
47.53	1.54375
47.5325	12.75625
47.535	24.025
47.5375	31.40625
47.54	33.21875
47.5425	29.94375
47.545	25.55
47.5475	21.95625
47.55	18.80625
47.5525	18.68125
47.555	22.35
47.5575	27.04375
47.56	30.9125
47.5625	33.40625
47.565	31.68125
47.5675	21.65
47.57	6.53125
47.5725	-3.58125
47.575	-6.89375
47.5775	-11.00625
47.58	-16.20625
47.5825	-16.4375
47.585	-9.6375
47.5875	-1.825
47.59	-3.475
47.5925	-16.76875
47.595	-32.0375
47.5975	-39.5
47.6	-36.10625
47.6025	-26.38125
47.605	-18.1375
47.6075	-15.31875
47.61	-18.05625
47.6125	-23.125
47.615	-24.40625
47.6175	-18.58125
47.62	-7.8625
47.6225	2.41875
47.625	6.05
47.6275	1.3875
47.63	-6.59375
47.6325	-10.7125
47.635	-9.175
47.6375	-7.6375
47.64	-9.7
47.6425	-11.89375
47.645	-11.35
47.6475	-8.23125
47.65	-3.7375
47.6525	-2.45
47.655	-8.09375
47.6575	-17.20625
47.66	-24.53125
47.6625	-28.725
47.665	-28.84375
47.6675	-24.44375
47.67	-19.28125
47.6725	-17.04375
47.675	-17.44375
47.6775	-17.46875
47.68	-12.9875
47.6825	-3.84375
47.685	3.55
47.6875	2.66875
47.69	-6.05625
47.6925	-17.21875
47.695	-24.89375
47.6975	-26.0625
47.7	-20.94375
47.7025	-12.24375
47.705	-4.83125
47.7075	-1.775
47.71	-3.075
47.7125	-6.33125
47.715	-7.45625
47.7175	-2.7125
47.72	7.8
47.7225	17.76875
47.725	18.45
47.7275	8.61875
47.73	-2.275
47.7325	-5.275
47.735	1.1625
47.7375	11.18125
47.74	17.16875
47.7425	17.79375
47.745	16.2125
47.7475	15.3125
47.75	16.60625
47.7525	18.73125
47.755	17.73125
47.7575	11.3625
47.76	1.35
47.7625	-7.20625
47.765	-10.5125
47.7675	-10.43125
47.77	-8.1375
47.7725	-3.63125
47.775	-0.79375
47.7775	-1.49375
47.78	-0.63125
47.7825	4.55625
47.785	8.6625
47.7875	7.51875
47.79	3.05
47.7925	-1.925
47.795	-4.6875
47.7975	-2.4375
47.8	4.85625
47.8025	14.14375
47.805	21.0625
47.8075	18.94375
47.81	4.66875
47.8125	-13.30625
47.815	-21.81875
47.8175	-17.1625
47.82	-8.36875
47.8225	-5.6
47.825	-8.2375
47.8275	-7.2625
47.83	-1.7625
47.8325	0.11875
47.835	-3.16875
47.8375	-6.05
47.84	-7.38125
47.8425	-9.55625
47.845	-11.08125
47.8475	-9.9
47.85	-8.2375
47.8525	-8.9
47.855	-10.23125
47.8575	-11.39375
47.86	-15.0375
47.8625	-17.4875
47.865	-12.48125
47.8675	-3.7125
47.87	0.20625
47.8725	-3.55
47.875	-11.5
47.8775	-16.60625
47.88	-14.575
47.8825	-8.9625
47.885	-3.38125
47.8875	1.1125
47.89	1.65
47.8925	-2.6875
47.895	-5.50625
47.8975	-2.1375
47.9	1.58125
47.9025	1.54375
47.905	3.35
47.9075	7.3875
47.91	5.55
47.9125	-1.26875
47.915	-4.9
47.9175	-3.25625
47.92	1.0125
47.9225	4.88125
47.925	5.7125
47.9275	2.8375
47.93	-2.2625
47.9325	-6.63125
47.935	-6.11875
47.9375	-0.65
47.94	3.95625
47.9425	2.40625
47.945	-3.8375
47.9475	-7.7625
47.95	-6.25
47.9525	-3.56875
47.955	-3.6625
47.9575	-5.375
47.96	-8.34375
47.9625	-12.93125
47.965	-15.5
47.9675	-12.4
47.97	-6.45
47.9725	-3.125
47.975	-3.7875
47.9775	-9.3125
47.98	-19.06875
47.9825	-26.4375
47.985	-25.85625
47.9875	-20.39375
47.99	-14.83125
47.9925	-9.4375
47.995	-3.625
47.9975	1.125
48	3.275
48.0025	3.40625
48.005	5.80625
48.0075	13.875
48.01	23.85625
48.0125	29.525
48.015	27.8875
48.0175	19.9625
48.02	11.6
48.0225	7.7625
48.025	4.98125
48.0275	-0.13125
48.03	-3.7125
48.0325	-2.025
48.035	3.2375
48.0375	6.88125
48.04	3.5125
48.0425	-4.4875
48.045	-5.08125
48.0475	3.96875
48.05	9.0375
48.0525	3.2125
48.055	-4.7125
48.0575	-7.6875
48.06	-8.8
48.0625	-11.36875
48.065	-12.70625
48.0675	-10.05
48.07	-5.34375
48.0725	-0.46875
48.075	2.75625
48.0775	3.2375
48.08	3.3
48.0825	5.45
48.085	11.4
48.0875	19.76875
48.09	21.025
48.0925	9.88125
48.095	-3.625
48.0975	-6.9625
48.1	0.98125
48.1025	13.54375
48.105	22.925
48.1075	24.71875
48.11	21.63125
48.1125	20.63125
48.115	21.5875
48.1175	15.9875
48.12	2.8875
48.1225	-8.90625
48.125	-14.74375
48.1275	-15.23125
48.13	-10.73125
48.1325	-5.63125
48.135	-6.3625
48.1375	-12.59375
48.14	-17.2625
48.1425	-16.58125
48.145	-13.03125
48.1475	-10.6125
48.15	-12.94375
48.1525	-20.3125
48.155	-31.23125
48.1575	-45.425
48.16	-60.43125
48.1625	-68.7125
48.165	-67.5125
48.1675	-62.4
48.17	-58.49375
48.1725	-59.16875
48.175	-65.75
48.1775	-73.55
48.18	-76.06875
48.1825	-73.91875
48.185	-70.9375
48.1875	-68.48125
48.19	-66.95625
48.1925	-65.2625
48.195	-61.50625
48.1975	-55.9
48.2	-50.16875
48.2025	-44.225
48.205	-38.71875
48.2075	-38.7125
48.21	-44.875
48.2125	-52.0375
48.215	-57.86875
48.2175	-62.36875
48.22	-64.025
48.2225	-64.5625
48.225	-66.4375
48.2275	-70.425
48.23	-76.74375
48.2325	-79.84375
48.235	-74.60625
48.2375	-64.8375
48.24	-57.34375
48.2425	-52.84375
48.245	-48.34375
48.2475	-45.675
48.25	-50.95625
48.2525	-64.0125
48.255	-75.9625
48.2575	-80.86875
48.26	-79.7375
48.2625	-75.19375
48.265	-69.13125
48.2675	-64.69375
48.27	-64.9625
48.2725	-67.2
48.275	-66.45625
48.2775	-61.18125
48.28	-52.525
48.2825	-43.89375
48.285	-37.03125
48.2875	-29.86875
48.29	-22.7375
48.2925	-17.975
48.295	-13.925
48.2975	-9.44375
48.3	-6.20625
48.3025	-3.88125
48.305	-1.94375
48.3075	-3.40625
48.31	-9.64375
48.3125	-16.95625
48.315	-22.45625
48.3175	-26.38125
48.32	-28.38125
48.3225	-28.15
48.325	-25.825
48.3275	-22.175
48.33	-21.73125
48.3325	-27.7
48.335	-35.5
48.3375	-38.4625
48.34	-34.63125
48.3425	-27.975
48.345	-23.70625
48.3475	-19.775
48.35	-12.99375
48.3525	-8.46875
48.355	-11.48125
48.3575	-18.55625
48.36	-26.325
48.3625	-36.00625
48.365	-44.41875
48.3675	-45.19375
48.37	-38.7
48.3725	-31.2125
48.375	-26.34375
48.3775	-23.3625
48.38	-19.4625
48.3825	-11.31875
48.385	1.24375
48.3875	11.6125
48.39	12.1125
48.3925	5.30625
48.395	0.24375
48.3975	0.85625
48.4	6.0375
48.4025	14.125
48.405	20.675
48.4075	18.49375
48.41	7.45
48.4125	-2.34375
48.415	-2.60625
48.4175	3.74375
48.42	8.6375
48.4225	7.96875
48.425	3.475
48.4275	-2.39375
48.43	-7.875
48.4325	-9.2875
48.435	-4.4625
48.4375	2.59375
48.44	6.85
48.4425	6.5875
48.445	2.90625
48.4475	-0.55
48.45	1.88125
48.4525	9.275
48.455	12.20625
48.4575	7.96875
48.46	4.2875
48.4625	4.54375
48.465	5.31875
48.4675	7.80625
48.47	13.74375
48.4725	19.08125
48.475	20.18125
48.4775	20.48125
48.48	23.65625
48.4825	28.625
48.485	31.94375
48.4875	30.2
48.49	23.9375
48.4925	15.375
48.495	4.55625
48.4975	-5.45625
48.5	-8.625
48.5025	-5.25
48.505	0.1625
48.5075	6.15625
48.51	10.45625
48.5125	10.2
48.515	6.80625
48.5175	4.2625
48.52	3.63125
48.5225	3.13125
48.525	1.475
48.5275	-1.525
48.53	-3.50625
48.5325	1.36875
48.535	13.55625
48.5375	21.5375
48.54	15.24375
48.5425	-0.3125
48.545	-12.6125
48.5475	-15.68125
48.55	-10.3625
48.5525	-1.275
48.555	5.41875
48.5575	6.60625
48.56	5.1
48.5625	5.46875
48.565	8.9625
48.5675	14.4125
48.57	19.60625
48.5725	21.7875
48.575	18.98125
48.5775	13.7125
48.58	12.075
48.5825	17.925
48.585	28.525
48.5875	33.98125
48.59	25.6
48.5925	5.025
48.595	-15.925
48.5975	-26.7625
48.6	-25.79375
48.6025	-16.38125
48.605	-2.96875
48.6075	3.94375
48.61	-3.625
48.6125	-17.63125
48.615	-25
48.6175	-24.3
48.62	-21.8125
48.6225	-21.05625
48.625	-22.1
48.6275	-22.25625
48.63	-17.69375
48.6325	-8.25625
48.635	-0.35625
48.6375	0.70625
48.64	-1.48125
48.6425	-1.0625
48.645	1.7875
48.6475	4.65625
48.65	7.55625
48.6525	11.51875
48.655	15.475
48.6575	16.08125
48.66	11.7875
48.6625	6.575
48.665	5.325
48.6675	9.35
48.67	15.44375
48.6725	17.5
48.675	12.8625
48.6775	5.0375
48.68	-2.40625
48.6825	-7.46875
48.685	-9.03125
48.6875	-10.76875
48.69	-14.35
48.6925	-16.58125
48.695	-18.175
48.6975	-22.1625
48.7	-26.275
48.7025	-25.35625
48.705	-18.84375
48.7075	-13.45625
48.71	-16.2125
48.7125	-25.8875
48.715	-34.5125
48.7175	-36.075
48.72	-32.4625
48.7225	-29.51875
48.725	-27.91875
48.7275	-24.46875
48.73	-20.38125
48.7325	-18.5625
48.735	-16.5625
48.7375	-11.79375
48.74	-8.9
48.7425	-10.94375
48.745	-12.1625
48.7475	-8.16875
48.75	0.09375
48.7525	10.625
48.755	18.8875
48.7575	20.2625
48.76	15.50625
48.7625	8.68125
48.765	2.4125
48.7675	-1.475
48.77	-2.4625
48.7725	-2.78125
48.775	-4.8375
48.7775	-9.06875
48.78	-13.08125
48.7825	-13.66875
48.785	-10.13125
48.7875	-3.35
48.79	2.91875
48.7925	2.85625
48.795	-4.06875
48.7975	-12.5375
48.8	-19.19375
48.8025	-22.45
48.805	-21.1625
48.8075	-18.825
48.81	-20.35
48.8125	-26.73125
48.815	-30.9125
48.8175	-24.86875
48.82	-13.2
48.8225	-7.375
48.825	-9.66875
48.8275	-14.6625
48.83	-16.98125
48.8325	-12.93125
48.835	-2.84375
48.8375	9.0375
48.84	17.23125
48.8425	18.125
48.845	14.71875
48.8475	14.3125
48.85	20.6875
48.8525	30.60625
48.855	36.8
48.8575	35.075
48.86	27.28125
48.8625	18.55
48.865	13.4125
48.8675	13.5375
48.87	15.4
48.8725	12.4625
48.875	2.825
48.8775	-9.4
48.88	-20.16875
48.8825	-26.21875
48.885	-26.54375
48.8875	-22.625
48.89	-17.98125
48.8925	-19.825
48.895	-29.925
48.8975	-39.76875
48.9	-43.70625
48.9025	-44.09375
48.905	-40.725
48.9075	-34.16875
48.91	-29.5625
48.9125	-27.975
48.915	-23.975
48.9175	-15.2125
48.92	-5.48125
48.9225	0.7625
48.925	1.525
48.9275	-0.84375
48.93	-0.46875
48.9325	5.56875
48.935	14.75
48.9375	22.98125
48.94	26.7125
48.9425	26.2625
48.945	25.98125
48.9475	27.3
48.95	26.21875
48.9525	20.5125
48.955	12.1625
48.9575	3.325
48.96	-3.2375
48.9625	-5.325
48.965	-5.2125
48.9675	-4.275
48.97	-3.24375
48.9725	-6.59375
48.975	-15.94375
48.9775	-27.36875
48.98	-37.76875
48.9825	-45.44375
48.985	-49.64375
48.9875	-52.84375
48.99	-55.3875
48.9925	-53.80625
48.995	-46.7625
48.9975	-36.375
49	-27.40625
49.0025	-24.14375
49.005	-25.3875
49.0075	-26.80625
49.01	-27.79375
49.0125	-28.125
49.015	-24.5625
49.0175	-16.78125
49.02	-9.25
49.0225	-4.05625
49.025	1.95
49.0275	10.38125
49.03	18.5375
49.0325	22.8625
49.035	21.925
49.0375	16.725
49.04	11.2875
49.0425	9.18125
49.045	9.09375
49.0475	8.2
49.05	6.6375
49.0525	6.45
49.055	6.89375
49.0575	4.6625
49.06	-0.5375
49.0625	-5.19375
49.065	-6.6375
49.0675	-5.975
49.07	-7.3875
49.0725	-15.20625
49.075	-27.9
49.0775	-37.66875
49.08	-39.03125
49.0825	-34.725
49.085	-29.85625
49.0875	-24.91875
49.09	-21.80625
49.0925	-24.31875
49.095	-29.0125
49.0975	-30.75
49.1	-29.05
49.1025	-23.03125
49.105	-12.7375
49.1075	-4.575
49.11	-3.55
49.1125	-6.95625
49.115	-9.51875
49.1175	-7.375
49.12	0.83125
49.1225	12.04375
49.125	18.24375
49.1275	15
49.13	7.21875
49.1325	2.45
49.135	3.0875
49.1375	6.05625
49.14	12.2625
49.1425	20.4125
49.145	19.54375
49.1475	5.86875
49.15	-6.09375
49.1525	-5.0375
49.155	1.93125
49.1575	4.1625
49.16	-1.19375
49.1625	-9.6
49.165	-17.875
49.1675	-24.76875
49.17	-28.225
49.1725	-28.85625
49.175	-29.65625
49.1775	-30.85
49.18	-31.2625
49.1825	-30.58125
49.185	-27.3125
49.1875	-22.35625
49.19	-20.6625
49.1925	-25.075
49.195	-32.31875
49.1975	-37.175
49.2	-38.1375
49.2025	-36.9
49.205	-35.94375
49.2075	-36.6875
49.21	-39.2625
49.2125	-42.29375
49.215	-40.3125
49.2175	-32.60625
49.22	-28.6125
49.2225	-32.60625
49.225	-38.4
49.2275	-44.4625
49.23	-51.1375
49.2325	-53.4625
49.235	-53.38125
49.2375	-56.325
49.24	-60.825
49.2425	-64.99375
49.245	-69.05625
49.2475	-70
49.25	-65.2125
49.2525	-58.06875
49.255	-52.06875
49.2575	-49.3875
49.26	-54.90625
49.2625	-68.91875
49.265	-81.4
49.2675	-85.45625
49.27	-84.65
49.2725	-82.75
49.275	-81.2875
49.2775	-80.40625
49.28	-78.4625
49.2825	-75.03125
49.285	-70.5875
49.2875	-64.85625
49.29	-61.1125
49.2925	-64.025
49.295	-70.13125
49.2975	-72.1375
49.3	-69.9125
49.3025	-68.05
49.305	-66.79375
49.3075	-66.31875
49.31	-68.28125
49.3125	-69.94375
49.315	-67.45625
49.3175	-59.58125
49.32	-50.025
49.3225	-46.25625
49.325	-50.9375
49.3275	-57.7625
49.33	-61.16875
49.3325	-60.2875
49.335	-55.93125
49.3375	-51.53125
49.34	-48.2625
49.3425	-46.475
49.345	-49.375
49.3475	-55.20625
49.35	-54.08125
49.3525	-45.0875
49.355	-40.13125
49.3575	-43.65
49.36	-49.40625
49.3625	-52.725
49.365	-51.3875
49.3675	-45.1
49.37	-38.7125
49.3725	-34.4875
49.375	-29.3375
49.3775	-25.6375
49.38	-26.7125
49.3825	-27.4375
49.385	-27.51875
49.3875	-32.76875
49.39	-40.70625
49.3925	-44.45625
49.395	-43.9625
49.3975	-42.1
49.4	-41.70625
49.4025	-41.71875
49.405	-34.175
49.4075	-21.875
49.41	-18.08125
49.4125	-23.19375
49.415	-25.675
49.4175	-21.26875
49.42	-13.975
49.4225	-7.84375
49.425	-6.3
49.4275	-9.975
49.43	-15.58125
49.4325	-18.63125
49.435	-17.3
49.4375	-14.49375
49.44	-13.25625
49.4425	-13.15
49.445	-13.39375
49.4475	-16.3625
49.45	-21.79375
49.4525	-22.49375
49.455	-16.8875
49.4575	-15.49375
49.46	-22.35625
49.4625	-28.6625
49.465	-29.075
49.4675	-26.3625
49.47	-23.9125
49.4725	-22.525
49.475	-23.975
49.4775	-31.35
49.48	-42.71875
49.4825	-49.06875
49.485	-45.1875
49.4875	-35.2125
49.49	-25.1875
49.4925	-15.88125
49.495	-6.59375
49.4975	1.80625
49.5	8.0375
49.5025	7.3875
49.505	-3.6625
49.5075	-18.36875
49.51	-27.725
49.5125	-30.54375
49.515	-27.31875
49.5175	-18.13125
49.52	-7.2875
49.5225	-2.0375
49.525	-5.975
49.5275	-13.56875
49.53	-16.2
49.5325	-14.40625
49.535	-14.725
49.5375	-18.95
49.54	-24.99375
49.5425	-31.41875
49.545	-33.8875
49.5475	-28.9125
49.55	-20.45625
49.5525	-13.46875
49.555	-7.3375
49.5575	-4.1125
49.56	-9.03125
49.5625	-17.75
49.565	-18.7125
49.5675	-8.66875
49.57	4.6125
49.5725	13.0125
49.575	12.6625
49.5775	3.6625
49.58	-8.3875
49.5825	-14.3375
49.585	-12.10625
49.5875	-8.0875
49.59	-4.30625
49.5925	0.6625
49.595	3.1625
49.5975	0.15625
49.6	-3.33125
49.6025	-1.9375
49.605	1.0875
49.6075	-1.575
49.61	-10
49.6125	-15.7
49.615	-13.275
49.6175	-4.625
49.62	4.9875
49.6225	8.9
49.625	4.14375
49.6275	-4.73125
49.63	-9.64375
49.6325	-6.375
49.635	0.29375
49.6375	2.41875
49.64	-1.525
49.6425	-7.96875
49.645	-11.95625
49.6475	-9.19375
49.65	-1.1
49.6525	4.5125
49.655	4.25
49.6575	1.78125
49.66	-0.60625
49.6625	-5.9875
49.665	-16.6375
49.6675	-26.83125
49.67	-31.54375
49.6725	-32.79375
49.675	-33.1
49.6775	-31.325
49.68	-27.98125
49.6825	-24.2875
49.685	-20.00625
49.6875	-15.15
49.69	-12.00625
49.6925	-14.0375
49.695	-18.925
49.6975	-19.18125
49.7	-12.4125
49.7025	-5.20625
49.705	-4.5625
49.7075	-12.125
49.71	-24.03125
49.7125	-33.29375
49.715	-33.76875
49.7175	-26.4375
49.72	-17.29375
49.7225	-10.8625
49.725	-11.05625
49.7275	-17.8625
49.73	-25
49.7325	-28.40625
49.735	-31.54375
49.7375	-38.6875
49.74	-49.775
49.7425	-59.825
49.745	-62.83125
49.7475	-59.13125
49.75	-54.8
49.7525	-52.48125
49.755	-49.4125
49.7575	-44.8
49.76	-43.89375
49.7625	-51.15625
49.765	-61.425
49.7675	-66.4
49.77	-65.4375
49.7725	-62.34375
49.775	-58.3875
49.7775	-53.95625
49.78	-47.25
49.7825	-38.16875
49.785	-33.79375
49.7875	-38.66875
49.79	-47.15625
49.7925	-50.78125
49.795	-48.575
49.7975	-46.1625
49.8	-46.75625
49.8025	-47.825
49.805	-47.7375
49.8075	-47.375
49.81	-47.9875
49.8125	-51.2
49.815	-55.08125
49.8175	-54.33125
49.82	-47.65
49.8225	-38.1
49.825	-30.01875
49.8275	-30.3
49.83	-40.9125
49.8325	-52.15
49.835	-54.80625
49.8375	-52.525
49.84	-52.7125
49.8425	-55.6125
49.845	-56.49375
49.8475	-53.14375
49.85	-47.6375
49.8525	-42.625
49.855	-40.7125
49.8575	-42.76875
49.86	-44.7
49.8625	-41.95
49.865	-36.29375
49.8675	-34.1625
49.87	-39.26875
49.8725	-47.45
49.875	-50.6125
49.8775	-45.6625
49.88	-36.4125
49.8825	-27.7625
49.885	-22.90625
49.8875	-23.3125
49.89	-27.96875
49.8925	-33.63125
49.895	-36.25
49.8975	-33.1625
49.9	-24.85625
49.9025	-15.95625
49.905	-13.5125
49.9075	-19.6
49.91	-27.0125
49.9125	-27.9
49.915	-22.08125
49.9175	-13.0875
49.92	-3.73125
49.9225	2.83125
49.925	2.24375
49.9275	-4.6125
49.93	-8.78125
49.9325	-6.575
49.935	-4.15625
49.9375	-3.4875
49.94	0.13125
49.9425	3.18125
49.945	-5.10625
49.9475	-22.69375
49.95	-33.60625
49.9525	-28.5875
49.955	-15.125
49.9575	-8.375
49.96	-12.9875
49.9625	-18.24375
49.965	-17.8
49.9675	-18.13125
49.97	-21.15625
49.9725	-22.28125
49.975	-21.34375
49.9775	-20.25
49.98	-19.26875
49.9825	-17.4875
49.985	-13.475
49.9875	-8.525
49.99	-6.35
49.9925	-7.625
49.995	-10.60625
49.9975	-13.6375
50	-15.5625
50.0025	-17.70625
50.005	-22.50625
50.0075	-27.8
50.01	-29.38125
50.0125	-25.20625
50.015	-15.2875
50.0175	-4.53125
50.02	3.025
50.0225	6.19375
50.025	3.76875
50.0275	-4.40625
50.03	-11.925
50.0325	-14.28125
50.035	-15.2
50.0375	-16.10625
50.04	-16.4875
50.0425	-18.55625
50.045	-21.2375
50.0475	-17.93125
50.05	-9.3875
50.0525	-2.21875
50.055	1.56875
50.0575	3.1125
50.06	2.1875
50.0625	0.34375
50.065	2.4
50.0675	8.55625
50.07	11.475
50.0725	7.65
50.075	1.75
50.0775	-3.5625
50.08	-8.31875
50.0825	-9.83125
50.085	-5.2375
50.0875	4.0625
50.09	11.8
50.0925	13.44375
50.095	9.75
50.0975	1.75625
50.1	-8.90625
50.1025	-14.0875
50.105	-8.65
50.1075	-0.175
50.11	2.1125
50.1125	-2.9875
50.115	-11.09375
50.1175	-16.5125
50.12	-14.4875
50.1225	-7.05625
50.125	-0.525
50.1275	4.19375
50.13	9.16875
50.1325	13.35
50.135	15.6125
50.1375	18.85625
50.14	27.15625
50.1425	37.1125
50.145	37.15625
50.1475	22.98125
50.15	5.5125
50.1525	-2.425
50.155	-1.85625
50.1575	0.58125
50.16	5.59375
50.1625	11.15625
50.165	7.15
50.1675	-6.225
50.17	-15.6625
50.1725	-16.79375
50.175	-15.6375
50.1775	-13.35625
50.18	-8.7875
50.1825	-5.66875
50.185	-5.69375
50.1875	-3.75625
50.19	3.05
50.1925	9.925
50.195	10.325
50.1975	7.2625
50.2	9.95625
50.2025	16.175
50.205	16.13125
50.2075	11.075
50.21	8.9
50.2125	12.1875
50.215	20.70625
50.2175	31.56875
50.22	39.10625
50.2225	42.175
50.225	41.13125
50.2275	32.80625
50.23	20.08125
50.2325	13.40625
50.235	16.40625
50.2375	23.7375
50.24	30.3625
50.2425	33.40625
50.245	31.14375
50.2475	24.275
50.25	16.48125
50.2525	9.7625
50.255	1.5625
50.2575	-8.9375
50.26	-16.53125
50.2625	-17.06875
50.265	-11.8
50.2675	-4.4375
50.27	1.09375
50.2725	3.13125
50.275	1.98125
50.2775	0.29375
50.28	3.9625
50.2825	15.80625
50.285	30.45625
50.2875	38.2
50.29	31.50625
50.2925	14.08125
50.295	0.3
50.2975	0.14375
50.3	10.9
50.3025	24.01875
50.305	32.475
50.3075	35.59375
50.31	38.0875
50.3125	42.19375
50.315	46.03125
50.3175	47.69375
50.32	46.93125
50.3225	42.95
50.325	35.06875
50.3275	26.61875
50.33	23.51875
50.3325	27.5625
50.335	35.7625
50.3375	43.6625
50.34	47.56875
50.3425	45.7625
50.345	34.38125
50.3475	13.79375
50.35	-3.43125
50.3525	-6.44375
50.355	-1.8875
50.3575	-1.99375
50.36	-9.2625
50.3625	-17.975
50.365	-21.90625
50.3675	-17.58125
50.37	-3.625
50.3725	11.85
50.375	15.3125
50.3775	4.43125
50.38	-9.78125
50.3825	-16.5625
50.385	-11.79375
50.3875	1.71875
50.39	18.8
50.3925	37.1875
50.395	52.24375
50.3975	56.35625
50.4	48.925
50.4025	38.9375
50.405	33.98125
50.4075	33.74375
50.41	35.60625
50.4125	39.65625
50.415	42.775
50.4175	40.2625
50.42	35.58125
50.4225	37.01875
50.425	43.51875
50.4275	43.79375
50.43	34.625
50.4325	26.4375
50.435	25.50625
50.4375	26.225
50.44	24.025
50.4425	18.89375
50.445	12.75625
50.4475	8.60625
50.45	7.21875
50.4525	8.09375
50.455	10.4125
50.4575	11.7625
50.46	15.7125
50.4625	25.4375
50.465	30.50625
50.4675	22.7375
50.47	12.09375
50.4725	9.73125
50.475	13.14375
50.4775	16.25625
50.48	20.76875
50.4825	29.65
50.485	35.9875
50.4875	32.8875
50.49	25.48125
50.4925	22.04375
50.495	21.45
50.4975	18.86875
50.5	15.8625
50.5025	17.0625
50.505	22.925
50.5075	28.8125
50.51	31.4875
50.5125	33.275
50.515	33.50625
50.5175	24.09375
50.52	5.29375
50.5225	-10.59375
50.525	-15.76875
50.5275	-13.60625
50.53	-11.0875
50.5325	-11.5625
50.535	-13.125
50.5375	-12.8
50.54	-14.86875
50.5425	-28
50.545	-49.3625
50.5475	-63.075
50.55	-61.96875
50.5525	-54.9625
50.555	-51.71875
50.5575	-51.23125
50.56	-48.025
50.5625	-41.96875
50.565	-37.98125
50.5675	-38.88125
50.57	-42.6
50.5725	-45.2875
50.575	-43.63125
50.5775	-34.8375
50.58	-21.775
50.5825	-16.40625
50.585	-24.7875
50.5875	-38.45
50.59	-48.775
50.5925	-54.76875
50.595	-55.79375
50.5975	-52.03125
50.6	-45.99375
50.6025	-40.3625
50.605	-36.98125
50.6075	-37.33125
50.61	-43.08125
50.6125	-51.98125
50.615	-58.39375
50.6175	-58.66875
50.62	-55.46875
50.6225	-54.70625
50.625	-59.0875
50.6275	-65.7375
50.63	-71.15625
50.6325	-75.2125
50.635	-75.6875
50.6375	-70.725
50.64	-63.78125
50.6425	-61.8125
50.645	-65.8875
50.6475	-69.6625
50.65	-68.85625
50.6525	-64.2
50.655	-57.875
50.6575	-50.05
50.66	-39.125
50.6625	-23.65625
50.665	-6.51875
50.6675	1.925
50.67	-4.475
50.6725	-15.475
50.675	-18.05
50.6775	-15.225
50.68	-16.7625
50.6825	-20.7
50.685	-19.3
50.6875	-13.4625
50.69	-9.88125
50.6925	-11.74375
50.695	-19.4375
50.6975	-30.125
50.7	-37.975
50.7025	-40.80625
50.705	-39.8875
50.7075	-37.525
50.71	-37.03125
50.7125	-37.71875
50.715	-35.28125
50.7175	-30.375
50.72	-28.6125
50.7225	-34.76875
50.725	-47.20625
50.7275	-57.375
50.73	-57.96875
50.7325	-51.41875
50.735	-45.49375
50.7375	-44.4
50.74	-47.70625
50.7425	-52.03125
50.745	-53.30625
50.7475	-49.14375
50.75	-40.85
50.7525	-32.5375
50.755	-27.45
50.7575	-25.0125
50.76	-21.1
50.7625	-11.825
50.765	-0.1375
50.7675	5.28125
50.77	0.93125
50.7725	-6.73125
50.775	-9.1
50.7775	-2.775
50.78	9.36875
50.7825	20.93125
50.785	25.8375
50.7875	21.51875
50.79	11.2
50.7925	0.14375
50.795	-7.63125
50.7975	-9.425
50.8	-6.79375
50.8025	-5.825
50.805	-11.24375
50.8075	-22
50.81	-32.85
50.8125	-39.25
50.815	-41.44375
50.8175	-41.71875
50.82	-41.15625
50.8225	-40.73125
50.825	-40.825
50.8275	-40.0625
50.83	-36.81875
50.8325	-31.9375
50.835	-27.0875
50.8375	-21.95
50.84	-16.15625
50.8425	-10.98125
50.845	-6.1125
50.8475	0.7625
50.85	11.35625
50.8525	24.225
50.855	32.45625
50.8575	31.26875
50.86	23.7
50.8625	15.39375
50.865	10.53125
50.8675	10.49375
50.87	12.125
50.8725	12.65
50.875	12.51875
50.8775	12.9125
50.88	18.675
50.8825	30.9
50.885	42.15
50.8875	45.5125
50.89	36.74375
50.8925	17.475
50.895	1.425
50.8975	-2.925
50.9	-4.875
50.9025	-10.4375
50.905	-13.125
50.9075	-9.90625
50.91	-6.0125
50.9125	-4.45
50.915	-4.325
50.9175	-5.325
50.92	-7.54375
50.9225	-9.29375
50.925	-9.7
50.9275	-4.60625
50.93	11.025
50.9325	26.5875
50.935	27.325
50.9375	18.6875
50.94	14.35
50.9425	15.34375
50.945	18.34375
50.9475	21.4875
50.95	22.8375
50.9525	24.8125
50.955	29.55
50.9575	35.275
50.96	40.83125
50.9625	42.4625
50.965	34.5375
50.9675	21.66875
50.97	15.14375
50.9725	16.325
50.975	19
50.9775	20.51875
50.98	22.575
50.9825	25.775
50.985	28.36875
50.9875	26.59375
50.99	16.53125
50.9925	0.4
50.995	-12.90625
50.9975	-17.475
51	-15.9375
51.0025	-12.7125
51.005	-9.3375
51.0075	-7.175
51.01	-4.825
51.0125	2.45
51.015	10.0625
51.0175	9.15
51.02	4.9875
51.0225	7.275
51.025	14.1625
51.0275	18.4375
51.03	17.30625
51.0325	13.56875
51.035	13.2
51.0375	16.14375
51.04	16.1875
51.0425	12.45625
51.045	9.44375
51.0475	8.93125
51.05	11.225
51.0525	16.725
51.055	21.60625
51.0575	23.725
51.06	26.1125
51.0625	27.51875
51.065	25.23125
51.0675	20.9875
51.07	13.93125
51.0725	0.71875
51.075	-12.6125
51.0775	-14.10625
51.08	-5.34375
51.0825	2.38125
51.085	5.90625
51.0875	4.5125
51.09	-6.90625
51.0925	-23.0625
51.095	-30.75625
51.0975	-27.75625
51.1	-20.11875
51.1025	-10.1875
51.105	0.9625
51.1075	7.84375
51.11	6.03125
51.1125	-1.6125
51.115	-6.29375
51.1175	-2.83125
51.12	5.50625
51.1225	10.9125
51.125	8.4875
51.1275	1.51875
51.13	-1.4375
51.1325	7.25
51.135	23.6
51.1375	33.83125
51.14	32.01875
51.1425	24.775
51.145	17.68125
51.1475	11.5375
51.15	9.9625
51.1525	14.2125
51.155	19.74375
51.1575	21.80625
51.16	21.38125
51.1625	23.5625
51.165	26.975
51.1675	26.3
51.17	19.60625
51.1725	7.46875
51.175	-7.49375
51.1775	-19.74375
51.18	-23.81875
51.1825	-18.6375
51.185	-10.0625
51.1875	-7.81875
51.19	-12.7875
51.1925	-18.2125
51.195	-21.18125
51.1975	-20.7875
51.2	-15.8375
51.2025	-6.675
51.205	3.99375
51.2075	12.2875
51.21	13.80625
51.2125	8.61875
51.215	2.70625
51.2175	0.45
51.22	1.18125
51.2225	2.55625
51.225	4.10625
51.2275	6.7
51.23	12.94375
51.2325	21.05625
51.235	23.00625
51.2375	15.70625
51.24	5.86875
51.2425	0
51.245	-0.94375
51.2475	1.06875
51.25	3.25
51.2525	4.31875
51.255	3.75
51.2575	1.73125
51.26	-0.275
51.2625	-0.19375
51.265	4.48125
51.2675	10.925
51.27	10.83125
51.2725	1.59375
51.275	-10.5875
51.2775	-20.86875
51.28	-28.95625
51.2825	-33.76875
51.285	-34.025
51.2875	-30.35625
51.29	-25.39375
51.2925	-20.74375
51.295	-16.9125
51.2975	-13.775
51.3	-9.44375
51.3025	-2.83125
51.305	5.75
51.3075	12.45625
51.31	11.99375
51.3125	4.41875
51.315	-3.73125
51.3175	-7.19375
51.32	-5.675
51.3225	2.35
51.325	12.31875
51.3275	13.875
51.33	7.95625
51.3325	6.14375
51.335	11.2625
51.3375	16.28125
51.34	16.14375
51.3425	11.675
51.345	5.9
51.3475	-0.875
51.35	-6.7125
51.3525	-10.16875
51.355	-16.1125
51.3575	-25.69375
51.36	-32.925
51.3625	-35.20625
51.365	-34.53125
51.3675	-32.38125
51.37	-29.525
51.3725	-26.01875
51.375	-22.50625
51.3775	-19.9875
51.38	-18.31875
51.3825	-17.1625
51.385	-16.69375
51.3875	-15.8375
51.39	-10.86875
51.3925	-1.56875
51.395	4.85
51.3975	5.5875
51.4	6.94375
51.4025	10.3125
51.405	9.7875
51.4075	3.99375
51.41	-0.75625
51.4125	0.04375
51.415	4.86875
51.4175	10.08125
51.42	13.94375
51.4225	15.8125
51.425	14.575
51.4275	10.4125
51.43	5.7375
51.4325	4.925
51.435	8.33125
51.4375	8.9875
51.44	3.69375
51.4425	-2.6
51.445	-6.6625
51.4475	-11.9875
51.45	-19.31875
51.4525	-24.9
51.455	-28.75
51.4575	-33.81875
51.46	-38.75625
51.4625	-39.40625
51.465	-36.1
51.4675	-32.1125
51.47	-29.25625
51.4725	-26.1
51.475	-23.21875
51.4775	-22.76875
51.48	-22.09375
51.4825	-17.88125
51.485	-12.41875
51.4875	-7.38125
51.49	-1.575
51.4925	2.7375
51.495	3.475
51.4975	1.26875
51.5	-2.0625
51.5025	-4.54375
51.505	-4.46875
51.5075	-2.6
51.51	-2.43125
51.5125	-4.48125
51.515	-4.7
51.5175	-0.21875
51.52	4.81875
51.5225	5.5125
51.525	2.625
51.5275	-1.5625
51.53	-7.20625
51.5325	-15.19375
51.535	-24.21875
51.5375	-30.40625
51.54	-30.5875
51.5425	-27.25
51.545	-24.26875
51.5475	-23.0375
51.55	-24.64375
51.5525	-28.84375
51.555	-33.35
51.5575	-38.30625
51.56	-44.69375
51.5625	-47.85625
51.565	-40.525
51.5675	-22.99375
51.57	-4.225
51.5725	1.81875
51.575	-12.73125
51.5775	-36.1625
51.58	-49.3875
51.5825	-47.88125
51.585	-38.625
51.5875	-27.80625
51.59	-20.75625
51.5925	-19.49375
51.595	-19.225
51.5975	-14.73125
51.6	-7.91875
51.6025	-3.89375
51.605	-4.46875
51.6075	-8.1625
51.61	-12.8875
51.6125	-16.36875
51.615	-17.88125
51.6175	-19.05625
51.62	-22.51875
51.6225	-28.35625
51.625	-34.70625
51.6275	-41.75625
51.63	-48
51.6325	-50.0625
51.635	-48.2
51.6375	-47.96875
51.64	-53.325
51.6425	-60.225
51.645	-62.54375
51.6475	-60.1875
51.65	-55.5625
51.6525	-47.35
51.655	-37.03125
51.6575	-32.51875
51.66	-36.275
51.6625	-40.29375
51.665	-38.5875
51.6675	-30.44375
51.67	-16.6
51.6725	-6.34375
51.675	-9.125
51.6775	-17.09375
51.68	-17.8
51.6825	-13.2875
51.685	-9.55625
51.6875	-7.7625
51.69	-7.54375
51.6925	-8.1125
51.695	-8.51875
51.6975	-8.65
51.7	-7.88125
51.7025	-5.7
51.705	-3.6125
51.7075	-1.34375
51.71	3.375
51.7125	8.24375
51.715	6.28125
51.7175	-4.075
51.72	-15.79375
51.7225	-22.33125
51.725	-24.61875
51.7275	-26.4875
51.73	-30.7875
51.7325	-37.075
51.735	-40.775
51.7375	-40.39375
51.74	-40.7125
51.7425	-45.23125
51.745	-52.70625
51.7475	-58.8375
51.75	-56.55625
51.7525	-44.63125
51.755	-29.0375
51.7575	-14.6625
51.76	-6.625
51.7625	-6.65
51.765	-8.15
51.7675	-5.025
51.77	1.4875
51.7725	6.64375
51.775	6.2625
51.7775	1.56875
51.78	0.14375
51.7825	5.96875
51.785	15.18125
51.7875	20.175
51.79	17.5125
51.7925	11.4375
51.795	7.49375
51.7975	5.61875
51.8	4.89375
51.8025	6.825
51.805	8.95625
51.8075	5.09375
51.81	-5.6375
51.8125	-17.0375
51.815	-25.11875
51.8175	-32.75625
51.82	-43.0625
51.8225	-52.21875
51.825	-54.79375
51.8275	-53.675
51.83	-54.7875
51.8325	-55.825
51.835	-51.25625
51.8375	-43.09375
51.84	-40.24375
51.8425	-46.30625
51.845	-53.825
51.8475	-54.175
51.85	-46.36875
51.8525	-32.8
51.855	-17.78125
51.8575	-7.2
51.86	0.13125
51.8625	7.775
51.865	12.49375
51.8675	12.51875
51.87	13.15625
51.8725	17.40625
51.875	22.3
51.8775	25.14375
51.88	25.26875
51.8825	24.2
51.885	23.30625
51.8875	19.94375
51.89	12.94375
51.8925	5.8
51.895	-0.38125
51.8975	-9.96875
51.9	-23.1
51.9025	-35.34375
51.905	-45.34375
51.9075	-53.9
51.91	-60.1625
51.9125	-61.575
51.915	-56.78125
51.9175	-48.1125
51.92	-41.50625
51.9225	-41.11875
51.925	-47.00625
51.9275	-54.63125
51.93	-57.675
51.9325	-53.3
51.935	-42.76875
51.9375	-29.1625
51.94	-16.6
51.9425	-10.4875
51.945	-13.575
51.9475	-19.6625
51.95	-17.06875
51.9525	-4.49375
51.955	7.4625
51.9575	12.35625
51.96	14.30625
51.9625	19.08125
51.965	26.75
51.9675	33.625
51.97	36.96875
51.9725	36.95625
51.975	34.96875
51.9775	33.4
51.98	32.125
51.9825	29.4625
51.985	25.35625
51.9875	20.25
51.99	14.89375
51.9925	10.5875
51.995	6.41875
51.9975	0.08125
52	-6.00625
52.0025	-8.34375
52.005	-8.85625
52.0075	-11.7625
52.01	-15.74375
52.0125	-20.11875
52.015	-27.00625
52.0175	-32.5875
52.02	-32.64375
52.0225	-30.50625
52.025	-31.23125
52.0275	-35.0375
52.03	-37.59375
52.0325	-31.225
52.035	-17.6125
52.0375	-10.11875
52.04	-14.8125
52.0425	-21.41875
52.045	-18.41875
52.0475	-5.79375
52.05	10.21875
52.0525	22.46875
52.055	26.85
52.0575	22.8625
52.06	13.34375
52.0625	5.975
52.065	6.7125
52.0675	12.25625
52.07	16.53125
52.0725	18.175
52.075	19.06875
52.0775	20.3125
52.08	20.4
52.0825	16.79375
52.085	8.78125
52.0875	-2.40625
52.09	-13.4625
52.0925	-21.84375
52.095	-27.75625
52.0975	-29.325
52.1	-24.6375
52.1025	-15.18125
52.105	-6.8875
52.1075	-7.0625
52.11	-15.4
52.1125	-23.30625
52.115	-24.0375
52.1175	-18.9625
52.12	-14.46875
52.1225	-13.98125
52.125	-12.93125
52.1275	-5.925
52.13	4.775
52.1325	13.58125
52.135	17.5125
52.1375	17.71875
52.14	17.2125
52.1425	17.025
52.145	19.39375
52.1475	27.16875
52.15	36.21875
52.1525	38.2125
52.155	32.4375
52.1575	24.65625
52.16	18.38125
52.1625	14.2
52.165	12.1375
52.1675	11.40625
52.17	9.9375
52.1725	5.9875
52.175	0.21875
52.1775	-5.925
52.18	-10.76875
52.1825	-13.05625
52.185	-14.69375
52.1875	-16.81875
52.19	-16.9
52.1925	-14.10625
52.195	-12.75
52.1975	-17.2375
52.2	-26.5125
52.2025	-34.675
52.205	-36.66875
52.2075	-33.30625
52.21	-28.6375
52.2125	-24.4375
52.215	-21.49375
52.2175	-21.14375
52.22	-22.075
52.2225	-20.34375
52.225	-16.25
52.2275	-11.58125
52.23	-4.1
52.2325	8.4125
52.235	23.50625
52.2375	33.775
52.24	32.675
52.2425	22.75625
52.245	13.68125
52.2475	9.74375
52.25	9.16875
52.2525	10.93125
52.255	13.83125
52.2575	15.60625
52.26	16.5875
52.2625	17.6375
52.265	18.85
52.2675	20.975
52.27	20.03125
52.2725	10.44375
52.275	-3.1375
52.2775	-10.75625
52.28	-11.9125
52.2825	-10.775
52.285	-9.31875
52.2875	-12.59375
52.29	-24.06875
52.2925	-36.94375
52.295	-43.38125
52.2975	-43.6625
52.3	-38.75625
52.3025	-28.8125
52.305	-18.01875
52.3075	-10.3625
52.31	-4.46875
52.3125	1.475
52.315	4.46875
52.3175	1.79375
52.32	-2.75625
52.3225	-4.01875
52.325	-4.0125
52.3275	-6.25625
52.33	-7
52.3325	-2.03125
52.335	5.44375
52.3375	10.4
52.34	11.70625
52.3425	11.14375
52.345	11.2
52.3475	13.76875
52.35	19.53125
52.3525	24.60625
52.355	23.40625
52.3575	16.125
52.36	7.1125
52.3625	-1.48125
52.365	-8.08125
52.3675	-9.4
52.37	-5.80625
52.3725	-3.40625
52.375	-6.975
52.3775	-11.875
52.38	-9.0625
52.3825	-0.45
52.385	2.34375
52.3875	-4.86875
52.39	-16.03125
52.3925	-25.28125
52.395	-29.11875
52.3975	-26.35
52.4	-18.95
52.4025	-9.50625
52.405	-2.19375
52.4075	-0.51875
52.41	-2.36875
52.4125	0.71875
52.415	14.98125
52.4175	29.275
52.42	27.21875
52.4225	13.6125
52.425	5.5
52.4275	5.35
52.43	5.8625
52.4325	4.475
52.435	1.31875
52.4375	-2.74375
52.44	-6.35625
52.4425	-8.4375
52.445	-8.30625
52.4475	-3.125
52.45	6.09375
52.4525	12.64375
52.455	14.90625
52.4575	16.88125
52.46	17.15
52.4625	13.6125
52.465	11.3
52.4675	10.95625
52.47	7.58125
52.4725	0.7125
52.475	-5.49375
52.4775	-7.525
52.48	-4.55
52.4825	-0.6
52.485	-0.81875
52.4875	-3.5
52.49	-1.65
52.4925	6.00625
52.495	10.50625
52.4975	5.5
52.5	-3.50625
52.5025	-8.45625
52.505	-8.81875
52.5075	-8.75625
52.51	-9.4125
52.5125	-7.26875
52.515	0.85625
52.5175	9.41875
52.52	10.08125
52.5225	4.925
52.525	0.90625
52.5275	-1.08125
52.53	-1.6625
52.5325	0.34375
52.535	4.23125
52.5375	8.6375
52.54	11.90625
52.5425	12.59375
52.545	11.39375
52.5475	11.8
52.55	16.2375
52.5525	20.68125
52.555	17.29375
52.5575	3.43125
52.56	-13.89375
52.5625	-24.04375
52.565	-22.94375
52.5675	-15.9875
52.57	-10.01875
52.5725	-7.95625
52.575	-10.325
52.5775	-13.68125
52.58	-13.875
52.5825	-14.275
52.585	-19.075
52.5875	-21.8125
52.59	-18.36875
52.5925	-17.09375
52.595	-21.35
52.5975	-23.45625
52.6	-19.61875
52.6025	-13.15625
52.605	-7.3875
52.6075	-5.31875
52.61	-7.1375
52.6125	-6.84375
52.615	-0.3375
52.6175	6.63125
52.62	8.49375
52.6225	7.51875
52.625	5.8
52.6275	0.5625
52.63	-7.29375
52.6325	-10.03125
52.635	-5.29375
52.6375	-0.03125
52.64	0.68125
52.6425	-1.86875
52.645	-4.6375
52.6475	-3.325
52.65	3.175
52.6525	8.375
52.655	7.25
52.6575	2.89375
52.66	1.675
52.6625	5.325
52.665	8.49375
52.6675	7.41875
52.67	5.15
52.6725	5.3125
52.675	4.8875
52.6775	0.4
52.68	-4.0875
52.6825	-3.35625
52.685	1.26875
52.6875	3.83125
52.69	1.33125
52.6925	-2.81875
52.695	-3.09375
52.6975	1.5
52.7	6.08125
52.7025	6.375
52.705	2.39375
52.7075	-2.79375
52.71	-6.40625
52.7125	-8.11875
52.715	-7.93125
52.7175	-3.6875
52.72	3.75
52.7225	6.26875
52.725	0.75
52.7275	-3.61875
52.73	-1.05
52.7325	3.6125
52.735	4.71875
52.7375	1.85625
52.74	-3.18125
52.7425	-9.45625
52.745	-13.70625
52.7475	-12.61875
52.75	-8.54375
52.7525	-6.8
52.755	-7.4875
52.7575	-8.26875
52.76	-8.58125
52.7625	-7.39375
52.765	-2.5875
52.7675	4.95625
52.77	10.95625
52.7725	12.3375
52.775	8.18125
52.7775	-1.725
52.78	-16.9625
52.7825	-33.075
52.785	-41.3875
52.7875	-36.61875
52.79	-24.34375
52.7925	-12.71875
52.795	-4.86875
52.7975	-2.53125
52.8	-6.725
52.8025	-14.34375
52.805	-21.03125
52.8075	-26.6625
52.81	-30.94375
52.8125	-30.6875
52.815	-26.20625
52.8175	-22.8625
52.82	-23.5625
52.8225	-25.7625
52.825	-26.55
52.8275	-26.9
52.83	-28.3625
52.8325	-29.33125
52.835	-26.625
52.8375	-18.425
52.84	-8.525
52.8425	-5.6125
52.845	-11.10625
52.8475	-20.5125
52.85	-33.4375
52.8525	-48.85625
52.855	-59.0375
52.8575	-58.6
52.86	-51.2125
52.8625	-42.73125
52.865	-35.3375
52.8675	-27.64375
52.87	-20.125
52.8725	-15.23125
52.875	-14.96875
52.8775	-20.6375
52.88	-29.54375
52.8825	-34.18125
52.885	-28.825
52.8875	-19.59375
52.89	-19.1375
52.8925	-30.56875
52.895	-42.6375
52.8975	-44.59375
52.9	-37.59375
52.9025	-28.5
52.905	-22.33125
52.9075	-18.69375
52.91	-15.625
52.9125	-13.6625
52.915	-13.03125
52.9175	-11.4625
52.92	-10.475
52.9225	-14.80625
52.925	-23.31875
52.9275	-29.54375
52.93	-29.31875
52.9325	-23.65625
52.935	-16.6625
52.9375	-11.4875
52.94	-9.2875
52.9425	-8.825
52.945	-8.50625
52.9475	-9.46875
52.95	-12.2125
52.9525	-15.5375
52.955	-19.49375
52.9575	-22.3125
52.96	-17.95625
52.9625	-7.95
52.965	-4.6875
52.9675	-14.8625
52.97	-30.00625
52.9725	-36.90625
52.975	-31.05625
52.9775	-18.26875
52.98	-9.01875
52.9825	-9.56875
52.985	-14.55
52.9875	-15.11875
52.99	-11.9125
52.9925	-10.58125
52.995	-9.925
52.9975	-6.65
53	-2.925
53.0025	-0.58125
53.005	0.05625
53.0075	-2.80625
53.01	-7.8625
53.0125	-10.90625
53.015	-11.275
53.0175	-10.71875
53.02	-10.30625
53.0225	-9.6875
53.025	-7.13125
53.0275	-5.2125
53.03	-8.2
53.0325	-13.96875
53.035	-20.025
53.0375	-26.01875
53.04	-29.7625
53.0425	-31.33125
53.045	-32.125
53.0475	-29.15
53.05	-21.79375
53.0525	-15.0375
53.055	-12.2
53.0575	-12.70625
53.06	-13.55
53.0625	-11.18125
53.065	-5.15
53.0675	1.75625
53.07	9.1375
53.0725	15.95
53.075	16.19375
53.0775	8.35625
53.08	0.825
53.0825	-0.75
53.085	-0.5875
53.0875	-3.76875
53.09	-9.225
53.0925	-12.825
53.095	-10.875
53.0975	-2.525
53.1	7.525
53.1025	13.4125
53.105	13.15625
53.1075	8.25
53.11	3.0375
53.1125	2.4375
53.115	7.53125
53.1175	16.1125
53.12	22.9375
53.1225	21.63125
53.125	12.2125
53.1275	2.2875
53.13	-2.325
53.1325	-2.01875
53.135	1.3875
53.1375	6.25
53.14	10.1875
53.1425	11.4875
53.145	13.49375
53.1475	20.71875
53.15	27.7375
53.1525	24.7125
53.155	12.625
53.1575	1.03125
53.16	-5.58125
53.1625	-5.8875
53.165	2.73125
53.1675	15.8875
53.17	22.8
53.1725	17.5
53.175	3.91875
53.1775	-9.775
53.18	-16.09375
53.1825	-14.19375
53.185	-9.88125
53.1875	-7.2375
53.19	-6.5125
53.1925	-7.5625
53.195	-9.45
53.1975	-8.1375
53.2	-2.70625
53.2025	4.44375
53.205	10.79375
53.2075	11.59375
53.21	4.93125
53.2125	-1.0875
53.215	1.78125
53.2175	10.18125
53.22	14.225
53.2225	9.7375
53.225	1.63125
53.2275	-3.65625
53.23	-2.44375
53.2325	4.45
53.235	11.68125
53.2375	14.025
53.24	10.00625
53.2425	3.41875
53.245	2.3375
53.2475	9.65625
53.25	18.9875
53.2525	22.375
53.255	16.975
53.2575	6.675
53.26	-0.88125
53.2625	-0.90625
53.265	3.81875
53.2675	7.83125
53.27	10.20625
53.2725	11.85625
53.275	11.775
53.2775	11.225
53.28	13.29375
53.2825	17.5875
53.285	19.5875
53.2875	16.09375
53.29	7.98125
53.2925	-1.975
53.295	-11.25
53.2975	-16.2875
53.3	-15.35625
53.3025	-12.46875
53.305	-11.45
53.3075	-13.86875
53.31	-19.3875
53.3125	-24.675
53.315	-26.05
53.3175	-23.34375
53.32	-18.45
53.3225	-14.0875
53.325	-12.43125
53.3275	-11.56875
53.33	-8.4375
53.3325	-1.46875
53.335	8.88125
53.3375	18.41875
53.34	20.725
53.3425	13.05
53.345	1.85
53.3475	-3.9875
53.35	-3.0625
53.3525	0.79375
53.355	4.03125
53.3575	4.40625
53.36	2.68125
53.3625	2.75625
53.365	7.8875
53.3675	18.4125
53.37	27.275
53.3725	26.34375
53.375	17.71875
53.3775	7.9625
53.38	-0.98125
53.3825	-6.80625
53.385	-6.88125
53.3875	-3.86875
53.39	-2.13125
53.3925	-2.8875
53.395	-3.7625
53.3975	-2.04375
53.4	2.4875
53.4025	9.24375
53.405	17.0125
53.4075	19.49375
53.41	11.80625
53.4125	-2.36875
53.415	-14.5875
53.4175	-19.3375
53.42	-16.7
53.4225	-11.15625
53.425	-7.15625
53.4275	-4.925
53.43	-0.98125
53.4325	5.4625
53.435	11.20625
53.4375	15.51875
53.44	16.98125
53.4425	11.275
53.445	-0.49375
53.4475	-9.99375
53.45	-11.80625
53.4525	-7.49375
53.455	-1.1875
53.4575	4.75625
53.46	9.675
53.4625	11.9875
53.465	11.11875
53.4675	9.75625
53.47	10.51875
53.4725	11.575
53.475	9.41875
53.4775	4.5625
53.48	0.20625
53.4825	-2.2125
53.485	-0.8875
53.4875	5.6625
53.49	13.66875
53.4925	17.0625
53.495	14.825
53.4975	12.94375
53.5	13.16875
53.5025	7.54375
53.505	-6.4375
53.5075	-18.975
53.51	-22.2375
53.5125	-16.8
53.515	-7.39375
53.5175	-0.35
53.52	2.00625
53.5225	2.06875
53.525	2.1125
53.5275	3.2875
53.53	5.0625
53.5325	6.28125
53.535	8.525
53.5375	13.625
53.54	18.56875
53.5425	18.1
53.545	12.08125
53.5475	5.65
53.55	3.93125
53.5525	7.19375
53.555	9.2125
53.5575	4.6875
53.56	-3.9125
53.5625	-9.4625
53.565	-7.24375
53.5675	2.1875
53.57	13.24375
53.5725	16.875
53.575	8.45
53.5775	-4.9125
53.58	-10.8875
53.5825	-8.05625
53.585	-3.775
53.5875	-0.33125
53.59	2.9
53.5925	4.1125
53.595	4.64375
53.5975	7.175
53.6	10.475
53.6025	11.825
53.605	8.9375
53.6075	1.4875
53.61	-5.51875
53.6125	-6.93125
53.615	-3.81875
53.6175	0.5
53.62	4.5625
53.6225	8.4625
53.625	11.81875
53.6275	15
53.63	18.75625
53.6325	23.04375
53.635	24.2
53.6375	17.4125
53.64	4.91875
53.6425	-6.05625
53.645	-11.375
53.6475	-11.4
53.65	-7.7
53.6525	-2.975
53.655	0.56875
53.6575	4.475
53.66	9.8625
53.6625	11.1
53.665	2.725
53.6675	-9.0875
53.67	-12.98125
53.6725	-7.49375
53.675	-1.8625
53.6775	-1.3875
53.68	-3.53125
53.6825	-6.2375
53.685	-5.3125
53.6875	0.975
53.69	4.05625
53.6925	-0.36875
53.695	-3.6875
53.6975	-0.75
53.7	2.64375
53.7025	1.425
53.705	-2.3625
53.7075	-5.525
53.71	-8.3875
53.7125	-9.58125
53.715	-6.9
53.7175	-1.875
53.72	2.33125
53.7225	1.70625
53.725	-5.05
53.7275	-12.1
53.73	-12.8125
53.7325	-7.53125
53.735	-1.66875
53.7375	0.1375
53.74	-2.2375
53.7425	-5.93125
53.745	-8.0375
53.7475	-6.15
53.75	-0.93125
53.7525	2.91875
53.755	1.6
53.7575	-4.25
53.76	-10.1125
53.7625	-10.8875
53.765	-5.49375
53.7675	5.78125
53.77	23.33125
53.7725	40.54375
53.775	41.575
53.7775	21.4
53.78	-3.2625
53.7825	-16.7125
53.785	-19.925
53.7875	-18.075
53.79	-11.5625
53.7925	-4.50625
53.795	-3.28125
53.7975	-7.24375
53.8	-10.6
53.8025	-11.55625
53.805	-11.875
53.8075	-11.3625
53.81	-10.25
53.8125	-9.6125
53.815	-8.4
53.8175	-4.83125
53.82	-0.30625
53.8225	1.5625
53.825	-2.11875
53.8275	-9.24375
53.83	-12.90625
53.8325	-10.0625
53.835	-4.58125
53.8375	-1.90625
53.84	-4.64375
53.8425	-9.6875
53.845	-9.66875
53.8475	-2.9
53.85	4.1
53.8525	7.00625
53.855	7.85
53.8575	9.61875
53.86	10.6875
53.8625	8.06875
53.865	3.69375
53.8675	2.59375
53.87	5.65625
53.8725	6.80625
53.875	1.83125
53.8775	-3.1875
53.88	-0.90625
53.8825	3.86875
53.885	3.425
53.8875	-2.45
53.89	-11.6625
53.8925	-21.50625
53.895	-26.5
53.8975	-24.14375
53.9	-17.525
53.9025	-10.78125
53.905	-7.51875
53.9075	-9.275
53.91	-14.28125
53.9125	-18.60625
53.915	-19.1
53.9175	-14.25
53.92	-6.625
53.9225	-3.13125
53.925	-6.15
53.9275	-10.6
53.93	-13.11875
53.9325	-14.34375
53.935	-12.26875
53.9375	-7.03125
53.94	-3.7
53.9425	-4.3625
53.945	-7.25625
53.9475	-10.0875
53.95	-11.03125
53.9525	-10.65625
53.955	-10.13125
53.9575	-9.28125
53.96	-8.3375
53.9625	-7.4625
53.965	-8.5875
53.9675	-13.35625
53.97	-18.0375
53.9725	-18.98125
53.975	-17.55
53.9775	-13.45
53.98	-6.48125
53.9825	-2.21875
53.985	-3.75625
53.9875	-7.30625
53.99	-9.01875
53.9925	-7.26875
53.995	-1.15625
53.9975	4.80625
54	3.45625
54.0025	-4.66875
54.005	-12.39375
54.0075	-15.4625
54.01	-16.0125
54.0125	-16.325
54.015	-15.09375
54.0175	-10.6125
54.02	-2.66875
54.0225	7.55625
54.025	15.7125
54.0275	14.1125
54.03	2.53125
54.0325	-8.30625
54.035	-10.88125
54.0375	-8.9
54.04	-7.88125
54.0425	-8.075
54.045	-5.7375
54.0475	2.39375
54.05	11.11875
54.0525	12.03125
54.055	5.35625
54.0575	-3.35
54.06	-11.0375
54.0625	-16.79375
54.065	-18.625
54.0675	-14.98125
54.07	-8.70625
54.0725	-5.4
54.075	-6.4375
54.0775	-8.09375
54.08	-8.4125
54.0825	-8.65
54.085	-9.55
54.0875	-9.025
54.09	-6.85
54.0925	-6.225
54.095	-7.175
54.0975	-6.7125
54.1	-4.675
54.1025	-2.175
54.105	2.11875
54.1075	7.19375
54.11	8.71875
54.1125	5.54375
54.115	-0.46875
54.1175	-6.55625
54.12	-8.98125
54.1225	-6.45
54.125	-3.66875
54.1275	-3.31875
54.13	-1.275
54.1325	5.4875
54.135	12.8625
54.1375	15.5625
54.14	14.01875
54.1425	11.25625
54.145	8.1875
54.1475	3.84375
54.15	-1.4875
54.1525	-4.56875
54.155	-3.9875
54.1575	-1.5
54.16	2.775
54.1625	9.70625
54.165	15.89375
54.1675	15.88125
54.17	9.86875
54.1725	4.98125
54.175	5.99375
54.1775	6.4375
54.18	0.775
54.1825	-5.725
54.185	-7.46875
54.1875	-6.83125
54.19	-5.8625
54.1925	-4.16875
54.195	-3.25625
54.1975	-2.2625
54.2	1.36875
54.2025	6.34375
54.205	6.25
54.2075	-4.15625
54.21	-20.35625
54.2125	-29.7
54.215	-27.45
54.2175	-20.55625
54.22	-14.8625
54.2225	-10.66875
54.225	-8.325
54.2275	-9.10625
54.23	-11.45625
54.2325	-12.28125
54.235	-11.11875
54.2375	-9.11875
54.24	-5.85
54.2425	-1.2875
54.245	2.45625
54.2475	3.16875
54.25	1.59375
54.2525	0.34375
54.255	0.30625
54.2575	1.95
54.26	5.125
54.2625	8.44375
54.265	11.5375
54.2675	12.0875
54.27	6.5625
54.2725	-1.45
54.275	-5.3625
54.2775	-6.26875
54.28	-7.3875
54.2825	-7.94375
54.285	-6.425
54.2875	-4.10625
54.29	-3.39375
54.2925	-3.8375
54.295	-2.9625
54.2975	-0.1625
54.3	3.50625
54.3025	6.95625
54.305	9.125
54.3075	9.95
54.31	9.89375
54.3125	9.39375
54.315	7.4125
54.3175	2.60625
54.32	-3.0625
54.3225	-6.01875
54.325	-5.725
54.3275	-2.86875
54.33	1.6
54.3325	4.79375
54.335	5.15625
54.3375	4.675
54.34	5.30625
54.3425	5.075
54.345	2.16875
54.3475	-0.01875
54.35	1.575
54.3525	4.45
54.355	5.23125
54.3575	4.36875
54.36	3.79375
54.3625	2.5625
54.365	0.45625
54.3675	1.68125
54.37	7.7375
54.3725	17.0625
54.375	26.65
54.3775	25.03125
54.38	7.10625
54.3825	-11.36875
54.385	-16.7875
54.3875	-13.76875
54.39	-10.24375
54.3925	-7.85
54.395	-5.6875
54.3975	-3.73125
54.4	-2.475
54.4025	-0.74375
54.405	1.4375
54.4075	2.4875
54.41	2.14375
54.4125	1.85
54.415	2.83125
54.4175	4.41875
54.42	5.625
54.4225	5.3625
54.425	3.46875
54.4275	2.025
54.43	3.7875
54.4325	7.59375
54.435	9.96875
54.4375	11.99375
54.44	15.95
54.4425	20.19375
54.445	21.75
54.4475	19.79375
54.45	16.025
54.4525	12.375
54.455	8.93125
54.4575	5.28125
54.46	1.2125
54.4625	-2.43125
54.465	-4.14375
54.4675	-4.99375
54.47	-7.93125
54.4725	-13.45625
54.475	-19.775
54.4775	-23.14375
54.48	-20.3
54.4825	-13.025
54.485	-5.0375
54.4875	-0.6875
54.49	-1.85625
54.4925	-3.13125
54.495	-0.1875
54.4975	2.225
54.5	0.04375
54.5025	-2.7
54.505	-3.29375
54.5075	-4.4
54.51	-6.375
54.5125	-5.45
54.515	0.35625
54.5175	6.68125
54.52	5.80625
54.5225	-5.25
54.525	-19.73125
54.5275	-26.8375
54.53	-23.775
54.5325	-17.1375
54.535	-13.4625
54.5375	-13.2
54.54	-13.80625
54.5425	-14.66875
54.545	-15.06875
54.5475	-12.36875
54.55	-8.725
54.5525	-10.1875
54.555	-15.8
54.5575	-17.3375
54.56	-10.79375
54.5625	-2.4375
54.565	-1.4875
54.5675	-8.35625
54.57	-16.11875
54.5725	-20.00625
54.575	-18.75
54.5775	-14.15
54.58	-8.09375
54.5825	-2.9375
54.585	-3.375
54.5875	-9.76875
54.59	-15.325
54.5925	-15.8125
54.595	-11.775
54.5975	-5.06875
54.6	0.7875
54.6025	4.5625
54.605	5.3625
54.6075	0.11875
54.61	-8.48125
54.6125	-13.3875
54.615	-14.4375
54.6175	-15.10625
54.62	-15.64375
54.6225	-16.11875
54.625	-17.4875
54.6275	-18.4
54.63	-16.06875
54.6325	-9.54375
54.635	0.71875
54.6375	10.85625
54.64	13.6625
54.6425	6.49375
54.645	-4.53125
54.6475	-10.9375
54.65	-7.14375
54.6525	4.35
54.655	9.55625
54.6575	0.4875
54.66	-13.64375
54.6625	-21.69375
54.665	-22.95
54.6675	-20.6125
54.67	-17.75625
54.6725	-17.2
54.675	-18.24375
54.6775	-18.9875
54.68	-19.5125
54.6825	-19.5875
54.685	-16.33125
54.6875	-11.4625
54.69	-12.50625
54.6925	-20.18125
54.695	-26.13125
54.6975	-25.04375
54.7	-19.33125
54.7025	-15.06875
54.705	-15.81875
54.7075	-17.775
54.71	-16.55
54.7125	-15.24375
54.715	-17.2875
54.7175	-20.16875
54.72	-20.64375
54.7225	-18.90625
54.725	-16.13125
54.7275	-11.28125
54.73	-2.25
54.7325	8.73125
54.735	10.74375
54.7375	-2.5125
54.74	-21.3125
54.7425	-30.24375
54.745	-27.225
54.7475	-22.875
54.75	-22.14375
54.7525	-21.9375
54.755	-22.325
54.7575	-26.8625
54.76	-33.4625
54.7625	-37.275
54.765	-36.65
54.7675	-32.60625
54.77	-27.9
54.7725	-25.23125
54.775	-25.59375
54.7775	-25.5625
54.78	-21.99375
54.7825	-18.2625
54.785	-17.4625
54.7875	-18.45
54.79	-22.35
54.7925	-30.625
54.795	-36.90625
54.7975	-35.06875
54.8	-26.95
54.8025	-17.4625
54.805	-10.44375
54.8075	-7.75
54.81	-6.80625
54.8125	-2
54.815	7.425
54.8175	14.31875
54.82	11.84375
54.8225	2.6875
54.825	-3.96875
54.8275	-3.63125
54.83	0.6875
54.8325	4.53125
54.835	4.43125
54.8375	-0.73125
54.84	-7.725
54.8425	-11.9375
54.845	-14.3
54.8475	-18.48125
54.85	-23.46875
54.8525	-24.41875
54.855	-22.475
54.8575	-24.79375
54.86	-30.70625
54.8625	-32.5375
54.865	-29.34375
54.8675	-28.30625
54.87	-33.60625
54.8725	-42.28125
54.875	-47.7375
54.8775	-46.24375
54.88	-40.06875
54.8825	-32.10625
54.885	-24.6125
54.8875	-21.2625
54.89	-25.275
54.8925	-33.9875
54.895	-42.30625
54.8975	-47.86875
54.9	-49.74375
54.9025	-48.575
54.905	-47.675
54.9075	-48.6875
54.91	-48.35625
54.9125	-43.6625
54.915	-35.23125
54.9175	-25.75
54.92	-19.1375
54.9225	-19.11875
54.925	-23.3625
54.9275	-26.79375
54.93	-30.65625
54.9325	-37.5125
54.935	-43.2
54.9375	-44.14375
54.94	-43.25
54.9425	-40.95
54.945	-34.6375
54.9475	-26.0625
54.95	-21.00625
54.9525	-26.2125
54.955	-41.625
54.9575	-56.59375
54.96	-62.59375
54.9625	-59.9375
54.965	-49.4375
54.9675	-37.18125
54.97	-36.16875
54.9725	-46.8875
54.975	-56.275
54.9775	-57.725
54.98	-53.43125
54.9825	-43.89375
54.985	-29.875
54.9875	-18.00625
54.99	-15.2125
54.9925	-19.075
54.995	-20.33125
54.9975	-16.04375
55	-11.3125
55.0025	-9.7125
55.005	-10.6
55.0075	-12.0375
55.01	-10.5
55.0125	-5.1
55.015	1.15
55.0175	5.70625
55.02	6.89375
55.0225	3.6125
55.025	-0.6
55.0275	0.0875
55.03	4.64375
55.0325	5.9625
55.035	-0.48125
55.0375	-11.01875
55.04	-17.59375
55.0425	-15.99375
55.045	-8.18125
55.0475	-0.2375
55.05	0.9
55.0525	-6.71875
55.055	-18.85625
55.0575	-28.6125
55.06	-30.19375
55.0625	-23.95
55.065	-18.3125
55.0675	-17.9375
55.07	-18.13125
55.0725	-14.5375
55.075	-7.63125
55.0775	-2.4875
55.08	-4.46875
55.0825	-10.74375
55.085	-12.68125
55.0875	-9.14375
55.09	-4.175
55.0925	0.98125
55.095	6.71875
55.0975	13.54375
55.1	21.225
55.1025	27.3125
55.105	26.73125
55.1075	19.125
55.11	11.05625
55.1125	7.55
55.115	6.68125
55.1175	4.7125
55.12	0.7375
55.1225	-3.89375
55.125	-8.11875
55.1275	-12.08125
55.13	-13.91875
55.1325	-12.9625
55.135	-11.29375
55.1375	-11.94375
55.14	-18.46875
55.1425	-32.4875
55.145	-48.00625
55.1475	-55.275
55.15	-51.45625
55.1525	-41.4375
55.155	-31.1
55.1575	-24.48125
55.16	-22.44375
55.1625	-21.58125
55.165	-19.875
55.1675	-17.55625
55.17	-13.04375
55.1725	-6.05
55.175	0.7375
55.1775	6.01875
55.18	10.6875
55.1825	17.275
55.185	26.6375
55.1875	33.5125
55.19	30.475
55.1925	18.975
55.195	9.6875
55.1975	9.25625
55.2	11.9625
55.2025	9.90625
55.205	4.3125
55.2075	-0.7625
55.21	-5.03125
55.2125	-8.43125
55.215	-7.99375
55.2175	-2.75
55.22	2.325
55.2225	1.275
55.225	-5.36875
55.2275	-9.89375
55.23	-6.95625
55.2325	0.55
55.235	3.35625
55.2375	-5.775
55.24	-22.91875
55.2425	-35.71875
55.245	-36.25
55.2475	-28.11875
55.25	-19.825
55.2525	-15.1125
55.255	-11.70625
55.2575	-6.36875
55.26	4.16875
55.2625	17.53125
55.265	23.73125
55.2675	19.24375
55.27	11.8125
55.2725	7.9
55.275	7.06875
55.2775	8.75
55.28	12.56875
55.2825	16.2875
55.285	19.0875
55.2875	20
55.29	14.825
55.2925	4.50625
55.295	0.53125
55.2975	6.61875
55.3	13.275
55.3025	16.15625
55.305	15.8125
55.3075	7.73125
55.31	-8
55.3125	-21.40625
55.315	-24.6875
55.3175	-19.4125
55.32	-14.9125
55.3225	-18.04375
55.325	-23.90625
55.3275	-24.46875
55.33	-19.55625
55.3325	-13.175
55.335	-8.36875
55.3375	-8.0125
55.34	-15.28125
55.3425	-27.45625
55.345	-35.2125
55.3475	-33.23125
55.35	-25.35
55.3525	-17.58125
55.355	-12.49375
55.3575	-10.81875
55.36	-11.125
55.3625	-9.8875
55.365	-5.73125
55.3675	-1.04375
55.37	2.3875
55.3725	4.85625
55.375	5.88125
55.3775	4.675
55.38	1.49375
55.3825	-1.75625
55.385	-1.74375
55.3875	3.5875
55.39	9.51875
55.3925	7.525
55.395	-1.79375
55.3975	-9.31875
55.4	-11.06875
55.4025	-12.50625
55.405	-19.06875
55.4075	-30.0375
55.41	-38.48125
55.4125	-35.6125
55.415	-24.26875
55.4175	-17.80625
55.42	-21.56875
55.4225	-27.10625
55.425	-26.91875
55.4275	-22.8625
55.43	-19.35
55.4325	-15.9
55.435	-9.55
55.4375	-2.41875
55.44	1.61875
55.4425	1.79375
55.445	0.2375
55.4475	1.75
55.45	8.2
55.4525	14.09375
55.455	13.8125
55.4575	8.01875
55.46	1.6
55.4625	-0.13125
55.465	3.53125
55.4675	8.46875
55.47	10.9
55.4725	7.28125
55.475	-2.6875
55.4775	-11.6625
55.48	-14.39375
55.4825	-15.2875
55.485	-16.48125
55.4875	-16.6875
55.49	-17.9375
55.4925	-21.30625
55.495	-26.7125
55.4975	-33.65625
55.5	-35.73125
55.5025	-30.7
55.505	-31.51875
55.5075	-43.74375
55.51	-53.84375
55.5125	-50.8625
55.515	-39.9625
55.5175	-28.64375
55.52	-18.0375
55.5225	-10.6375
55.525	-9.25
55.5275	-10.6875
55.53	-11.08125
55.5325	-8.8
55.535	-0.63125
55.5375	9.775
55.54	12.30625
55.5425	6.3375
55.545	0.225
55.5475	-1.58125
55.55	-0.2
55.5525	1.1625
55.555	-0.05
55.5575	-3.175
55.56	-6.8875
55.5625	-10.8
55.565	-13.30625
55.5675	-14.08125
55.57	-15.3
55.5725	-17.675
55.575	-20.73125
55.5775	-25.21875
55.58	-31.21875
55.5825	-36.275
55.585	-38.2
55.5875	-37.5375
55.59	-37.09375
55.5925	-38.41875
55.595	-39.65625
55.5975	-38.21875
55.6	-33.2
55.6025	-26.125
55.605	-20.80625
55.6075	-20.39375
55.61	-22.16875
55.6125	-21.7625
55.615	-19.53125
55.6175	-13.625
55.62	-5.00625
55.6225	-4.55
55.625	-18.73125
55.6275	-38.15
55.63	-50.28125
55.6325	-51.375
55.635	-44.25
55.6375	-36.75
55.64	-35.35
55.6425	-39.30625
55.645	-44.16875
55.6475	-47.11875
55.65	-48.16875
55.6525	-48.6125
55.655	-48.8875
55.6575	-52.4375
55.66	-64.18125
55.6625	-77.96875
55.665	-82.225
55.6675	-78.5125
55.67	-74.29375
55.6725	-72.98125
55.675	-76.25625
55.6775	-81.7625
55.68	-84.4375
55.6825	-82.30625
55.685	-76.075
55.6875	-67.9375
55.69	-63.025
55.6925	-63.925
55.695	-66.725
55.6975	-67.18125
55.7	-64.15625
55.7025	-59.26875
55.705	-58.275
55.7075	-63.175
55.71	-64.45625
55.7125	-56.8375
55.715	-47.625
55.7175	-42.21875
55.72	-38.51875
55.7225	-34.75625
55.725	-33.825
55.7275	-37.05625
55.73	-39.3
55.7325	-35.73125
55.735	-29.93125
55.7375	-28.8125
55.74	-35.1375
55.7425	-44.1375
55.745	-48.5375
55.7475	-47.0375
55.75	-43.23125
55.7525	-40.55
55.755	-40.08125
55.7575	-40.34375
55.76	-41.2125
55.7625	-44.44375
55.765	-48.6125
55.7675	-50.38125
55.77	-50.4
55.7725	-53.61875
55.775	-60.30625
55.7775	-63.8
55.78	-61.39375
55.7825	-57.60625
55.785	-54.4875
55.7875	-51.7875
55.79	-51.93125
55.7925	-55.5125
55.795	-58.5375
55.7975	-56.4125
55.8	-47.6625
55.8025	-35.675
55.805	-26.53125
55.8075	-23.025
55.81	-22.2625
55.8125	-19.5375
55.815	-12.48125
55.8175	-3.0125
55.82	7.1
55.8225	17.48125
55.825	20.975
55.8275	10.3
55.83	-7.925
55.8325	-20.28125
55.835	-21.5125
55.8375	-14.4
55.84	-6.825
55.8425	-8.30625
55.845	-18.81875
55.8475	-28.73125
55.85	-30.48125
55.8525	-26.175
55.855	-23.05625
55.8575	-24.1375
55.86	-25.84375
55.8625	-22.75625
55.865	-14.38125
55.8675	-7.7
55.87	-10.7
55.8725	-21.9875
55.875	-33.8875
55.8775	-42.14375
55.88	-45.93125
55.8825	-45.45
55.885	-41.88125
55.8875	-36.175
55.89	-30.8125
55.8925	-28.13125
55.895	-24.73125
55.8975	-16
55.9	-2.06875
55.9025	16.4625
55.905	33.88125
55.9075	38.5625
55.91	30.3125
55.9125	21.93125
55.915	20.2375
55.9175	21.16875
55.92	21.08125
55.9225	19.90625
55.925	19.16875
55.9275	20.01875
55.93	22.05
55.9325	24.3875
55.935	27.09375
55.9375	28.875
55.94	25.45
55.9425	16.76875
55.945	9.2
55.9475	8.05625
55.95	11.0625
55.9525	11.44375
55.955	5.475
55.9575	-5.11875
55.96	-14.81875
55.9625	-18.5375
55.965	-15.91875
55.9675	-9.70625
55.97	-1.65
55.9725	4.24375
55.975	1.575
55.9775	-9.4625
55.98	-19.65625
55.9825	-21.575
55.985	-17.2
55.9875	-12.05
55.99	-5.38125
55.9925	4.25625
55.995	9.375
55.9975	4.85625
56	-3.45
56.0025	-9.65625
56.005	-15.33125
56.0075	-22.7375
56.01	-30.125
56.0125	-32.00625
56.015	-25.5875
56.0175	-14.75625
56.02	-6.59375
56.0225	-7.60625
56.025	-17.98125
56.0275	-29.2625
56.03	-32.88125
56.0325	-28.71875
56.035	-20.28125
56.0375	-11.3125
56.04	-8.43125
56.0425	-14.09375
56.045	-20.38125
56.0475	-21.1625
56.05	-20.28125
56.0525	-22.28125
56.055	-28.4875
56.0575	-38.55625
56.06	-47.43125
56.0625	-48.425
56.065	-41.13125
56.0675	-31.91875
56.07	-27.7625
56.0725	-29.33125
56.075	-31.19375
56.0775	-28.0125
56.08	-19.675
56.0825	-10.1125
56.085	-3.825
56.0875	-1.45
56.09	0.59375
56.0925	3.93125
56.095	4.6375
56.0975	0.89375
56.1	-1.96875
56.1025	-0.2875
56.105	2.96875
56.1075	6.3375
56.11	12.55
56.1125	21.46875
56.115	30.875
56.1175	38.75625
56.12	40.6
56.1225	35.0625
56.125	28.06875
56.1275	23.4125
56.13	20.325
56.1325	16.84375
56.135	9.5125
56.1375	-3.95625
56.14	-19.78125
56.1425	-32.0125
56.145	-37.3125
56.1475	-35.05
56.15	-27.11875
56.1525	-15.65625
56.155	-4.8875
56.1575	-0.19375
56.16	-2.00625
56.1625	-4.84375
56.165	-3.7625
56.1675	1.31875
56.17	7.4875
56.1725	14.075
56.175	22.3625
56.1775	30.0625
56.18	36.09375
56.1825	41.5375
56.185	44.60625
56.1875	42.05625
56.19	34.15
56.1925	25.55625
56.195	21.73125
56.1975	24.2125
56.2	30.20625
56.2025	36.925
56.205	41.80625
56.2075	45.0875
56.21	44.8375
56.2125	35.7375
56.215	21.875
56.2175	14.36875
56.22	12.00625
56.2225	3.475
56.225	-10.09375
56.2275	-18.7375
56.23	-18.98125
56.2325	-13.8875
56.235	-8.4625
56.2375	-7.36875
56.24	-8.98125
56.2425	-8.25
56.245	-5.54375
56.2475	-2.225
56.25	3.65625
56.2525	11.9875
56.255	19.93125
56.2575	26.125
56.26	30.71875
56.2625	34.0375
56.265	37.7125
56.2675	42.725
56.27	46.80625
56.2725	47.03125
56.275	44.7625
56.2775	44.23125
56.28	45.525
56.2825	43.3125
56.285	36.7375
56.2875	32.93125
56.29	33.54375
56.2925	30.25
56.295	19.85
56.2975	10.59375
56.3	9.9
56.3025	15.0875
56.305	20.29375
56.3075	24.0875
56.31	25.01875
56.3125	21.175
56.315	16.10625
56.3175	13.9625
56.32	11.23125
56.3225	3.075
56.325	-7.38125
56.3275	-12.43125
56.33	-9.875
56.3325	-3.18125
56.335	1.625
56.3375	-2.1125
56.34	-14.36875
56.3425	-25.1875
56.345	-25.2125
56.3475	-16.30625
56.35	-5.2
56.3525	5.18125
56.355	11.93125
56.3575	9.9375
56.36	1.85625
56.3625	-2.76875
56.365	-1.2375
56.3675	1.56875
56.37	1.625
56.3725	-1.18125
56.375	-4.81875
56.3775	-5.96875
56.38	-2.60625
56.3825	0.5875
56.385	-2.2875
56.3875	-8.5375
56.39	-13.00625
56.3925	-16.24375
56.395	-18.375
56.3975	-17.58125
56.4	-15.59375
56.4025	-14.7125
56.405	-15.1875
56.4075	-17.6125
56.41	-21.6625
56.4125	-24.58125
56.415	-24.40625
56.4175	-22.6375
56.42	-21.75625
56.4225	-22.325
56.425	-23.66875
56.4275	-25.4375
56.43	-26.8875
56.4325	-26.2375
56.435	-23.2
56.4375	-19.75
56.44	-16.73125
56.4425	-12.18125
56.445	-5.98125
56.4475	-1.44375
56.45	1.26875
56.4525	5.0125
56.455	8.38125
56.4575	7.63125
56.46	4.89375
56.4625	5.75625
56.465	11.31875
56.4675	16.91875
56.47	17.675
56.4725	13.45
56.475	7.61875
56.4775	2.75
56.48	-0.4375
56.4825	-2.08125
56.485	-2.68125
56.4875	-2.78125
56.49	-2.8375
56.4925	-2.075
56.495	0.6
56.4975	5.10625
56.5	5.78125
56.5025	-1.025
56.505	-11.225
56.5075	-19.49375
56.51	-22.8625
56.5125	-22
56.515	-19.3625
56.5175	-15.76875
56.52	-7.7625
56.5225	4.7875
56.525	16.06875
56.5275	17.2125
56.53	4.71875
56.5325	-15.81875
56.535	-35.06875
56.5375	-43.93125
56.54	-44.2125
56.5425	-43.95
56.545	-43.5625
56.5475	-40.39375
56.55	-36.93125
56.5525	-35.75625
56.555	-36.8
56.5575	-39.35625
56.56	-40.8625
56.5625	-39.86875
56.565	-37.16875
56.5675	-35.08125
56.57	-36.025
56.5725	-40.1375
56.575	-46.025
56.5775	-50.61875
56.58	-50.35625
56.5825	-46.325
56.585	-43.55625
56.5875	-44.4125
56.59	-47.7
56.5925	-51.4125
56.595	-53.40625
56.5975	-53.125
56.6	-53.34375
56.6025	-56.43125
56.605	-60.275
56.6075	-60.9375
56.61	-56.175
56.6125	-47.55
56.615	-41.7875
56.6175	-42.53125
56.62	-44.4875
56.6225	-44.0875
56.625	-42.76875
56.6275	-38.70625
56.63	-32.4875
56.6325	-31.26875
56.635	-37.7625
56.6375	-44.95625
56.64	-43.79375
56.6425	-38.58125
56.645	-40.81875
56.6475	-47.825
56.65	-46.6
56.6525	-37.13125
56.655	-31.375
56.6575	-34.66875
56.66	-40.9375
56.6625	-42.55625
56.665	-39.38125
56.6675	-34.21875
56.67	-30.03125
56.6725	-29.85625
56.675	-33.03125
56.6775	-33.2375
56.68	-27.04375
56.6825	-18.86875
56.685	-12.75625
56.6875	-7.93125
56.69	-3.80625
56.6925	-0.375
56.695	3.81875
56.6975	6.825
56.7	5.48125
56.7025	2.25
56.705	1.2125
56.7075	2.3625
56.71	6.475
56.7125	14.9375
56.715	23.85625
56.7175	28.78125
56.72	29.80625
56.7225	27.2
56.725	21.54375
56.7275	13.98125
56.73	4.45
56.7325	-4.14375
56.735	-6.04375
56.7375	0.20625
56.74	9.33125
56.7425	12.93125
56.745	8.70625
56.7475	4.78125
56.75	7.475
56.7525	12.99375
56.755	15.16875
56.7575	12.86875
56.76	9.85
56.7625	10.59375
56.765	14.46875
56.7675	18.26875
56.77	22.60625
56.7725	27.46875
56.775	28.975
56.7775	26.3625
56.78	24.75
56.7825	27.65
56.785	32.725
56.7875	35.08125
56.79	32.8875
56.7925	32.20625
56.795	35.825
56.7975	37.11875
56.8	33.6625
56.8025	28.7375
56.805	20.6125
56.8075	8.075
56.81	-1.75625
56.8125	-2.9125
56.815	2.60625
56.8175	7.4625
56.82	7.03125
56.8225	1.71875
56.825	-6.425
56.8275	-12.41875
56.83	-10.18125
56.8325	-1.15
56.835	6.4875
56.8375	5.7125
56.84	-2.39375
56.8425	-8.33125
56.845	-6.76875
56.8475	-4.6625
56.85	-8.3
56.8525	-12.29375
56.855	-10.375
56.8575	-5.3625
56.86	-1.7625
56.8625	2.0625
56.865	8.65625
56.8675	16.43125
56.87	22.50625
56.8725	22.825
56.875	15.925
56.8775	7.75
56.88	4.2
56.8825	4.7375
56.885	7.2625
56.8875	10.09375
56.89	10.84375
56.8925	9.3625
56.895	7.70625
56.8975	7.20625
56.9	7.0875
56.9025	5.64375
56.905	2.11875
56.9075	-3.3875
56.91	-10.0375
56.9125	-15.40625
56.915	-17.14375
56.9175	-15.85
56.92	-14.25
56.9225	-14.2
56.925	-15.6375
56.9275	-17.2125
56.93	-17.25
56.9325	-14.49375
56.935	-9.5
56.9375	-4.9125
56.94	-3.55
56.9425	-4.4625
56.945	-2.93125
56.9475	5.1125
56.95	21.23125
56.9525	34.63125
56.955	24.90625
56.9575	-7.6625
56.96	-37.76875
56.9625	-49.075
56.965	-43.79375
56.9675	-28.38125
56.97	-16.60625
56.9725	-20.4875
56.975	-32.18125
56.9775	-34.75625
56.98	-26.8125
56.9825	-21.65
56.985	-22.8375
56.9875	-21.08125
56.99	-14.83125
56.9925	-12.675
56.995	-16.79375
56.9975	-21.43125
57	-24.475
57.0025	-27.84375
57.005	-30.75
57.0075	-30.4625
57.01	-28.4375
57.0125	-27.6375
57.015	-27.09375
57.0175	-25.975
57.02	-24.94375
57.0225	-24.2875
57.025	-23.825
57.0275	-22.925
57.03	-20.45
57.0325	-15.40625
57.035	-9.58125
57.0375	-5.73125
57.04	-4.1625
57.0425	-3.2
57.045	-1.9625
57.0475	-0.8
57.05	-0.025
57.0525	0.33125
57.055	0.20625
57.0575	0.975
57.06	4.03125
57.0625	7
57.065	8.2875
57.0675	10.85
57.07	14.175
57.0725	10.39375
57.075	-2.41875
57.0775	-14.1
57.08	-15.19375
57.0825	-8.34375
57.085	-2.90625
57.0875	-2.45625
57.09	-4.65
57.0925	-8.35625
57.095	-12.20625
57.0975	-12.68125
57.1	-9.9875
57.1025	-7.21875
57.105	-5.75625
57.1075	-5.7125
57.11	-4.3375
57.1125	2.35
57.115	12.6375
57.1175	18.79375
57.12	18.28125
57.1225	17.48125
57.125	17.73125
57.1275	14.39375
57.13	9.73125
57.1325	8.33125
57.135	9.8125
57.1375	14.85
57.14	21.2125
57.1425	18.74375
57.145	6.225
57.1475	-4.68125
57.15	-7.35
57.1525	-5.76875
57.155	-3.34375
57.1575	-0.14375
57.16	2
57.1625	2.16875
57.165	2.03125
57.1675	3.13125
57.17	5.3
57.1725	8.425
57.175	11.0375
57.1775	8.8375
57.18	-1.38125
57.1825	-15.8375
57.185	-25.4375
57.1875	-27.3
57.19	-26.39375
57.1925	-24.325
57.195	-19.45
57.1975	-13.54375
57.2	-8.60625
57.2025	-3.26875
57.205	2.05625
57.2075	4.13125
57.21	2.0375
57.2125	-0.9375
57.215	0.2625
57.2175	6.375
57.22	11.975
57.2225	12.59375
57.225	10.8875
57.2275	12.575
57.23	16.53125
57.2325	17.0375
57.235	13.7375
57.2375	9.625
57.24	4.375
57.2425	-1.66875
57.245	-4.575
57.2475	-3.1375
57.25	-0.35625
57.2525	0.19375
57.255	-2.29375
57.2575	-5.91875
57.26	-8.84375
57.2625	-10.0875
57.265	-9.775
57.2675	-9.0875
57.27	-9.8875
57.2725	-13.40625
57.275	-18.475
57.2775	-22.1375
57.28	-22.64375
57.2825	-19.2625
57.285	-11.66875
57.2875	-1.96875
57.29	5.275
57.2925	6.5875
57.295	3.8375
57.2975	2.24375
57.3	4.49375
57.3025	9.03125
57.305	14.19375
57.3075	18.875
57.31	22.7125
57.3125	26.4125
57.315	28.91875
57.3175	29.9625
57.32	31.2
57.3225	30.55
57.325	23.7125
57.3275	12.5
57.33	2.93125
57.3325	-0.64375
57.335	2.84375
57.3375	9.125
57.34	11.425
57.3425	6.88125
57.345	-2.09375
57.3475	-12.7125
57.35	-23.65
57.3525	-31.925
57.355	-34.325
57.3575	-33.00625
57.36	-33.16875
57.3625	-33.41875
57.365	-28.25
57.3675	-17.29375
57.37	-8.55
57.3725	-9.86875
57.375	-18.56875
57.3775	-23.99375
57.38	-21.9375
57.3825	-16.9
57.385	-11.4
57.3875	-6.44375
57.39	-3.8875
57.3925	-3.8125
57.395	-4.2125
57.3975	-3.26875
57.4	2.9875
57.4025	14.95
57.405	23.175
57.4075	19.15
57.41	10.35
57.4125	8.1375
57.415	9.1
57.4175	8.51875
57.42	9.24375
57.4225	8.9625
57.425	1.5
57.4275	-9.1375
57.43	-16.65625
57.4325	-20.65
57.435	-22.025
57.4375	-21.73125
57.44	-21.125
57.4425	-20.5125
57.445	-19.875
57.4475	-19.6375
57.45	-20.1
57.4525	-20.79375
57.455	-21.4
57.4575	-23.3625
57.46	-26.5375
57.4625	-28.6125
57.465	-29.95
57.4675	-31.23125
57.47	-29.925
57.4725	-25.8625
57.475	-21.13125
57.4775	-15.50625
57.48	-8.85625
57.4825	-2.425
57.485	2.85
57.4875	7.9875
57.49	12.4625
57.4925	11.46875
57.495	4.66875
57.4975	0.51875
57.5	4.55
57.5025	11.8125
57.505	13.8125
57.5075	8.68125
57.51	6.1625
57.5125	13.96875
57.515	21.275
57.5175	15.46875
57.52	3.10625
57.5225	-4.05
57.525	-5.8375
57.5275	-8.3125
57.53	-14.75625
57.5325	-22.8125
57.535	-28.89375
57.5375	-31.69375
57.54	-31.0125
57.5425	-27.65625
57.545	-24.68125
57.5475	-23.95
57.55	-24.70625
57.5525	-23.8
57.555	-18.56875
57.5575	-12.3125
57.56	-7.675
57.5625	-2.04375
57.565	4.41875
57.5675	9.0125
57.57	11.30625
57.5725	9.99375
57.575	4.79375
57.5775	1.11875
57.58	3.8
57.5825	11.3125
57.585	17.2375
57.5875	17.43125
57.59	13.9
57.5925	8.80625
57.595	3.40625
57.5975	2.10625
57.6	7.0125
57.6025	13.6
57.605	16.1125
57.6075	13.21875
57.61	8.425
57.6125	7.9375
57.615	12.45
57.6175	12.45625
57.62	2.68125
57.6225	-9.4125
57.625	-16.175
57.6275	-17.65625
57.63	-16.99375
57.6325	-15.2875
57.635	-12.075
57.6375	-9.60625
57.64	-10.2875
57.6425	-11.40625
57.645	-11.025
57.6475	-11.75
57.65	-13.99375
57.6525	-14.61875
57.655	-11.8375
57.6575	-6.675
57.66	-1.6375
57.6625	0.4
57.665	-0.0125
57.6675	1.03125
57.67	4.6125
57.6725	6.15625
57.675	2.3625
57.6775	-3.0375
57.68	-2.9625
57.6825	4.88125
57.685	16.18125
57.6875	25
57.69	27.16875
57.6925	23.94375
57.695	20.175
57.6975	19.40625
57.7	21.86875
57.7025	23.3875
57.705	18.4625
57.7075	6.3625
57.71	-8.25625
57.7125	-19.85
57.715	-25.1375
57.7175	-25.1375
57.72	-22.25
57.7225	-19.4125
57.725	-19.9625
57.7275	-23.58125
57.73	-28.6625
57.7325	-34.73125
57.735	-39.66875
57.7375	-41.41875
57.74	-39.26875
57.7425	-33.5
57.745	-30.18125
57.7475	-35.10625
57.75	-43.30625
57.7525	-45.26875
57.755	-39.3375
57.7575	-31
57.76	-23.325
57.7625	-12.84375
57.765	1.51875
57.7675	14.03125
57.77	18.64375
57.7725	13.76875
57.775	2.49375
57.7775	-8.14375
57.78	-12.03125
57.7825	-9.39375
57.785	-4.10625
57.7875	0.18125
57.79	0.08125
57.7925	-6.45
57.795	-15.85625
57.7975	-22.44375
57.8	-25.275
57.8025	-27.16875
57.805	-30.03125
57.8075	-33.75625
57.81	-36.85
57.8125	-39.5375
57.815	-43.70625
57.8175	-48.4125
57.82	-51.59375
57.8225	-53.51875
57.825	-52.16875
57.8275	-44.94375
57.83	-36.5
57.8325	-31.53125
57.835	-28.26875
57.8375	-27.28125
57.84	-32.4875
57.8425	-39.99375
57.845	-42.65625
57.8475	-39.8625
57.85	-34.975
57.8525	-30.14375
57.855	-25.7625
57.8575	-21.71875
57.86	-17.725
57.8625	-13.43125
57.865	-9.28125
57.8675	-5.41875
57.87	-1.73125
57.8725	-0.95625
57.875	-7.075
57.8775	-17.675
57.88	-23.9375
57.8825	-21.03125
57.885	-14.36875
57.8875	-12.15625
57.89	-15.65
57.8925	-20.99375
57.895	-25.1
57.8975	-25.825
57.9	-22.49375
57.9025	-18.2875
57.905	-17.51875
57.9075	-22.1625
57.91	-30.68125
57.9125	-37.21875
57.915	-37.65625
57.9175	-35.03125
57.92	-32.1125
57.9225	-28.35
57.925	-25.23125
57.9275	-23.91875
57.93	-19.19375
57.9325	-8.90625
57.935	-0.9
57.9375	-0.78125
57.94	-4.45
57.9425	-5.44375
57.945	0.3625
57.9475	12
57.95	20.775
57.9525	18.88125
57.955	8.63125
57.9575	-1.35
57.96	-4.85
57.9625	-2.0375
57.965	3.99375
57.9675	10.3625
57.97	15.15625
57.9725	18.41875
57.975	19.14375
57.9775	15.50625
57.98	8.84375
57.9825	3.03125
57.985	-0.65
57.9875	-4.93125
57.99	-11.65
57.9925	-19.425
57.995	-25.45
57.9975	-28.1375
58	-25.3375
58.0025	-18.575
58.005	-14.9
58.0075	-18.11875
58.01	-22.88125
58.0125	-23.66875
58.015	-23.775
58.0175	-23.2875
58.02	-14.9125
58.0225	-0.89375
58.025	4.125
58.0275	-3.7125
58.03	-11.5375
58.0325	-10.7
58.035	-6.43125
58.0375	-4.74375
58.04	-4.275
58.0425	-4.01875
58.045	-4.16875
58.0475	-1.83125
58.05	3.99375
58.0525	9.225
58.055	10.51875
58.0575	8.875
58.06	7.04375
58.0625	6.3
58.065	5.5875
58.0675	4.60625
58.07	4.00625
58.0725	2.43125
58.075	-1.5875
58.0775	-5.31875
58.08	-5.0875
58.0825	-2.08125
58.085	-0.10625
58.0875	-1.51875
58.09	-6.7875
58.0925	-14.45
58.095	-21.15
58.0975	-24.38125
58.1	-24.4
58.1025	-23.05
58.105	-21.9625
58.1075	-21.55
58.11	-19.225
58.1125	-12.44375
58.115	-5.76875
58.1175	-4.75
58.12	-7.1125
58.1225	-8.79375
58.125	-10.43125
58.1275	-10.53125
58.13	-6.61875
58.1325	-1.95
58.135	-0.64375
58.1375	-2.70625
58.14	-7.275
58.1425	-12.86875
58.145	-14.76875
58.1475	-10.39375
58.15	-2.34375
58.1525	5.025
58.155	6.2375
58.1575	-2.575
58.16	-17.3
58.1625	-28.7875
58.165	-33.3625
58.1675	-33.2375
58.17	-31.18125
58.1725	-30.125
58.175	-32.55
58.1775	-35.95625
58.18	-35.3
58.1825	-29.55625
58.185	-21.925
58.1875	-16.89375
58.19	-17.425
58.1925	-22.8125
58.195	-27.55
58.1975	-26.725
58.2	-22.0375
58.2025	-18.38125
58.205	-15.66875
58.2075	-10.4875
58.21	-2.85625
58.2125	3.25625
58.215	6.01875
58.2175	7.30625
58.22	9.2625
58.2225	13.09375
58.225	14.05
58.2275	6.0125
58.23	-6.56875
58.2325	-13.06875
58.235	-11.0375
58.2375	-4.94375
58.24	1.1375
58.2425	4.7
58.245	5.6375
58.2475	4.75625
58.25	2.61875
58.2525	0.525
58.255	0.80625
58.2575	2.025
58.26	-4.65625
58.2625	-21.2625
58.265	-35.2625
58.2675	-36.60625
58.27	-30.59375
58.2725	-27.14375
58.275	-29.675
58.2775	-36.41875
58.28	-43.9875
58.2825	-50.38125
58.285	-55.69375
58.2875	-61.06875
58.29	-66.1125
58.2925	-68.1125
58.295	-64.64375
58.2975	-56.14375
58.3	-45.41875
58.3025	-36.7875
58.305	-34.425
58.3075	-38.125
58.31	-41.59375
58.3125	-39.4875
58.315	-33.10625
58.3175	-27.69375
58.32	-25.96875
58.3225	-23.03125
58.325	-14.70625
58.3275	-10.13125
58.33	-20.6125
58.3325	-39.525
58.335	-50.51875
58.3375	-48.8125
58.34	-40.15
58.3425	-27.98125
58.345	-17.8625
58.3475	-19.46875
58.35	-33.6
58.3525	-49.21875
58.355	-58.80625
58.3575	-64.03125
58.36	-68.0125
58.3625	-70.83125
58.365	-70.60625
58.3675	-67.49375
58.37	-63.99375
58.3725	-62.625
58.375	-62.4375
58.3775	-59.84375
58.38	-53.33125
58.3825	-45.3375
58.385	-39.825
58.3875	-38.70625
58.39	-40.50625
58.3925	-40.8
58.395	-37.6375
58.3975	-33.7875
58.4	-31.19375
58.4025	-28.7125
58.405	-26.75625
58.4075	-27.95
58.41	-31.40625
58.4125	-33.275
58.415	-31.68125
58.4175	-27.90625
58.42	-23.8
58.4225	-20.86875
58.425	-19.75
58.4275	-18.68125
58.43	-16.2
58.4325	-14.425
58.435	-15.925
58.4375	-21.48125
58.44	-30.25
58.4425	-38.125
58.445	-39.50625
58.4475	-34.00625
58.45	-25.5875
58.4525	-17.79375
58.455	-9.8625
58.4575	-1.63125
58.46	-0.2125
58.4625	-9.49375
58.465	-22.09375
58.4675	-29.525
58.47	-31
58.4725	-28.88125
58.475	-26.33125
58.4775	-24.8375
58.48	-20.30625
58.4825	-9.49375
58.485	0.20625
58.4875	-2.55625
58.49	-17.1625
58.4925	-32.4125
58.495	-38.54375
58.4975	-32.8375
58.5	-20.525
58.5025	-11.65625
58.505	-13.525
58.5075	-26.1125
58.51	-41.60625
58.5125	-49.475
58.515	-46.66875
58.5175	-38.29375
58.52	-29.4125
58.5225	-21.975
58.525	-15.6625
58.5275	-10.40625
58.53	-7.025
58.5325	-2.70625
58.535	3.66875
58.5375	4.26875
58.54	-5.51875
58.5425	-17.75
58.545	-23.46875
58.5475	-21.525
58.55	-15.43125
58.5525	-9.06875
58.555	-4.85
58.5575	-3.5125
58.56	-3.825
58.5625	-2.68125
58.565	3.00625
58.5675	11.2875
58.57	13.04375
58.5725	3.2875
58.575	-10.65625
58.5775	-18.45625
58.58	-17.65
58.5825	-10.66875
58.585	-1.275
58.5875	5.70625
58.59	6.79375
58.5925	2.625
58.595	-2.36875
58.5975	-6.2
58.6	-9.575
58.6025	-12.83125
58.605	-17.33125
58.6075	-24.50625
58.61	-29.9375
58.6125	-26.58125
58.615	-17.4
58.6175	-11.875
58.62	-10.21875
58.6225	-8.74375
58.625	-10.8
58.6275	-16.66875
58.63	-18.0625
58.6325	-9.91875
58.635	3
58.6375	9.2
58.64	2.75625
58.6425	-8.5125
58.645	-14.55
58.6475	-13.3625
58.65	-8.0375
58.6525	-1.5
58.655	4.06875
58.6575	6.89375
58.66	5.85625
58.6625	3.125
58.665	1.80625
58.6675	0.79375
58.67	-2.43125
58.6725	-6.18125
58.675	-5.80625
58.6775	1.14375
58.68	9.60625
58.6825	9.96875
58.685	2.3125
58.6875	-2.69375
58.69	0.4375
58.6925	7.25
58.695	11.725
58.6975	11.425
58.7	9.4375
58.7025	7.95625
58.705	4.25
58.7075	-2.13125
58.71	-5.96875
58.7125	-3.95625
58.715	0.15625
58.7175	1.04375
58.72	-1.025
58.7225	-1.5625
58.725	-1.06875
58.7275	-3.9875
58.73	-11.95625
58.7325	-21.5625
58.735	-26.3625
58.7375	-24.26875
58.74	-20.33125
58.7425	-18.025
58.745	-14.625
58.7475	-8.45625
58.75	-1.59375
58.7525	2.85
58.755	3.16875
58.7575	-0.0875
58.76	-5.3
58.7625	-8.0375
58.765	-0.83125
58.7675	15.64375
58.77	24.50625
58.7725	15.18125
58.775	0.69375
58.7775	-3.80625
58.78	-1.575
58.7825	-0.9125
58.785	-0.34375
58.7875	3.35625
58.79	5.15
58.7925	1.075
58.795	-4.24375
58.7975	-6.725
58.8	-7.26875
58.8025	-7.275
58.805	-9.1375
58.8075	-13.65625
58.81	-16.55625
58.8125	-15.4125
58.815	-11.78125
58.8175	-8.89375
58.82	-9.81875
58.8225	-14.975
58.825	-20.725
58.8275	-23.79375
58.83	-23.59375
58.8325	-20.13125
58.835	-14.59375
58.8375	-9.0875
58.84	-5.20625
58.8425	-4.05625
58.845	-7.15625
58.8475	-14.5125
58.85	-23.4625
58.8525	-28.05
58.855	-23.875
58.8575	-15.1375
58.86	-8.18125
58.8625	-2.0375
58.865	5.8125
58.8675	13.025
58.87	16.9625
58.8725	16.80625
58.875	14.95
58.8775	16.16875
58.88	21.325
58.8825	24.28125
58.885	18.55
58.8875	6.04375
58.89	-4.875
58.8925	-9.15625
58.895	-7.56875
58.8975	-1.6
58.9	4.21875
58.9025	5.55625
58.905	3.08125
58.9075	-0.58125
58.91	-5.58125
58.9125	-12.99375
58.915	-20.49375
58.9175	-23.51875
58.92	-21.96875
58.9225	-21.2125
58.925	-23.48125
58.9275	-25.71875
58.93	-23.8625
58.9325	-18.8
58.935	-15.5875
58.9375	-15.6125
58.94	-15.3625
58.9425	-11.6
58.945	-2.33125
58.9475	10.8
58.95	19.69375
58.9525	18.0625
58.955	9.83125
58.9575	4.6375
58.96	4.8625
58.9625	6.8875
58.965	9.44375
58.9675	10.19375
58.97	4
58.9725	-8.14375
58.975	-20.78125
58.9775	-31.275
58.98	-36.3875
58.9825	-33.675
58.985	-25.1
58.9875	-15.76875
58.99	-10.25625
58.9925	-8.2375
58.995	-5.65
58.9975	-1.79375
59	0.99375
59.0025	4.53125
59.005	11.58125
59.0075	15.0125
59.01	4.75
59.0125	-12.70625
59.015	-19.4375
59.0175	-14.65625
59.02	-11.775
59.0225	-12.59375
59.025	-10.75625
59.0275	-9.3875
59.03	-12.23125
59.0325	-13.1
59.035	-9.15625
59.0375	-5.7
59.04	-6.08125
59.0425	-6.4125
59.045	-3.26875
59.0475	2.3375
59.05	8.25
59.0525	14.325
59.055	19.60625
59.0575	21.58125
59.06	19.29375
59.0625	14.16875
59.065	10.125
59.0675	10.85
59.07	14.95625
59.0725	16.2125
59.075	11.76875
59.0775	5.83125
59.08	3.45
59.0825	3.80625
59.085	4.26875
59.0875	5.04375
59.09	5.6
59.0925	3.075
59.095	-2.3125
59.0975	-6.525
59.1	-6.1375
59.1025	-1.6
59.105	1.95625
59.1075	0.275
59.11	-3.40625
59.1125	-3.25
59.115	3.26875
59.1175	14.6875
59.12	23.16875
59.1225	23.29375
59.125	19.475
59.1275	15.36875
59.13	10.425
59.1325	8.29375
59.135	11.39375
59.1375	13.99375
59.14	11.925
59.1425	10.29375
59.145	14.975
59.1475	20.8875
59.15	18.53125
59.1525	9.24375
59.155	1.75
59.1575	0.23125
59.16	2.7125
59.1625	6.89375
59.165	11.18125
59.1675	16.1875
59.17	21.375
59.1725	18.36875
59.175	2.49375
59.1775	-14.40625
59.18	-20.6
59.1825	-20.7
59.185	-22.3
59.1875	-25.7125
59.19	-30.74375
59.1925	-37.7625
59.195	-42.05
59.1975	-37.675
59.2	-24.11875
59.2025	-8.4125
59.205	-2.63125
59.2075	-10.9875
59.21	-22.3625
59.2125	-24.93125
59.215	-17.825
59.2175	-3.39375
59.22	15.9125
59.2225	31.5375
59.225	33.71875
59.2275	24.20625
59.23	15.3875
59.2325	12.75625
59.235	11.2125
59.2375	7.2125
59.24	2.2375
59.2425	-1.975
59.245	-2.7375
59.2475	4.5375
59.25	13.5
59.2525	11.06875
59.255	-0.13125
59.2575	-8.78125
59.26	-15.74375
59.2625	-23.4
59.265	-24.775
59.2675	-17.35
59.27	-8.33125
59.2725	-6.75
59.275	-15.51875
59.2775	-28.01875
59.28	-34.6875
59.2825	-33.25
59.285	-28.31875
59.2875	-23.56875
59.29	-22.6625
59.2925	-28.85
59.295	-38.75
59.2975	-46.74375
59.3	-51.61875
59.3025	-52.55625
59.305	-50.3375
59.3075	-46.4875
59.31	-36.98125
59.3125	-19.09375
59.315	-3.55
59.3175	-5.78125
59.32	-26.225
59.3225	-50.20625
59.325	-63.78125
59.3275	-64.56875
59.33	-59.33125
59.3325	-56.48125
59.335	-58.45
59.3375	-61.8875
59.34	-64.6125
59.3425	-65.4625
59.345	-62.8375
59.3475	-60.16875
59.35	-63.54375
59.3525	-71.41875
59.355	-77.80625
59.3575	-82.14375
59.36	-86.98125
59.3625	-90.975
59.365	-88.55625
59.3675	-80.81875
59.37	-77.33125
59.3725	-82.8
59.375	-92.55625
59.3775	-100.8625
59.38	-104.575
59.3825	-102.6
59.385	-98.8
59.3875	-99.425
59.39	-103.85
59.3925	-103.2437
59.395	-93.51875
59.3975	-81.61875
59.4	-73.6875
59.4025	-68.51875
59.405	-61.5
59.4075	-52.94375
59.41	-51.0375
59.4125	-57.63125
59.415	-60.58125
59.4175	-53.4375
59.42	-45.80625
59.4225	-45.03125
59.425	-49.08125
59.4275	-52.4125
59.43	-50.8125
59.4325	-45.0875
59.435	-40.48125
59.4375	-40.13125
59.44	-41.78125
59.4425	-41.975
59.445	-42.725
59.4475	-47.45625
59.45	-51.2125
59.4525	-48.03125
59.455	-40.94375
59.4575	-35.125
59.46	-31.40625
59.4625	-30.2125
59.465	-33.34375
59.4675	-40.16875
59.47	-43.175
59.4725	-36.65
59.475	-26.4125
59.4775	-18.28125
59.48	-10.55
59.4825	-3.925
59.485	-0.16875
59.4875	3.25625
59.49	5.20625
59.4925	3.66875
59.495	3.35625
59.4975	9.1125
59.5	17.35625
59.5025	22.73125
59.505	26.8125
59.5075	34.8625
59.51	46.88125
59.5125	54.15
59.515	50.99375
59.5175	42.8375
59.52	35.8375
59.5225	27.40625
59.525	15.7375
59.5275	6.28125
59.53	4.4125
59.5325	10.73125
59.535	20.7
59.5375	26.6375
59.54	23.48125
59.5425	16.11875
59.545	12.00625
59.5475	10.625
59.55	9.8625
59.5525	9.40625
59.555	5.075
59.5575	-6.35625
59.56	-18.3625
59.5625	-23.33125
59.565	-22.30625
59.5675	-19.51875
59.57	-16.19375
59.5725	-12.875
59.575	-9.8
59.5775	-4.91875
59.58	3.23125
59.5825	14.41875
59.585	26.0125
59.5875	31.75625
59.59	29.73125
59.5925	28.49375
59.595	35.39375
59.5975	45.23125
59.6	50.2125
59.6025	51.125
59.605	52.25
59.6075	54.6875
59.61	54.375
59.6125	48.98125
59.615	44.325
59.6175	46.1125
59.62	51.66875
59.6225	55.14375
59.625	51.43125
59.6275	39.1
59.63	26.60625
59.6325	20.6875
59.635	15.8
59.6375	6.03125
59.64	-5.275
59.6425	-12.08125
59.645	-11.9125
59.6475	-7.09375
59.65	-3.95
59.6525	-4.95
59.655	-5.0625
59.6575	-1.41875
59.66	1.7625
59.6625	3.4125
59.665	8.91875
59.6675	20.7
59.67	33.0375
59.6725	39.51875
59.675	41.38125
59.6775	43.70625
59.68	48.725
59.6825	54.83125
59.685	55.66875
59.6875	45.9875
59.69	32.56875
59.6925	26.5125
59.695	30.5875
59.6975	39.25
59.7	44.75
59.7025	45.6875
59.705	44.69375
59.7075	41.5125
59.71	37.5
59.7125	36.75
59.715	39.43125
59.7175	42.80625
59.72	41.9
59.7225	30.34375
59.725	11.38125
59.7275	-3.125
59.73	-6.56875
59.7325	-1.375
59.735	8.11875
59.7375	16.2
59.74	14.35625
59.7425	1.925
59.745	-9.5625
59.7475	-11.125
59.75	-6.05625
59.7525	0.21875
59.755	6.94375
59.7575	13.25625
59.76	18.5875
59.7625	25.38125
59.765	34.9
59.7675	44.05
59.77	48.51875
59.7725	47.71875
59.775	46.41875
59.7775	48.78125
59.78	52.94375
59.7825	54.4875
59.785	52.29375
59.7875	46.7625
59.79	38.38125
59.7925	30.29375
59.795	27.53125
59.7975	30.38125
59.8	34.775
59.8025	38.225
59.805	36.94375
59.8075	26.875
59.81	12.575
59.8125	3.1125
59.815	-0.94375
59.8175	-3.8375
59.82	-6.94375
59.8225	-9.70625
59.825	-9.875
59.8275	-4.2125
59.83	5.41875
59.8325	10.79375
59.835	5.575
59.8375	-6.55
59.84	-16.20625
59.8425	-17.64375
59.845	-12.43125
59.8475	-5.55
59.85	-0.34375
59.8525	2.95
59.855	6.09375
59.8575	10.20625
59.86	12.78125
59.8625	11.6875
59.865	11.5125
59.8675	15.65
59.87	18.9375
59.8725	15.9125
59.875	8.3875
59.8775	2.11875
59.88	0.6
59.8825	3.66875
59.885	9.3125
59.8875	13.26875
59.89	11.61875
59.8925	6.19375
59.895	2.1
59.8975	-0.0875
59.9	-2.41875
59.9025	-3.5625
59.905	-1.23125
59.9075	3.3
59.91	6.51875
59.9125	6.90625
59.915	4.48125
59.9175	-1.75625
59.92	-11.46875
59.9225	-20.5625
59.925	-25.18125
59.9275	-26.40625
59.93	-26.1375
59.9325	-23.35625
59.935	-17.825
59.9375	-11.60625
59.94	-5.9
59.9425	0.4375
59.945	6.65
59.9475	9.81875
59.95	10.825
59.9525	12.3
59.955	16.175
59.9575	20.9125
59.96	20.11875
59.9625	11.38125
59.965	1.375
59.9675	-1.7125
59.97	4.53125
59.9725	15.30625
59.975	21.5125
59.9775	17.86875
59.98	4.59375
59.9825	-10.84375
59.985	-16.43125
59.9875	-11.2
59.99	-6.89375
59.9925	-9.26875
59.995	-14.5125
59.9975	-20.375
60	-27.7125
60.0025	-34.55
60.005	-38.175
60.0075	-40.60625
60.01	-44.94375
60.0125	-49.3625
60.015	-49.2375
60.0175	-42.4875
60.02	-31.21875
60.0225	-22.85625
60.025	-23.2125
60.0275	-27.29375
60.03	-26.1375
60.0325	-18.01875
60.035	-6.1875
60.0375	5.4375
60.04	13.81875
60.0425	19.4125
60.045	26.475
60.0475	36.425
60.05	43.66875
60.0525	42.5875
60.055	34.55625
60.0575	25.15
60.06	19.625
60.0625	21.01875
60.065	28.4
60.0675	35.93125
60.07	36.45
60.0725	29.55
60.075	20.275
60.0775	8.55
60.08	-8.025
60.0825	-23.0875
60.085	-29.11875
60.0875	-27.05
60.09	-23.40625
60.0925	-24.3
60.095	-28.85625
60.0975	-29.70625
60.1	-26.1375
60.1025	-25.3625
60.105	-29.79375
60.1075	-35.41875
60.11	-38.5375
60.1125	-37.61875
60.115	-33.10625
60.1175	-27.88125
60.12	-22.85625
60.1225	-14.7
60.125	-1.58125
60.1275	13.25625
60.13	22.50625
60.1325	18.8875
60.135	5.44375
60.1375	-6.2375
60.14	-10.275
60.1425	-7.36875
60.145	0.8625
60.1475	10.125
60.15	17.01875
60.1525	21.81875
60.155	23.775
60.1575	21.38125
60.16	15.13125
60.1625	7.19375
60.165	1.425
60.1675	-1.96875
60.17	-6.25625
60.1725	-11.14375
60.175	-15.0875
60.1775	-19.5375
60.18	-25.18125
60.1825	-31.56875
60.185	-39.9
60.1875	-48.56875
60.19	-54.24375
60.1925	-55.6
60.195	-52.65
60.1975	-46.08125
60.2	-38.78125
60.2025	-35.66875
60.205	-38.34375
60.2075	-41.20625
60.21	-38.6375
60.2125	-32
60.215	-23.6375
60.2175	-12.575
60.22	-0.34375
60.2225	7.5875
60.225	8.33125
60.2275	5.9875
60.23	6.95
60.2325	13.0125
60.235	20.89375
60.2375	24.5625
60.24	21.04375
60.2425	14.28125
60.245	8.725
60.2475	4.675
