Interval=	0.0025 s
ExcelDateTime=	4.6155602187774326e+004	5/13/2026 14:27:09.023702
TimeFormat=	StartOfBlock
DateFormat=	
ChannelTitle=	EEG
Range=	200.0 µV
151.25	16.13125
151.2525	18.09375
151.255	11.46875
151.2575	3.84375
151.26	1.38125
151.2625	1.95625
151.265	-0.54375
151.2675	-6.3875
151.27	-8.16875
151.2725	-4.0625
151.275	-1.45
151.2775	-4.24375
151.28	-7.79375
151.2825	-9.325
151.285	-10.725
151.2875	-8.5375
151.29	2.15625
151.2925	17.05
151.295	25.95
151.2975	22.1
151.3	5.8375
151.3025	-14.69375
151.305	-27.7625
151.3075	-28.025
151.31	-19.59375
151.3125	-10.625
151.315	-4.65
151.3175	-1.2875
151.32	-0.86875
151.3225	-2.8
151.325	-3.65
151.3275	-2.38125
151.33	2.43125
151.3325	11.54375
151.335	13.9875
151.3375	0.5375
151.34	-18.14375
151.3425	-26.6125
151.345	-21.35
151.3475	-4.11875
151.35	14.5875
151.3525	20.7125
151.355	16.80625
151.3575	15.075
151.36	19.29375
151.3625	25.4875
151.365	28.8125
151.3675	25.55
151.37	13.65625
151.3725	-2.93125
151.375	-15.16875
151.3775	-17.06875
151.38	-8.35
151.3825	5.7625
151.385	12.7
151.3875	7.34375
151.39	0.125
151.3925	-2.44375
151.395	-3.2875
151.3975	-1.93125
151.4	1.24375
151.4025	1.31875
151.405	-0.10625
151.4075	4.0875
151.41	13.05
151.4125	19.83125
151.415	22.9
151.4175	22.3875
151.42	15.54375
151.4225	3.7
151.425	-4.35
151.4275	-3.775
151.43	-1.2125
151.4325	-1.94375
151.435	-4.78125
151.4375	-9.81875
151.44	-16.775
151.4425	-20.50625
151.445	-17.99375
151.4475	-12.71875
151.45	-8.96875
151.4525	-8.93125
151.455	-8.45625
151.4575	-1.1375
151.46	8.525
151.4625	11.51875
151.465	8.89375
151.4675	6.18125
151.47	5.2
151.4725	6.8375
151.475	11.10625
151.4775	16.125
151.48	18.5875
151.4825	14.60625
151.485	4.39375
151.4875	-8.44375
151.49	-21.4625
151.4925	-30.44375
151.495	-31.74375
151.4975	-27.65625
151.5	-22.25625
151.5025	-17.30625
151.505	-11.775
151.5075	-5.2
151.51	-3.1625
151.5125	-7.76875
151.515	-9.8625
151.5175	-5.9875
151.52	-4.16875
151.5225	-5.94375
151.525	-5.49375
151.5275	-2.38125
151.53	0.75625
151.5325	1.75
151.535	-2.31875
151.5375	-11.5375
151.54	-20.80625
151.5425	-26.08125
151.545	-26.55
151.5475	-20.725
151.55	-11
151.5525	-4.75
151.555	-3.3
151.5575	-0.50625
151.56	6.89375
151.5625	15.85625
151.565	22.4125
151.5675	24.4125
151.57	20.13125
151.5725	10.9875
151.575	3.55625
151.5775	0.79375
151.58	-4.44375
151.5825	-14.44375
151.585	-19.3125
151.5875	-14.71875
151.59	-7.3625
151.5925	-1.24375
151.595	5.6
151.5975	10.0125
151.6	5.35625
151.6025	-5.8
151.605	-15.9875
151.6075	-22.875
151.61	-24.94375
151.6125	-20.01875
151.615	-14.1125
151.6175	-12.53125
151.62	-10.68125
151.6225	-5.55
151.625	0.46875
151.6275	5.55625
151.63	8.275
151.6325	7.85625
151.635	5.425
151.6375	2.19375
151.64	2.525
151.6425	11.24375
151.645	20.2875
151.6475	16.06875
151.65	1.61875
151.6525	-8.75
151.655	-12.3875
151.6575	-16.05625
151.66	-18.90625
151.6625	-17.1
151.665	-12.41875
151.6675	-6.63125
151.67	-0.99375
151.6725	3.76875
151.675	8.35625
151.6775	8.5
151.68	-2.40625
151.6825	-19.25625
151.685	-29.9625
151.6875	-30.4125
151.69	-20.44375
151.6925	-4.74375
151.695	0.51875
151.6975	-12.55625
151.7	-28.86875
151.7025	-35.8625
151.705	-37.5625
151.7075	-37.2625
151.71	-29.84375
151.7125	-11.54375
151.715	7.35625
151.7175	9.925
151.72	-3.35
151.7225	-17.46875
151.725	-24.0875
151.7275	-21.85
151.73	-14.2375
151.7325	-8.2375
151.735	-3.83125
151.7375	3.7875
151.74	13.03125
151.7425	17.24375
151.745	13.8125
151.7475	5.9625
151.75	-1.31875
151.7525	-5.4
151.755	-5.63125
151.7575	-2.65625
151.76	2.4625
151.7625	9.70625
151.765	16.275
151.7675	16.03125
151.77	6.99375
151.7725	-4.68125
151.775	-11.05
151.7775	-10.625
151.78	-6.75
151.7825	-3.44375
151.785	-3.7
151.7875	-8.2125
151.79	-16.05625
151.7925	-25.8
151.795	-33
151.7975	-30.9875
151.8	-19.85
151.8025	-8.35625
151.805	-4.98125
151.8075	-7.29375
151.81	-6.85625
151.8125	-4.2125
151.815	-6.9125
151.8175	-15.01875
151.82	-18.1625
151.8225	-14.1875
151.825	-16.55
151.8275	-32.53125
151.83	-49.3875
151.8325	-54.025
151.835	-49.63125
151.8375	-42.83125
151.84	-33.93125
151.8425	-22.70625
151.845	-12.375
151.8475	-5.05625
151.85	-0.15
151.8525	2.15625
151.855	-0.2875
151.8575	-6.2875
151.86	-7.0375
151.8625	1.2125
151.865	5.5375
151.8675	-5.65625
151.87	-20.79375
151.8725	-24.18125
151.875	-22.58125
151.8775	-28.81875
151.88	-39.1
151.8825	-43.275
151.885	-40.03125
151.8875	-34.625
151.89	-33.40625
151.8925	-38.0625
151.895	-44.275
151.8975	-47.95
151.9	-47.81875
151.9025	-44.80625
151.905	-41.99375
151.9075	-41.875
151.91	-41.25
151.9125	-36.49375
151.915	-32.14375
151.9175	-34.975
151.92	-43.03125
151.9225	-50.93125
151.925	-58.8125
151.9275	-68.2125
151.93	-76.5875
151.9325	-81.60625
151.935	-85.16875
151.9375	-86.04375
151.94	-81.2625
151.9425	-79.55
151.945	-92.91875
151.9475	-117.9437
151.95	-141.9812
151.9525	-157.2687
151.955	-160.2188
151.9575	-154.4688
151.96	-151.5375
151.9625	-156.8375
151.965	-164.1
151.9675	-169.475
151.97	-177.4625
151.9725	-186.9062
151.975	-189.6437
151.9775	-183.4437
151.98	-173.475
151.9825	-164.15
151.985	-154.9312
151.9875	-143.9125
151.99	-128.8187
151.9925	-107.3125
151.995	-83.7
151.9975	-71.3375
152	-77.1125
152.0025	-88.925
152.005	-90.99375
152.0075	-84.4375
152.01	-81.29375
152.0125	-84.75625
152.015	-89.05625
152.0175	-88.99375
152.02	-82.95
152.0225	-71.74375
152.025	-58.51875
152.0275	-47.78125
152.03	-40.1625
152.0325	-33.95
152.035	-30.41875
152.0375	-27.0625
152.04	-18.40625
152.0425	-8.775
152.045	-5.3375
152.0475	-11.1125
152.05	-26.86875
152.0525	-43.025
152.055	-45.7875
152.0575	-37.84375
152.06	-31.6375
152.0625	-29.475
152.065	-28.2
152.0675	-28.28125
152.07	-28.55625
152.0725	-24.1
152.075	-16.84375
152.0775	-12.6875
152.08	-10.00625
152.0825	-6.31875
152.085	-4.8875
152.0875	-6.03125
152.09	-5.03125
152.0925	-1.6375
152.095	-0.46875
152.0975	-3.15625
152.1	-5.98125
152.1025	-6.6625
152.105	-6.83125
152.1075	-7.90625
152.11	-6.10625
152.1125	1.4875
152.115	9.9625
152.1175	15.0625
152.12	19.31875
152.1225	25.26875
152.125	29.6875
152.1275	30.1
152.13	25.94375
152.1325	21.1375
152.135	19.7875
152.1375	13.7375
152.14	-2.8625
152.1425	-16.30625
152.145	-14.2125
152.1475	-5.175
152.15	-1.41875
152.1525	-4.90625
152.155	-8.11875
152.1575	-5.225
152.16	0.875
152.1625	8.28125
152.165	16.64375
152.1675	17.10625
152.17	6.83125
152.1725	0.7875
152.175	10.06875
152.1775	25.33125
152.18	27.0125
152.1825	12.7375
152.185	0.81875
152.1875	-1.75
152.19	-3.9875
152.1925	-5.81875
152.195	-1.98125
152.1975	3.95625
152.2	9.78125
152.2025	15.84375
152.205	17.15
152.2075	12.4375
152.21	8.6
152.2125	10.625
152.215	14.80625
152.2175	16.025
152.22	11.3
152.2225	0.39375
152.225	-5.7
152.2275	6.2875
152.23	25.5
152.2325	28.475
152.235	12.95625
152.2375	-4.0375
152.24	-12.06875
152.2425	-13.8
152.245	-13.25
152.2475	-13.375
152.25	-16.8625
152.2525	-23.1375
152.255	-25.175
152.2575	-19.59375
152.26	-9.00625
152.2625	1.35
152.265	4.75625
152.2675	3.775
152.27	2.96875
152.2725	-3.80625
152.275	-19.01875
152.2775	-27.575
152.28	-18.61875
152.2825	-3.1375
152.285	1.08125
152.2875	-10.79375
152.29	-30.95
152.2925	-45.01875
152.295	-39.69375
152.2975	-18.80625
152.3	-4.30625
152.3025	-9.925
152.305	-28.24375
152.3075	-46.1875
152.31	-52.51875
152.3125	-36.93125
152.315	-10.94375
152.3175	-5.425
152.32	-19.0125
152.3225	-17.79375
152.325	-2.8875
152.3275	-5.56875
152.33	-28.61875
152.3325	-50.50625
152.335	-54.40625
152.3375	-38.0875
152.34	-18.75
152.3425	-17.53125
152.345	-34.4375
152.3475	-52.16875
152.35	-50.45625
152.3525	-25.43125
152.355	0.9875
152.3575	7.35625
152.36	-4.6875
152.3625	-24.4875
152.365	-43.25625
152.3675	-52.19375
152.37	-50.19375
152.3725	-43.175
152.375	-33.29375
152.3775	-22.4375
152.38	-15.9625
152.3825	-15.0625
152.385	-15.73125
152.3875	-13.41875
152.39	-6.55625
152.3925	0.86875
152.395	4.58125
152.3975	5.5375
152.4	5.1875
152.4025	2.4375
152.405	-2.425
152.4075	-5.98125
152.41	-6.7
152.4125	-4.95625
152.415	-0.75
152.4175	2.8875
152.42	1.375
152.4225	-3.4625
152.425	-4.1875
152.4275	2.43125
152.43	10.90625
152.4325	14.56875
152.435	13.64375
152.4375	12.01875
152.44	10.49375
152.4425	4.975
152.445	-6.70625
152.4475	-19.2125
152.45	-25.7375
152.4525	-25.86875
152.455	-22.45625
152.4575	-17.3625
152.46	-12.025
152.4625	-7.1625
152.465	-3.3
152.4675	-1.26875
152.47	-3.70625
152.4725	-11.7
152.475	-19.24375
152.4775	-21.1375
152.48	-21.475
152.4825	-24.28125
152.485	-27.575
152.4875	-28.33125
152.49	-24.33125
152.4925	-17.2625
152.495	-13.05
152.4975	-13.93125
152.5	-16.00625
152.5025	-16.49375
152.505	-16.8875
152.5075	-17.3625
152.51	-16.66875
152.5125	-19.18125
152.515	-28.975
152.5175	-37.29375
152.52	-34.03125
152.5225	-18.125
152.525	3.0875
152.5275	12.8125
152.53	3.25625
152.5325	-12.04375
152.535	-19.75625
152.5375	-22.38125
152.54	-24.31875
152.5425	-23.83125
152.545	-19.30625
152.5475	-12.18125
152.55	-6.25
152.5525	-5.75625
152.555	-12.54375
152.5575	-24.10625
152.56	-36.425
152.5625	-44.41875
152.565	-39.36875
152.5675	-22.9125
152.57	-7.00625
152.5725	0.80625
152.575	0.2625
152.5775	-6.2875
152.58	-15.38125
152.5825	-26.56875
152.585	-43.3875
152.5875	-61.75
152.59	-70.10625
152.5925	-62.74375
152.595	-45.69375
152.5975	-27.06875
152.6	-9.725
152.6025	1.725
152.605	-1.56875
152.6075	-16.7375
152.61	-29.275
152.6125	-34.38125
152.615	-37.30625
152.6175	-37.54375
152.62	-33.8875
152.6225	-30.75625
152.625	-26.9375
152.6275	-19.1125
152.63	-12.83125
152.6325	-16.15625
152.635	-26.125
152.6375	-32.40625
152.64	-29.80625
152.6425	-21.5
152.645	-13.61875
152.6475	-9.3375
152.65	-8.21875
152.6525	-8.075
152.655	-7.65625
152.6575	-7.5375
152.66	-6.4125
152.6625	-0.625
152.665	9.11875
152.6675	19.6625
152.67	29.4
152.6725	32.56875
152.675	24
152.6775	11.4875
152.68	4.65
152.6825	2.30625
152.685	2.3375
152.6875	4.6125
152.69	5.28125
152.6925	1.40625
152.695	-4.25625
152.6975	-6.7875
152.7	-4.55625
152.7025	1.85625
152.705	13.3125
152.7075	25.9625
152.71	30.64375
152.7125	27.08125
152.715	21.325
152.7175	8.875
152.72	-12.21875
152.7225	-23.325
152.725	-11.68125
152.7275	7.1625
152.73	13.0875
152.7325	5.59375
152.735	-2.925
152.7375	6.73125
152.74	36.8375
152.7425	52.28125
152.745	32.7375
152.7475	5.21875
152.75	-10.43125
152.7525	-25.16875
152.755	-37.525
152.7575	-34.19375
152.76	-19.20625
152.7625	-3.93125
152.765	7.975
152.7675	12.75625
152.77	5.80625
152.7725	-5.425
152.775	-8.36875
152.7775	-1.41875
152.78	6.5625
152.7825	9.025
152.785	12.4
152.7875	21.81875
152.79	25.65
152.7925	15.49375
152.795	4.975
152.7975	6.6875
152.8	17
152.8025	24.3375
152.805	20.7625
152.8075	9.075
152.81	-6.175
152.8125	-21.19375
152.815	-30.7625
152.8175	-30.575
152.82	-17.425
152.8225	5.5375
152.825	20.2
152.8275	16.76875
152.83	8.275
152.8325	1.79375
152.835	-8.0125
152.8375	-21.71875
152.84	-37.25
152.8425	-48.7125
152.845	-45.4375
152.8475	-29.2875
152.85	-18.825
152.8525	-25.5125
152.855	-39.175
152.8575	-42.9375
152.86	-33.7375
152.8625	-23.1625
152.865	-20.7625
152.8675	-27.525
152.87	-36.5125
152.8725	-40.03125
152.875	-38.7875
152.8775	-35.81875
152.88	-29.5375
152.8825	-22.9125
152.885	-23.6375
152.8875	-31.60625
152.89	-40.75
152.8925	-46.95625
152.895	-48.125
152.8975	-45.11875
152.9	-43.3375
152.9025	-44.85625
152.905	-45.975
152.9075	-44.7
152.91	-42.73125
152.9125	-39.7375
152.915	-33.58125
152.9175	-26.2375
152.92	-22.50625
152.9225	-23.9
152.925	-27.175
152.9275	-31.31875
152.93	-37.46875
152.9325	-42.275
152.935	-40.31875
152.9375	-32.0375
152.94	-22.6875
152.9425	-18.58125
152.945	-23.90625
152.9475	-34.11875
152.95	-41.63125
152.9525	-40.84375
152.955	-32.2375
152.9575	-26.45
152.96	-28.95
152.9625	-32.99375
152.965	-33.175
152.9675	-29.89375
152.97	-21.8875
152.9725	-10.175
152.975	-4.08125
152.9775	-13.61875
152.98	-34.36875
152.9825	-49.1375
152.985	-48.45
152.9875	-34.66875
152.99	-19.325
152.9925	-15.7125
152.995	-24.5875
152.9975	-35.68125
153	-39.51875
153.0025	-31.7375
153.005	-18.5
153.0075	-12.5875
153.01	-15.2625
153.0125	-18.36875
153.015	-20.01875
153.0175	-25.8875
153.02	-35.575
153.0225	-41.025
153.025	-38.89375
153.0275	-30.28125
153.03	-19.2
153.0325	-12.16875
153.035	-11.075
153.0375	-9.2375
153.04	-4.925
153.0425	-6.60625
153.045	-18.39375
153.0475	-34.7125
153.05	-47.65625
153.0525	-54.525
153.055	-53.99375
153.0575	-46.175
153.06	-33.56875
153.0625	-18.83125
153.065	-6.6375
153.0675	-2.91875
153.07	-9.2
153.0725	-19.16875
153.075	-23.86875
153.0775	-22.875
153.08	-23.63125
153.0825	-28.6875
153.085	-32.225
153.0875	-30.34375
153.09	-25.15
153.0925	-18.16875
153.095	-8.3625
153.0975	1.35625
153.1	3.475
153.1025	-3.0375
153.105	-9.3
153.1075	-8.3875
153.11	-3.04375
153.1125	-0.8875
153.115	-3.9
153.1175	-8.13125
153.12	-9.9375
153.1225	-8.4125
153.125	-5.325
153.1275	-3.20625
153.13	-1.79375
153.1325	0.58125
153.135	-0.01875
153.1375	-6.375
153.14	-14.6625
153.1425	-17.45625
153.145	-11.09375
153.1475	-0.04375
153.15	9.25
153.1525	16.33125
153.155	20.85
153.1575	17.2125
153.16	6.78125
153.1625	-0.26875
153.165	5.23125
153.1675	19.55625
153.17	24.675
153.1725	8.625
153.175	-17.8875
153.1775	-35.99375
153.18	-39.8625
153.1825	-32.93125
153.185	-17.65625
153.1875	3.6125
153.19	24.2125
153.1925	31.2625
153.195	16.8375
153.1975	-6.4375
153.2	-19.1
153.2025	-19.08125
153.205	-11.8625
153.2075	3.375
153.21	22.21875
153.2125	32.45625
153.215	26.36875
153.2175	7.2875
153.22	-13.2625
153.2225	-24.75625
153.225	-21.525
153.2275	-4.80625
153.23	12.875
153.2325	17.1875
153.235	8.9
153.2375	-0.21875
153.24	-5.83125
153.2425	-10.41875
153.245	-12.3375
153.2475	-6.49375
153.25	5.99375
153.2525	16.8375
153.255	17.775
153.2575	9.0875
153.26	1.78125
153.2625	5.34375
153.265	16.38125
153.2675	22.775
153.27	16.04375
153.2725	1.9625
153.275	-2.95
153.2775	3.84375
153.28	5.725
153.2825	-7.1125
153.285	-24.34375
153.2875	-30.3125
153.29	-18.81875
153.2925	-1.26875
153.295	5.1125
153.2975	-1.66875
153.3	-12.5375
153.3025	-22.075
153.305	-25.7125
153.3075	-17.35
153.31	-2.89375
153.3125	4.8
153.315	4.6375
153.3175	4.1
153.32	3.33125
153.3225	-1.0875
153.325	-6.73125
153.3275	-10.25
153.33	-10.8
153.3325	-6.11875
153.335	3.65
153.3375	9.2375
153.34	1.75
153.3425	-12.2125
153.345	-19.1625
153.3475	-16.80625
153.35	-12.70625
153.3525	-12.2625
153.355	-10.0125
153.3575	3.6875
153.36	23.49375
153.3625	29.98125
153.365	15.34375
153.3675	-7.875
153.37	-24.91875
153.3725	-32.49375
153.375	-32.65625
153.3775	-26.7375
153.38	-16.9375
153.3825	-4.98125
153.385	5.94375
153.3875	6.55
153.39	-9.8125
153.3925	-34.55
153.395	-52.31875
153.3975	-54.225
153.4	-42.0125
153.4025	-24.29375
153.405	-9.93125
153.4075	-3.7625
153.41	-6.275
153.4125	-13.68125
153.415	-16.35
153.4175	-13.85
153.42	-19.5125
153.4225	-37.7875
153.425	-55.58125
153.4275	-61.44375
153.43	-55.68125
153.4325	-46.7375
153.435	-43.46875
153.4375	-43.26875
153.44	-37.8
153.4425	-26.81875
153.445	-18.78125
153.4475	-21.18125
153.45	-33.0875
153.4525	-44.09375
153.455	-44.80625
153.4575	-36.75
153.46	-28.33125
153.4625	-24.925
153.465	-26.5875
153.4675	-31.6
153.47	-36.2625
153.4725	-35.71875
153.475	-29.425
153.4775	-18.5
153.48	-5.075
153.4825	5.56875
153.485	8.46875
153.4875	1.75
153.49	-11
153.4925	-20.79375
153.495	-23.61875
153.4975	-26.1875
153.5	-29.85625
153.5025	-32.40625
153.505	-38.125
153.5075	-47.58125
153.51	-50.00625
153.5125	-35.7
153.515	-11.625
153.5175	4.28125
153.52	5.525
153.5225	-0.4
153.525	-11.16875
153.5275	-27.33125
153.53	-37.81875
153.5325	-31.1875
153.535	-14.36875
153.5375	-3.0875
153.54	-3.45
153.5425	-8.9
153.545	-16.375
153.5475	-28.775
153.55	-43.5
153.5525	-49.96875
153.555	-40.5125
153.5575	-21.8875
153.56	-10.675
153.5625	-12.6875
153.565	-17.15
153.5675	-15.83125
153.57	-11.96875
153.5725	-11.14375
153.575	-14.225
153.5775	-15.44375
153.58	-9.9375
153.5825	-2.075
153.585	-1.5125
153.5875	-13.15
153.59	-29.9375
153.5925	-39.39375
153.595	-39.09375
153.5975	-37.0625
153.6	-36.425
153.6025	-34.25625
153.605	-31.4
153.6075	-30.80625
153.61	-31.0875
153.6125	-29.75
153.615	-28.0125
153.6175	-28.25
153.62	-29.875
153.6225	-29.3
153.625	-24.2
153.6275	-15.675
153.63	-6.76875
153.6325	-0.8
153.635	0.36875
153.6375	-2.7375
153.64	-9.675
153.6425	-21.525
153.645	-36.90625
153.6475	-50.63125
153.65	-57.43125
153.6525	-57.51875
153.655	-54.5375
153.6575	-47.9125
153.66	-36.06875
153.6625	-24.73125
153.665	-19.43125
153.6675	-17.39375
153.67	-14.025
153.6725	-9.8875
153.675	-10.1
153.6775	-14.40625
153.68	-14.5
153.6825	-11.3375
153.685	-15.2125
153.6875	-26.45
153.69	-39.025
153.6925	-50.8625
153.695	-58.36875
153.6975	-58.81875
153.7	-55.4875
153.7025	-51.71875
153.705	-48.50625
153.7075	-43.06875
153.71	-30.9
153.7125	-15.94375
153.715	-8.7875
153.7175	-12.275
153.72	-19.475
153.7225	-24.625
153.725	-26.575
153.7275	-27.01875
153.73	-27.0625
153.7325	-24.36875
153.735	-18.5125
153.7375	-15.475
153.74	-19.44375
153.7425	-23.21875
153.745	-21.20625
153.7475	-20.8875
153.75	-27.85
153.7525	-36.93125
153.755	-43.075
153.7575	-43.6625
153.76	-35.25625
153.7625	-21.125
153.765	-11.60625
153.7675	-12.81875
153.77	-19.125
153.7725	-18.275
153.775	-9.75625
153.7775	-3.73125
153.78	-4.35
153.7825	-9.51875
153.785	-15.4875
153.7875	-15.93125
153.79	-9.8125
153.7925	-5.05
153.795	-4.1
153.7975	-1.725
153.8	2.675
153.8025	3.9625
153.805	0.03125
153.8075	-7.96875
153.81	-17.525
153.8125	-24.79375
153.815	-28.6375
153.8175	-29.98125
153.82	-26.475
153.8225	-17.0875
153.825	-6.94375
153.8275	0.025
153.83	3.5125
153.8325	1.6375
153.835	-5.4
153.8375	-9.66875
153.84	-8.2
153.8425	-9.175
153.845	-13.16875
153.8475	-11.625
153.85	-6.8375
153.8525	-9.075
153.855	-15.50625
153.8575	-16.175
153.86	-12.0875
153.8625	-7.2875
153.865	-3.30625
153.8675	-5.4125
153.87	-15.55
153.8725	-24.19375
153.875	-23.1625
153.8775	-16.75625
153.88	-14.8
153.8825	-22.9625
153.885	-36.71875
153.8875	-46.7375
153.89	-46.9625
153.8925	-37.38125
153.895	-21.375
153.8975	-6.275
153.9	-1.5125
153.9025	-5.375
153.905	-8.61875
153.9075	-12.13125
153.91	-21.275
153.9125	-31.8375
153.915	-37.6375
153.9175	-36.38125
153.92	-29.0375
153.9225	-21.5
153.925	-20.1
153.9275	-24.2875
153.93	-29.33125
153.9325	-30.28125
153.935	-26.2125
153.9375	-21.69375
153.94	-18.49375
153.9425	-16.25
153.945	-17.06875
153.9475	-20.55625
153.95	-22.6875
153.9525	-19.39375
153.955	-9.5875
153.9575	-2.875
153.96	-8.06875
153.9625	-19.06875
153.965	-26.35
153.9675	-29.69375
153.97	-33.18125
153.9725	-37.35
153.975	-37.18125
153.9775	-29.63125
153.98	-20.55625
153.9825	-14.475
153.985	-10.99375
153.9875	-9.675
153.99	-10.93125
153.9925	-16.31875
153.995	-27.00625
153.9975	-38.08125
154	-39.0875
154.0025	-27.41875
154.005	-14.38125
154.0075	-11.91875
154.01	-21.1
154.0125	-36.775
154.015	-54.23125
154.0175	-67.55
154.02	-71.975
154.0225	-67.875
154.025	-58.35
154.0275	-47.40625
154.03	-38.175
154.0325	-33.24375
154.035	-32.1
154.0375	-29.4375
154.04	-23.86875
154.0425	-21.25625
154.045	-23.63125
154.0475	-25.1125
154.05	-24.04375
154.0525	-27.05625
154.055	-38.875
154.0575	-52.625
154.06	-58.24375
154.0625	-56.4
154.065	-54.35
154.0675	-55.40625
154.07	-58.5
154.0725	-62.0125
154.075	-65.60625
154.0775	-65.6875
154.08	-59.45625
154.0825	-55.60625
154.085	-61.29375
154.0875	-69.2125
154.09	-77.45625
154.0925	-94.61875
154.095	-114.1687
154.0975	-123.325
154.1	-129.3937
154.1025	-145.8562
154.105	-169.6812
154.1075	-189.4812
154.11	-200.5562
154.1125	-202.15
154.115	-193.8687
154.1175	-179.85
154.12	-170.4812
154.1225	-173.1
154.125	-183.7875
154.1275	-193.9625
154.13	-200.0937
154.1325	-203.45
154.135	-204.3375
154.1375	-199.5937
154.14	-187.075
154.1425	-171.6375
154.145	-159.7813
154.1475	-151.6125
154.15	-144.8812
154.1525	-138.1625
154.155	-129.3187
154.1575	-116.7375
154.16	-102.0687
154.1625	-88.825
154.165	-79.89375
154.1675	-78.35625
154.17	-82.75625
154.1725	-84.4875
154.175	-77.525
154.1775	-65.03125
154.18	-56.55625
154.1825	-59.4375
154.185	-67.3
154.1875	-66.69375
154.19	-54.24375
154.1925	-36.45
154.195	-20.0375
154.1975	-9.8
154.2	-7.09375
154.2025	-6.925
154.205	-0.4875
154.2075	12.61875
154.21	23.6
154.2125	28.1
154.215	27.45625
154.2175	23.14375
154.22	18.29375
154.2225	15.8125
154.225	15.60625
154.2275	17.0125
154.23	19.18125
154.2325	20.025
154.235	18.3375
154.2375	17.03125
154.24	20.8625
154.2425	34.55625
154.245	53.86875
154.2475	65.58125
154.25	64.1625
154.2525	54.05
154.255	42.4375
154.2575	39.225
154.26	48.6
154.2625	61.29375
154.265	68.375
154.2675	67.15625
154.27	59.0875
154.2725	50.65
154.275	45.625
154.2775	43.75625
154.28	46.7875
154.2825	53.69375
154.285	57.20625
154.2875	53.33125
154.29	46.89375
154.2925	45.20625
154.295	48.4125
154.2975	49.1125
154.3	42.16875
154.3025	35.04375
154.305	38.38125
154.3075	52.25
154.31	68.4625
154.3125	79.91875
154.315	84.93125
154.3175	80.9625
154.32	68.1
154.3225	54.25
154.325	47.0125
154.3275	46.4625
154.33	47.54375
154.3325	39.9625
154.335	18.4625
154.3375	-2.86875
154.34	-8.50625
154.3425	-2.18125
154.345	3.21875
154.3475	4.725
154.35	10.71875
154.3525	24.45
154.355	39.39375
154.3575	50.325
154.36	55.7625
154.3625	54.49375
154.365	52.7
154.3675	59.53125
154.37	67.35
154.3725	60.9625
154.375	40.475
154.3775	16.7125
154.38	-3.7125
154.3825	-16.04375
154.385	-16.4375
154.3875	-4.25625
154.39	18.38125
154.3925	41.60625
154.395	51.68125
154.3975	45.96875
154.4	34.1125
154.4025	23.9375
154.405	19.775
154.4075	24.06875
154.41	32.0125
154.4125	37.08125
154.415	37.5125
154.4175	34.45625
154.42	28.45
154.4225	19.70625
154.425	11.7375
154.4275	9.3875
154.43	10.675
154.4325	9.9125
154.435	9.9125
154.4375	16.35
154.44	26.86875
154.4425	34.66875
154.445	37.51875
154.4475	36.05
154.45	27.89375
154.4525	12.45
154.455	-4.15625
154.4575	-10.875
154.46	-2.54375
154.4625	11.74375
154.465	17.43125
154.4675	9.70625
154.47	-2.725
154.4725	-8.86875
154.475	-7.625
154.4775	-5.96875
154.48	-6.7375
154.4825	-7.53125
154.485	-4.05625
154.4875	8.76875
154.49	29.025
154.4925	44.23125
154.495	41.425
154.4975	22.24375
154.5	2.19375
154.5025	-7.33125
154.505	-7.1875
154.5075	-1.31875
154.51	7.11875
154.5125	13.025
154.515	12.825
154.5175	8.7625
154.52	4.58125
154.5225	3.21875
154.525	8.8875
154.5275	21.925
154.53	33.31875
154.5325	33.2875
154.535	23.225
154.5375	12.53125
154.54	7.6
154.5425	6.3625
154.545	3.5875
154.5475	0.73125
154.55	0.98125
154.5525	1.95625
154.555	2.23125
154.5575	6.21875
154.56	19.8125
154.5625	39.5
154.565	47.675
154.5675	29.6
154.57	-3.86875
154.5725	-27.38125
154.575	-28.81875
154.5775	-16.325
154.58	-2.9625
154.5825	6.11875
154.585	10.61875
154.5875	11.16875
154.59	9.04375
154.5925	4.425
154.595	-2.08125
154.5975	-5.8875
154.6	-4.56875
154.6025	-0.9625
154.605	1.34375
154.6075	2.725
154.61	6.81875
154.6125	15.75625
154.615	27.91875
154.6175	37.45625
154.62	41.08125
154.6225	41.1375
154.625	37.5125
154.6275	26.2625
154.63	8.05
154.6325	-12.1125
154.635	-31.3125
154.6375	-44.74375
154.64	-44.9875
154.6425	-30.74375
154.645	-10.25
154.6475	7.2125
154.65	19.03125
154.6525	24.71875
154.655	27.35
154.6575	32.59375
154.66	35.575
154.6625	25.75
154.665	6.20625
154.6675	-8.30625
154.67	-11.98125
154.6725	-11.49375
154.675	-11.55
154.6775	-6.725
154.68	7.13125
154.6825	21.925
154.685	27.7125
154.6875	24.01875
154.69	16.20625
154.6925	7.5875
154.695	-0.4625
154.6975	-6.55
154.7	-9.2
154.7025	-4.2375
154.705	10.1
154.7075	24.6125
154.71	27.3875
154.7125	16.65625
154.715	3.0125
154.7175	0.03125
154.72	9.73125
154.7225	19.16875
154.725	19.8
154.7275	18.0375
154.73	19.68125
154.7325	20.9125
154.735	15.4375
154.7375	2.625
154.74	-10.25625
154.7425	-13.66875
154.745	-4.99375
154.7475	8.70625
154.75	18.2125
154.7525	20.7625
154.755	20.575
154.7575	20.68125
154.76	20.5375
154.7625	21.9375
154.765	23.9625
154.7675	21.84375
154.77	14.48125
154.7725	4.30625
154.775	-5.7375
154.7775	-10.125
154.78	-6.49375
154.7825	-2.93125
154.785	-6.85
154.7875	-12.75625
154.79	-10.8125
154.7925	0.175
154.795	10.53125
154.7975	10.73125
154.8	3.775
154.8025	-1.6875
154.805	-4.69375
154.8075	-6.25625
154.81	-3.425
154.8125	1.5625
154.815	4.1875
154.8175	3.4
154.82	-0.825
154.8225	-5.9875
154.825	-5.31875
154.8275	1.50625
154.83	4.725
154.8325	0.0625
154.835	-6.2125
154.8375	-5.63125
154.84	5.625
154.8425	22.14375
154.845	32.64375
154.8475	28.25
154.85	7.975
154.8525	-18.18125
154.855	-34.73125
154.8575	-34.6125
154.86	-20.1875
154.8625	0.65
154.865	13.6
154.8675	9.80625
154.87	-3.70625
154.8725	-12.66875
154.875	-11.85
154.8775	-7.95
154.88	-8.3625
154.8825	-12.24375
154.885	-11.5125
154.8875	-0.99375
154.89	13.23125
154.8925	19.79375
154.895	14.66875
154.8975	3.6375
154.9	-7.675
154.9025	-17.13125
154.905	-21.74375
154.9075	-19.04375
154.91	-12.4875
154.9125	-7.475
154.915	-5.225
154.9175	-4.3125
154.92	-2.36875
154.9225	2.15
154.925	11.81875
154.9275	26.9
154.93	37.675
154.9325	33.45
154.935	18.825
154.9375	6.30625
154.94	-3.5
154.9425	-17.86875
154.945	-34.53125
154.9475	-42.19375
154.95	-37.6
154.9525	-27.75625
154.955	-16.75
154.9575	-4.8
154.96	5.0375
154.9625	8.875
154.965	5.3625
154.9675	-3.21875
154.97	-11.5875
154.9725	-15.65
154.975	-15.04375
154.9775	-8.9
154.98	1.38125
154.9825	5.9
154.985	0.21875
154.9875	-6.65625
154.99	-6.0125
154.9925	0.90625
154.995	8.01875
154.9975	7.88125
155	-2.3875
155.0025	-13.86875
155.005	-16.23125
155.0075	-8.075
155.01	6.58125
155.0125	24.44375
155.015	38.04375
155.0175	32.7875
155.02	6.0625
155.0225	-24.475
155.025	-42.38125
155.0275	-44.05
155.03	-30.225
155.0325	-9.6375
155.035	0.96875
155.0375	-3.99375
155.04	-13.3375
155.0425	-16.36875
155.045	-15.79375
155.0475	-17.4625
155.05	-20.125
155.0525	-21.425
155.055	-21.8375
155.0575	-19.65625
155.06	-12.375
155.0625	-2.34375
155.065	4.86875
155.0675	6.00625
155.07	2.75625
155.0725	0.25
155.075	3.225
155.0775	9.675
155.08	12.05
155.0825	7.28125
155.085	-2
155.0875	-11.7
155.09	-16.96875
155.0925	-15.8125
155.095	-10.775
155.0975	-2.8625
155.1	9.36875
155.1025	19.85
155.105	18.95
155.1075	7.80625
155.11	0.025
155.1125	6.625
155.115	25.89375
155.1175	44.35625
155.12	42.80625
155.1225	18.8125
155.125	-9.83125
155.1275	-27.80625
155.13	-33.35
155.1325	-29.44375
155.135	-20.69375
155.1375	-16.19375
155.14	-22.8375
155.1425	-32.59375
155.145	-27.73125
155.1475	-10.16875
155.15	3.35
155.1525	6.30625
155.155	1.28125
155.1575	-9.45625
155.16	-21.64375
155.1625	-27.43125
155.165	-23.95
155.1675	-15.425
155.17	-5.36875
155.1725	7.06875
155.175	21.69375
155.1775	33.8125
155.18	34.65
155.1825	21.5
155.185	4.375
155.1875	-7.29375
155.19	-12.075
155.1925	-9.84375
155.195	-1.41875
155.1975	8.44375
155.2	13.35625
155.2025	10.24375
155.205	2.775
155.2075	-0.65625
155.21	5.55625
155.2125	17.71875
155.215	28.1125
155.2175	31.55
155.22	28.06875
155.2225	23.40625
155.225	21.46875
155.2275	20.95625
155.23	20.03125
155.2325	19.49375
155.235	22.4875
155.2375	30.65
155.24	36.00625
155.2425	32.34375
155.245	28.34375
155.2475	29.70625
155.25	25.3125
155.2525	7.26875
155.255	-12.8625
155.2575	-18.85
155.26	-8.9
155.2625	5.69375
155.265	14.575
155.2675	16.575
155.27	13.56875
155.2725	3.65
155.275	-9.8125
155.2775	-16.05
155.28	-9.2875
155.2825	7.4
155.285	24.64375
155.2875	31.7625
155.29	26.5125
155.2925	21.26875
155.295	28.23125
155.2975	40.40625
155.3	38.56875
155.3025	16.50625
155.305	-13.75
155.3075	-39.38125
155.31	-53.225
155.3125	-52.2625
155.315	-38.375
155.3175	-20.0625
155.32	-7.09375
155.3225	-1
155.325	4.775
155.3275	13.91875
155.33	20.575
155.3325	18.70625
155.335	11.49375
155.3375	2.63125
155.34	-6.98125
155.3425	-14.875
155.345	-20.5
155.3475	-27.73125
155.35	-38.0125
155.3525	-46.30625
155.355	-45.1375
155.3575	-31.575
155.36	-14.325
155.3625	-0.6
155.365	8.59375
155.3675	4.19375
155.37	-20.55625
155.3725	-49.56875
155.375	-59.0625
155.3775	-46.35625
155.38	-27.5875
155.3825	-18.8
155.385	-22.00625
155.3875	-27.63125
155.39	-25.61875
155.3925	-13.125
155.395	1.46875
155.3975	8.71875
155.4	9.83125
155.4025	8.14375
155.405	3.93125
155.4075	2.61875
155.41	10.56875
155.4125	23.30625
155.415	27.53125
155.4175	14.55625
155.42	-8.9
155.4225	-25.50625
155.425	-23.10625
155.4275	-3.8125
155.43	19.4125
155.4325	33.56875
155.435	35.11875
155.4375	30.8
155.44	26.9
155.4425	23.31875
155.445	19.66875
155.4475	16.8
155.45	14.6625
155.4525	14.95625
155.455	18.31875
155.4575	16.96875
155.46	5.3125
155.4625	-10.675
155.465	-21.475
155.4675	-21.5625
155.47	-8.49375
155.4725	15.0625
155.475	39.40625
155.4775	53.53125
155.48	47.0875
155.4825	22.575
155.485	1.50625
155.4875	-0.89375
155.49	6.24375
155.4925	5.675
155.495	-6.8875
155.4975	-23.29375
155.5	-31.9125
155.5025	-26.0625
155.505	-9.30625
155.5075	5.86875
155.51	9.26875
155.5125	0.81875
155.515	-12.56875
155.5175	-20.825
155.52	-21.24375
155.5225	-21.7125
155.525	-25.93125
155.5275	-26.5625
155.53	-17.04375
155.5325	-3.1875
155.535	3.18125
155.5375	-0.875
155.54	-6.1125
155.5425	-3.55
155.545	4.76875
155.5475	9.64375
155.55	6.825
155.5525	0.01875
155.555	-5.95
155.5575	-7.85625
155.56	-5.0875
155.5625	-0.6375
155.565	-0.7375
155.5675	-8.19375
155.57	-12.9125
155.5725	-3.64375
155.575	12.9375
155.5775	19.84375
155.58	11.1375
155.5825	-3.35
155.585	-10.525
155.5875	-9.95
155.59	-9.11875
155.5925	-7.2625
155.595	-3.34375
155.5975	-3.2125
155.6	-8.20625
155.6025	-14.13125
155.605	-18.4625
155.6075	-21.1875
155.61	-24.88125
155.6125	-29.375
155.615	-30.34375
155.6175	-29.69375
155.62	-30.69375
155.6225	-30.31875
155.625	-26.23125
155.6275	-20.11875
155.63	-14.20625
155.6325	-12.3375
155.635	-17.44375
155.6375	-28.5625
155.64	-39.01875
155.6425	-38.9125
155.645	-26.1125
155.6475	-11.7
155.65	-8.55
155.6525	-16.24375
155.655	-25.075
155.6575	-29.475
155.66	-30.81875
155.6625	-34.85
155.665	-50.375
155.6675	-74.6125
155.67	-91.74375
155.6725	-94.16875
155.675	-90.525
155.6775	-86.4125
155.68	-79.39375
155.6825	-76.85625
155.685	-90.86875
155.6875	-117.275
155.69	-139.6563
155.6925	-151.125
155.695	-155.8687
155.6975	-158.6312
155.7	-158.8438
155.7025	-156.5437
155.705	-158.4437
155.7075	-166.8687
155.71	-176.3687
155.7125	-182.3125
155.715	-183.6937
155.7175	-183.1
155.72	-186.2062
155.7225	-194
155.725	-201.225
155.7275	-204.5937
155.73	-204.075
155.7325	-198.45
155.735	-188.4062
155.7375	-177.75
155.74	-168.35
155.7425	-161.9125
155.745	-159.0375
155.7475	-155.2
155.75	-146.8438
155.7525	-133.8438
155.755	-115.0687
155.7575	-98.11875
155.76	-96.7375
155.7625	-109.1625
155.765	-117.5813
155.7675	-109.775
155.77	-92.38125
155.7725	-82.11875
155.775	-84.55625
155.7775	-87.94375
155.78	-83.58125
155.7825	-72.725
155.785	-56.21875
155.7875	-37.84375
155.79	-26.125
155.7925	-25.575
155.795	-33.4375
155.7975	-43.25
155.8	-47.6375
155.8025	-41.125
155.805	-23.8
155.8075	-6.33125
155.81	-1.175
155.8125	-9.075
155.815	-24.3375
155.8175	-42.03125
155.82	-52.025
155.8225	-43.46875
155.825	-18.39375
155.8275	10.5125
155.83	23.5
155.8325	8.25625
155.835	-20.85625
155.8375	-36.85
155.84	-27.51875
155.8425	-0.5375
155.845	23.01875
155.8475	24.30625
155.85	5.39375
155.8525	-16.775
155.855	-26.0875
155.8575	-17.86875
155.86	-1.3875
155.8625	13.23125
155.865	24.3375
155.8675	31.06875
155.87	27.3875
155.8725	13.8375
155.875	3.73125
155.8775	9.5875
155.88	26.54375
155.8825	38.675
155.885	37.4375
155.8875	28.6875
155.89	20.73125
155.8925	15.98125
155.895	15.93125
155.8975	20.63125
155.9	27.01875
155.9025	31.9625
155.905	31.09375
155.9075	23.325
155.91	16.38125
155.9125	18.7875
155.915	32.275
155.9175	47.51875
155.92	47.4875
155.9225	26.8375
155.925	5.8125
155.9275	8.95625
155.93	32.15
155.9325	46.25625
155.935	37.1625
155.9375	19.74375
155.94	13.01875
155.9425	21.65625
155.945	38.45
155.9475	51.03125
155.95	48.15625
155.9525	35.2875
155.955	30.99375
155.9575	38.65
155.96	43.45
155.9625	35.81875
155.965	21.1375
155.9675	9.76875
155.97	7.36875
155.9725	12.475
155.975	22.55
155.9775	31.125
155.98	33.13125
155.9825	38.525
155.985	49.6375
155.9875	48.54375
155.99	29.79375
155.9925	9.7375
155.995	-1.2875
155.9975	-3.44375
156	2.78125
156.0025	14.08125
156.005	25.35
156.0075	30.11875
156.01	29.45625
156.0125	29.75625
156.015	23.41875
156.0175	1.45
156.02	-25.75
156.0225	-44.3
156.025	-53.325
156.0275	-53.24375
156.03	-45.70625
156.0325	-36.4875
156.035	-28.3375
156.0375	-19.80625
156.04	-11.25
156.0425	-5.76875
156.045	-4.2125
156.0475	-6.28125
156.05	-11.36875
156.0525	-17.13125
156.055	-19.79375
156.0575	-17.66875
156.06	-11.10625
156.0625	1.40625
156.065	19.375
156.0675	35.1375
156.07	40.375
156.0725	35.13125
156.075	25.19375
156.0775	17.19375
156.08	13.98125
156.0825	11.40625
156.085	8.1125
156.0875	11.3625
156.09	24.31875
156.0925	37.55625
156.095	40.325
156.0975	31.325
156.1	18.3125
156.1025	10.88125
156.105	12.2375
156.1075	19.08125
156.11	28.625
156.1125	37.76875
156.115	38.33125
156.1175	26.99375
156.12	15.15
156.1225	15.55
156.125	25.0375
156.1275	29.94375
156.13	24.85
156.1325	15.7375
156.135	7.3875
156.1375	3.2375
156.14	10.98125
156.1425	33.75
156.145	58.30625
156.1475	63.725
156.15	43.7
156.1525	13.1125
156.155	-5.64375
156.1575	0.675
156.16	23.675
156.1625	35.6875
156.165	20.61875
156.1675	-6.55625
156.17	-23.24375
156.1725	-22.8625
156.175	-12.36875
156.1775	-1.90625
156.18	4.95625
156.1825	10.93125
156.185	15.5875
156.1875	16.8625
156.19	17.99375
156.1925	25.74375
156.195	40.46875
156.1975	55.2625
156.2	59.8375
156.2025	45.85
156.205	16.18125
156.2075	-11.525
156.21	-22.25625
156.2125	-18.0625
156.215	-8.04375
156.2175	2.425
156.22	10.79375
156.2225	12.19375
156.225	7.71875
156.2275	6.2875
156.23	9.18125
156.2325	8.725
156.235	7.80625
156.2375	15.95625
156.24	27.8625
156.2425	29.26875
156.245	16.79375
156.2475	1.39375
156.25	-5.60625
156.2525	0.58125
156.255	24.71875
156.2575	61.625
156.26	85.4625
156.2625	77.1125
156.265	49.38125
156.2675	23.36875
156.27	3.35625
156.2725	-11.75625
156.275	-19.1125
156.2775	-18.98125
156.28	-15.36875
156.2825	-8.25625
156.285	4.83125
156.2875	21.85
156.29	34.61875
156.2925	35.79375
156.295	28.375
156.2975	20.59375
156.3	14.48125
156.3025	10.4625
156.305	10.8625
156.3075	16.4125
156.31	27.875
156.3125	43.65
156.315	55.8375
156.3175	56.76875
156.32	47.625
156.3225	36.2375
156.325	34.75
156.3275	50.875
156.33	71.6125
156.3325	72.15625
156.335	44.0625
156.3375	4.0875
156.34	-20.03125
156.3425	-14.10625
156.345	3.39375
156.3475	7.46875
156.35	2.60625
156.3525	2.65
156.355	2.84375
156.3575	-3.38125
156.36	-7
156.3625	2.0625
156.365	21.0375
156.3675	37.41875
156.37	39.41875
156.3725	25.55625
156.375	5.725
156.3775	-4.7
156.38	3.525
156.3825	22.06875
156.385	34.775
156.3875	37.73125
156.39	38.65
156.3925	42.05
156.395	43.9375
156.3975	36.43125
156.4	16.18125
156.4025	-7.71875
156.405	-19.6625
156.4075	-13.25
156.41	2.725
156.4125	16.175
156.415	20.6875
156.4175	13.88125
156.42	2.85
156.4225	-1.10625
156.425	5.1875
156.4275	18.1375
156.43	29.15625
156.4325	30.5
156.435	20.51875
156.4375	3.1625
156.44	-13.24375
156.4425	-20.29375
156.445	-17.5875
156.4475	-11.2625
156.45	-5.6375
156.4525	-3.68125
156.455	-6.98125
156.4575	-13.08125
156.46	-14.55
156.4625	-10.19375
156.465	-9.125
156.4675	-14.8125
156.47	-20.53125
156.4725	-21.4125
156.475	-18.51875
156.4775	-14.2
156.48	-9.99375
156.4825	-7.675
156.485	-9.4125
156.4875	-13.30625
156.49	-15.1625
156.4925	-14.1
156.495	-12.71875
156.4975	-13.14375
156.5	-15.96875
156.5025	-20.625
156.505	-24.31875
156.5075	-24.39375
156.51	-20.4375
156.5125	-11.9875
156.515	1.01875
156.5175	14.46875
156.52	21.25625
156.5225	18.9375
156.525	8.8625
156.5275	-5.15625
156.53	-16.59375
156.5325	-22.61875
156.535	-23.84375
156.5375	-20.01875
156.54	-12.16875
156.5425	-0.83125
156.545	15.875
156.5475	32.1
156.55	32.425
156.5525	8.75
156.555	-26.9625
156.5575	-50.25
156.56	-46.575
156.5625	-25.7125
156.565	-8.21875
156.5675	-3.475
156.57	-5.2125
156.5725	-4.61875
156.575	-1.08125
156.5775	-0.80625
156.58	-6.98125
156.5825	-14.51875
156.585	-19.2125
156.5875	-21.4125
156.59	-18.80625
156.5925	-9.51875
156.595	2.50625
156.5975	7.69375
156.6	-1.925
156.6025	-18.7125
156.605	-23.01875
156.6075	-9.3375
156.61	6.2625
156.6125	12.3625
156.615	14.90625
156.6175	18.81875
156.62	18.99375
156.6225	12.4875
156.625	-1.60625
156.6275	-24.19375
156.63	-46.6375
156.6325	-57.9625
156.635	-59.90625
156.6375	-59.30625
156.64	-56.575
156.6425	-48.34375
156.645	-33.83125
156.6475	-17.2375
156.65	-4.21875
156.6525	3.96875
156.655	8.1625
156.6575	5.5125
156.66	-5.4875
156.6625	-14.40625
156.665	-11.96875
156.6675	-6.65625
156.67	-8.10625
156.6725	-12.075
156.675	-14.175
156.6775	-16.625
156.68	-18.10625
156.6825	-14.96875
156.685	-9.13125
156.6875	-3.24375
156.69	4.95
156.6925	13.96875
156.695	17
156.6975	13.7625
156.7	4.1375
156.7025	-13.7625
156.705	-31.49375
156.7075	-38.5
156.71	-34.875
156.7125	-26.575
156.715	-20.25
156.7175	-19.15
156.72	-19.0625
156.7225	-15.48125
156.725	-9.75625
156.7275	-6.4875
156.73	-3.98125
156.7325	0.3625
156.735	0.79375
156.7375	-4.5875
156.74	-7.49375
156.7425	-5.04375
156.745	-1.575
156.7475	3.2125
156.75	8.83125
156.7525	9.6625
156.755	3.58125
156.7575	-6.51875
156.76	-16.59375
156.7625	-20.90625
156.765	-16.19375
156.7675	-8.19375
156.77	-6.0875
156.7725	-12.14375
156.775	-20.35
156.7775	-22.94375
156.78	-18.825
156.7825	-14.4875
156.785	-14.30625
156.7875	-14.2375
156.79	-10.6875
156.7925	-7.46875
156.795	-9.60625
156.7975	-17.98125
156.8	-28.1
156.8025	-33.2125
156.805	-31.54375
156.8075	-24.6875
156.81	-9.15
156.8125	16.7625
156.815	37.58125
156.8175	31.6125
156.82	-2.1
156.8225	-41.2625
156.825	-61.8375
156.8275	-56.375
156.83	-35
156.8325	-15.55
156.835	-7.275
156.8375	-5.1625
156.84	-4.35
156.8425	-5.71875
156.845	-6.7875
156.8475	-3.36875
156.85	0.65
156.8525	-0.40625
156.855	-5.73125
156.8575	-9.86875
156.86	-7.8875
156.8625	-1.1625
156.865	4.9875
156.8675	7.45625
156.87	7.2875
156.8725	8.00625
156.875	10.85625
156.8775	12.01875
156.88	9.1375
156.8825	5.88125
156.885	4.51875
156.8875	3.33125
156.89	0.4875
156.8925	-3.425
156.895	-5.44375
156.8975	-5.68125
156.9	-9.1625
156.9025	-16.1
156.905	-20.0625
156.9075	-19.225
156.91	-16.1625
156.9125	-10.35625
156.915	-0.65625
156.9175	8.85
156.92	16.55
156.9225	27.44375
156.925	40.8
156.9275	45.91875
156.93	34.625
156.9325	13.98125
156.935	-0.30625
156.9375	-3.36875
156.94	-7.7
156.9425	-26.16875
156.945	-54.925
156.9475	-73.825
156.95	-67.625
156.9525	-50.44375
156.955	-47.1125
156.9575	-60.88125
156.96	-76.0875
156.9625	-79.55625
156.965	-69.91875
156.9675	-56.86875
156.97	-49.61875
156.9725	-46.875
156.975	-42.45625
156.9775	-35.68125
156.98	-34.1
156.9825	-43.1625
156.985	-56.9125
156.9875	-63.45625
156.99	-58.00625
156.9925	-45.6875
156.995	-35.5625
156.9975	-31.375
157	-29.025
157.0025	-25.175
157.005	-26.2375
157.0075	-34.4125
157.01	-40.93125
157.0125	-42.5375
157.015	-43.275
157.0175	-43.0125
157.02	-41.175
157.0225	-38.23125
157.025	-30.43125
157.0275	-18.80625
157.03	-13.3
157.0325	-18.625
157.035	-28.21875
157.0375	-33.3
157.04	-28.95625
157.0425	-10.53125
157.045	17.8625
157.0475	36.7
157.05	35.79375
157.0525	27.41875
157.055	24.75
157.0575	28.975
157.06	37.8125
157.0625	45.1375
157.065	41.79375
157.0675	26.16875
157.07	6.94375
157.0725	-3.48125
157.075	3.48125
157.0775	20.975
157.08	29.45625
157.0825	25.13125
157.085	26.05625
157.0875	39.61875
157.09	54.3125
157.0925	61.85625
157.095	61.2125
157.0975	49.9375
157.1	31
157.1025	13.63125
157.105	0.725
157.1075	-5.8625
157.11	1.525
157.1125	21.79375
157.115	37.9625
157.1175	35.54375
157.12	18.95625
157.1225	8.29375
157.125	11.86875
157.1275	16.45
157.13	12.75
157.1325	3.85625
157.135	-3.61875
157.1375	-0.2625
157.14	14.15625
157.1425	23.95625
157.145	20.1375
157.1475	9.21875
157.15	-0.725
157.1525	-5.7875
157.155	-4.46875
157.1575	0.95625
157.16	6.75
157.1625	10.88125
157.165	13.41875
157.1675	13.01875
157.17	8.39375
157.1725	5.5375
157.175	11.775
157.1775	23.31875
157.18	33.00625
157.1825	38.38125
157.185	34.00625
157.1875	19.25625
157.19	8.125
157.1925	10.2
157.195	17.05625
157.1975	21.01875
157.2	24.26875
157.2025	28.99375
157.205	33.2125
157.2075	33.7625
157.21	32.43125
157.2125	32.55625
157.215	31.725
157.2175	30.34375
157.22	35.6625
157.2225	48.4875
157.225	58.6
157.2275	57.86875
157.23	44.83125
157.2325	23.8625
157.235	5.2875
157.2375	0.8
157.24	10.525
157.2425	18.4625
157.245	17.23125
157.2475	14.6125
157.25	16.8625
157.2525	25.33125
157.255	36.70625
157.2575	43.2
157.26	41.35
157.2625	31.15625
157.265	15.025
157.2675	6.84375
157.27	15.175
157.2725	30.93125
157.275	40.6625
157.2775	34.175
157.28	12.225
157.2825	-10.30625
157.285	-21.39375
157.2875	-20.84375
157.29	-8.8625
157.2925	12.0625
157.295	27.8
157.2975	21.95625
157.3	-2.575
157.3025	-24.53125
157.305	-30.91875
157.3075	-26.24375
157.31	-16.4
157.3125	-1.69375
157.315	13.125
157.3175	19.2
157.32	16.04375
157.3225	10.81875
157.325	6.875
157.3275	2.16875
157.33	-1.79375
157.3325	2.5875
157.335	16.66875
157.3375	28.56875
157.34	28.8125
157.3425	22.625
157.345	17.8125
157.3475	16.31875
157.35	17.29375
157.3525	16.0375
157.355	6.99375
157.3575	-8.50625
157.36	-21.0125
157.3625	-19.95
157.365	-6.51875
157.3675	8.625
157.37	19.9625
157.3725	23.44375
157.375	14.7125
157.3775	1.20625
157.38	-5.44375
157.3825	-4.66875
157.385	1.35625
157.3875	13.34375
157.39	26.175
157.3925	31.4125
157.395	29.975
157.3975	28.625
157.4	26.33125
157.4025	23.5
157.405	25.94375
157.4075	28.20625
157.41	20.75625
157.4125	13.44375
157.415	21.39375
157.4175	37.35
157.42	42.375
157.4225	32.1125
157.425	18.1375
157.4275	9.66875
157.43	7.875
157.4325	15.3625
157.435	35.725
157.4375	59.25
157.44	68.6625
157.4425	60.95625
157.445	41.95625
157.4475	13.8875
157.45	-15.1375
157.4525	-28.38125
157.455	-19.24375
157.4575	-0.3125
157.46	12.00625
157.4625	12.38125
157.465	4.5
157.4675	-5.55625
157.47	-8.51875
157.4725	0.8625
157.475	16.88125
157.4775	30.0625
157.48	34.8375
157.4825	31.925
157.485	26.8875
157.4875	22.7125
157.49	14.56875
157.4925	0.575
157.495	-11.0375
157.4975	-10.9375
157.5	0.1375
157.5025	8.53125
157.505	6.4625
157.5075	5.56875
157.51	15.60625
157.5125	28.55625
157.515	37.24375
157.5175	40.2
157.52	32.89375
157.5225	12.6625
157.525	-12.4625
157.5275	-24.9625
157.53	-16.9125
157.5325	-0.3125
157.535	9.625
157.5375	8.29375
157.54	0.975
157.5425	-0.425
157.545	9.49375
157.5475	23.31875
157.55	32.725
157.5525	33.94375
157.555	26.05625
157.5575	14.80625
157.56	10.03125
157.5625	14.1375
157.565	18.0625
157.5675	12.05625
157.57	-1.0625
157.5725	-9.51875
157.575	-4.55625
157.5775	14.04375
157.58	32.19375
157.5825	29.175
157.585	4.1625
157.5875	-19.925
157.59	-24.7625
157.5925	-8.75
157.595	20.34375
157.5975	45.85625
157.6	51.13125
157.6025	37.36875
157.605	18.05625
157.6075	-0.54375
157.61	-18.49375
157.6125	-32.125
157.615	-37.6625
157.6175	-34.14375
157.62	-22.85
157.6225	-7.16875
157.625	8.9625
157.6275	19.8375
157.63	22.325
157.6325	19.7125
157.635	14.6125
157.6375	5.025
157.64	-6.30625
157.6425	-9.11875
157.645	-0.7125
157.6475	8.4625
157.65	8.9125
157.6525	1.96875
157.655	-4.775
157.6575	-6.5
157.66	-1.99375
157.6625	8.775
157.665	23.8875
157.6675	34.8625
157.67	34.175
157.6725	24.575
157.675	13.1625
157.6775	6.08125
157.68	5.775
157.6825	6.88125
157.685	1.18125
157.6875	-8.3375
157.69	-12.75
157.6925	-13.39375
157.695	-16.8875
157.6975	-22.05625
157.7	-22.7375
157.7025	-18.2
157.705	-11.3375
157.7075	-3.5625
157.71	2.8625
157.7125	3.025
157.715	-1.93125
157.7175	-3.5625
157.72	2.45
157.7225	12.6375
157.725	21.05
157.7275	21.50625
157.73	9.90625
157.7325	-8.06875
157.735	-20.21875
157.7375	-20.99375
157.74	-14.83125
157.7425	-8.4875
157.745	-3.56875
157.7475	4.45625
157.75	16.10625
157.7525	22.11875
157.755	17.66875
157.7575	10.5
157.76	9.20625
157.7625	12.525
157.765	13.20625
157.7675	7.69375
157.77	-0.34375
157.7725	-5
157.775	-2.25625
157.7775	2.9625
157.78	2.58125
157.7825	3.2
157.785	15.46875
157.7875	28.825
157.79	26.04375
157.7925	10.1
157.795	-5.675
157.7975	-13.2375
157.8	-10.80625
157.8025	-4.48125
157.805	-0.175
157.8075	3.33125
157.81	4.95
157.8125	-1.4375
157.815	-16.0125
157.8175	-30.38125
157.82	-38.33125
157.8225	-39.61875
157.825	-37.64375
157.8275	-33.8625
157.83	-29.45
157.8325	-26.10625
157.835	-22.45
157.8375	-15.20625
157.84	-3.325
157.8425	9.79375
157.845	17.68125
157.8475	14.025
157.85	-0.26875
157.8525	-15.5875
157.855	-19.55
157.8575	-6.5875
157.86	12.84375
157.8625	20.7375
157.865	11.08125
157.8675	-7.95
157.87	-25
157.8725	-30.8375
157.875	-23.28125
157.8775	-11.41875
157.88	-5.53125
157.8825	-7.50625
157.885	-13.44375
157.8875	-17.7375
157.89	-16.79375
157.8925	-12.8625
157.895	-8.3875
157.8975	-2.3875
157.9	2.0625
157.9025	4.625
157.905	11.41875
157.9075	21.725
157.91	30.69375
157.9125	33.1875
157.915	23.4125
157.9175	6.725
157.92	-2.2875
157.9225	-4.34375
157.925	-13.05
157.9275	-30.40625
157.93	-46.58125
157.9325	-50.93125
157.935	-39.9
157.9375	-21.83125
157.94	-10.30625
157.9425	-8.6875
157.945	-9.78125
157.9475	-10.78125
157.95	-13.90625
157.9525	-17.475
157.955	-17.16875
157.9575	-11.1625
157.96	-1.28125
157.9625	7.2375
157.965	9.18125
157.9675	3.96875
157.97	-4.93125
157.9725	-11.66875
157.975	-11.3375
157.9775	-4.79375
157.98	2.54375
157.9825	2.375
157.985	-8.975
157.9875	-21.84375
157.99	-24.09375
157.9925	-14.3625
157.995	-0.13125
157.9975	9.1125
158	6.15625
158.0025	-6.59375
158.005	-18.28125
158.0075	-21.55625
158.01	-18.8375
158.0125	-15.53125
158.015	-11.2
158.0175	-2.09375
158.02	10.70625
158.0225	18.6875
158.025	15.99375
158.0275	7.25625
158.03	0.61875
158.0325	-2.35
158.035	-4.2875
158.0375	-3.3125
158.04	3.41875
158.0425	11.84375
158.045	13.8625
158.0475	9.45
158.05	4.8125
158.0525	-1.1125
158.055	-12.26875
158.0575	-22.65625
158.06	-21.225
158.0625	-4.24375
158.065	17.99375
158.0675	26.2625
158.07	13.5625
158.0725	-9.03125
158.075	-28.69375
158.0775	-39.83125
158.08	-41.6125
158.0825	-33.8125
158.085	-18.2375
158.0875	-5.1
158.09	-3.23125
158.0925	-5.925
158.095	-3.23125
158.0975	4.96875
158.1	11.73125
158.1025	9.48125
158.105	-1.91875
158.1075	-15.575
158.11	-27.1125
158.1125	-33.9625
158.115	-29.13125
158.1175	-13.175
158.12	0.98125
158.1225	2.94375
158.125	-5.18125
158.1275	-13.53125
158.13	-18.16875
158.1325	-22.45625
158.135	-27.55
158.1375	-28.05
158.14	-20.28125
158.1425	-11.15625
158.145	-13.43125
158.1475	-30.475
158.15	-51.2125
158.1525	-64.60625
158.155	-67.2125
158.1575	-60.1375
158.16	-43.725
158.1625	-18.6
158.165	5.45625
158.1675	11.5625
158.17	-4.69375
158.1725	-28.75
158.175	-44.15625
158.1775	-45.11875
158.18	-35.375
158.1825	-24.575
158.185	-22.13125
158.1875	-28.725
158.19	-37.6625
158.1925	-41.90625
158.195	-38.7625
158.1975	-32.31875
158.2	-29.56875
158.2025	-30.6
158.205	-27.96875
158.2075	-16.6625
158.21	-0.21875
158.2125	11.375
158.215	9.10625
158.2175	-6.8375
158.22	-26.5375
158.2225	-35.30625
158.225	-23.425
158.2275	-2.14375
158.23	6.68125
158.2325	-1.0375
158.235	-14.68125
158.2375	-26.76875
158.24	-30.91875
158.2425	-25.0375
158.245	-16.6125
158.2475	-11.925
158.25	-11.7875
158.2525	-13.725
158.255	-13.85625
158.2575	-9.6125
158.26	-0.3875
158.2625	15.2
158.265	31.51875
158.2675	29.375
158.27	-0.81875
158.2725	-40.7875
158.275	-62.96875
158.2775	-56.1875
158.28	-29.875
158.2825	-3.5
158.285	7.86875
158.2875	2.15625
158.29	-12.89375
158.2925	-25.00625
158.295	-28.61875
158.2975	-27.24375
158.3	-20.21875
158.3025	-4.23125
158.305	12.26875
158.3075	15.96875
158.31	7.44375
158.3125	-3.59375
158.315	-10.26875
158.3175	-7.175
158.32	7.06875
158.3225	17.35625
158.325	7.01875
158.3275	-16.5625
158.33	-32.70625
158.3325	-34.88125
158.335	-31.38125
158.3375	-29.54375
158.34	-29.49375
158.3425	-26.2125
158.345	-16.15
158.3475	-4.20625
158.35	0.425
158.3525	-1.48125
158.355	-1.1375
158.3575	3.4375
158.36	8.8375
158.3625	13.175
158.365	15.1125
158.3675	12.66875
158.37	3.5875
158.3725	-10.3125
158.375	-22.08125
158.3775	-27.075
158.38	-27.025
158.3825	-26.20625
158.385	-26.09375
158.3875	-23.11875
158.39	-13.225
158.3925	1.8625
158.395	16.19375
158.3975	25.70625
158.4	30.8875
158.4025	35.325
158.405	39.45
158.4075	36.66875
158.41	21.975
158.4125	1.9375
158.415	-13.2125
158.4175	-20.24375
158.42	-21.76875
158.4225	-19.68125
158.425	-14.31875
158.4275	-7.28125
158.43	-0.25
158.4325	6.925
158.435	14.4
158.4375	18.05625
158.44	15.59375
158.4425	13.11875
158.445	12.1375
158.4475	5.7625
158.45	-4.94375
158.4525	-15.45
158.455	-28.30625
158.4575	-40.65625
158.46	-43.875
158.4625	-36.8375
158.465	-22.3375
158.4675	-3.91875
158.47	11.29375
158.4725	17.03125
158.475	13.1
158.4775	3.8375
158.48	-6.70625
158.4825	-16.0375
158.485	-21.00625
158.4875	-16.925
158.49	-4.5375
158.4925	6.05625
158.495	7.275
158.4975	3.70625
158.5	0.8
158.5025	-2.95625
158.505	-7.6125
158.5075	-11.175
158.51	-15.825
158.5125	-23.09375
158.515	-28.1125
158.5175	-27.0875
158.52	-22.65625
158.5225	-17.6
158.525	-7.55625
158.5275	11.25625
158.53	29.575
158.5325	31.83125
158.535	15.40625
158.5375	-5.9625
158.54	-16.95
158.5425	-14.3375
158.545	-6.5625
158.5475	-3.34375
158.55	-8.625
158.5525	-18.9
158.555	-24.25625
158.5575	-17.28125
158.56	-1.83125
158.5625	12.93125
158.565	25.775
158.5675	39.175
158.57	46.33125
158.5725	37.53125
158.575	16.8375
158.5775	-2.56875
158.58	-15.36875
158.5825	-24.4875
158.585	-30.9625
158.5875	-30.5
158.59	-19.2125
158.5925	0.20625
158.595	18.13125
158.5975	26.7625
158.6	26.3125
158.6025	21.0375
158.605	13.26875
158.6075	4.09375
158.61	-2.4625
158.6125	0.66875
158.615	12.275
158.6175	21.91875
158.62	24.0375
158.6225	20.25625
158.625	12.55
158.6275	1.43125
158.63	-9.98125
158.6325	-17.425
158.635	-21.15625
158.6375	-23.96875
158.64	-23.275
158.6425	-18.5875
158.645	-18.0125
158.6475	-24.03125
158.65	-29.45625
158.6525	-30.2375
158.655	-27.5125
158.6575	-18.95
158.66	-4.75
158.6625	4.26875
158.665	-3.075
158.6675	-25.83125
158.67	-52.65
158.6725	-71.33125
158.675	-76.59375
158.6775	-72.63125
158.68	-66.54375
158.6825	-62.8375
158.685	-62.5875
158.6875	-65.30625
158.69	-69.26875
158.6925	-71.05625
158.695	-71.45625
158.6975	-76.65
158.7	-90.03125
158.7025	-106.8062
158.705	-119.7937
158.7075	-125.9875
158.71	-127.4687
158.7125	-128.0875
158.715	-127.7937
158.7175	-125.95
158.72	-126.5375
158.7225	-131.9875
158.725	-137.725
158.7275	-142.1187
158.73	-150.55
158.7325	-165.3687
158.735	-181.4
158.7375	-192.925
158.74	-193.4187
158.7425	-180.5625
158.745	-168.3062
158.7475	-171.85
158.75	-186.65
158.7525	-198.625
158.755	-200.9125
158.7575	-193.3062
158.76	-180.8187
158.7625	-168.7437
158.765	-159.0187
158.7675	-152.7875
158.77	-151.3562
158.7725	-153.675
158.775	-156.35
158.7775	-158.8062
158.78	-161.6937
158.7825	-161.4812
158.785	-155.1187
158.7875	-146.2312
158.79	-138.8937
158.7925	-132.3625
158.795	-123.9937
158.7975	-113.3375
158.8	-100.675
158.8025	-82.30625
158.805	-59.7375
158.8075	-45.71875
158.81	-44.9625
158.8125	-46.26875
158.815	-46.60625
158.8175	-53.35625
158.82	-63.175
158.8225	-67.55625
158.825	-66.23125
158.8275	-60.225
158.83	-49.475
158.8325	-36.6125
158.835	-22.0375
158.8375	-5.90625
158.84	9.4125
158.8425	22.425
158.845	29.61875
158.8475	26.20625
158.85	13.75
158.8525	-2.4125
158.855	-17.40625
158.8575	-24.63125
158.86	-21.18125
158.8625	-11.23125
158.865	0.00625
158.8675	9.35625
158.87	15.16875
158.8725	18.36875
158.875	21.99375
158.8775	26.7875
158.88	28.8125
158.8825	24.65
158.885	18.51875
158.8875	16.94375
158.89	22.8
158.8925	33.59375
158.895	40.68125
158.8975	38.5
158.9	32.8875
158.9025	31.26875
158.905	32.3125
158.9075	35.91875
158.91	44.9875
158.9125	55.25625
158.915	58.21875
158.9175	52.225
158.92	41.5625
158.9225	32
158.925	28.00625
158.9275	29.66875
158.93	36.03125
158.9325	46.43125
158.935	54.2625
158.9375	51.73125
158.94	40.3
158.9425	30.01875
158.945	28.93125
158.9475	33.23125
158.95	36.74375
158.9525	43.5
158.955	58.15
158.9575	71.29375
158.96	70.45
158.9625	53.95
158.965	30.64375
158.9675	12.80625
158.97	9.4125
158.9725	24.20625
158.975	47.96875
158.9775	61.09375
158.98	54.33125
158.9825	37.43125
158.985	22.11875
158.9875	13.74375
158.99	14.2375
158.9925	20.9125
158.995	27.80625
158.9975	31.90625
159	35.475
159.0025	37.5125
159.005	31.55
159.0075	19.35625
159.01	14.26875
159.0125	21.25625
159.015	28.65625
159.0175	22.36875
159.02	2.875
159.0225	-14.9375
159.025	-18.64375
159.0275	-9.98125
159.03	-1.06875
159.0325	0.0375
159.035	-2.56875
159.0375	-3.425
159.04	-2.0875
159.0425	8.05625
159.045	32.025
159.0475	58.7
159.05	75.425
159.0525	75.13125
159.055	52.3375
159.0575	14.7625
159.06	-15.70625
159.0625	-25.8875
159.065	-22.54375
159.0675	-16.8625
159.07	-9.46875
159.0725	2
159.075	11.43125
159.0775	15.5
159.08	20.5125
159.0825	28.34375
159.085	32.9125
159.0875	31.2625
159.09	29.7625
159.0925	36.05
159.095	47.775
159.0975	54.35625
159.1	50.5625
159.1025	42.3
159.105	36.8375
159.1075	32.01875
159.11	21.225
159.1125	9.1625
159.115	7.83125
159.1175	17.34375
159.12	26.425
159.1225	29.9875
159.125	33.6125
159.1275	42.19375
159.13	50.075
159.1325	47.16875
159.135	33.60625
159.1375	18.58125
159.14	10.93125
159.1425	13.0125
159.145	18.35
159.1475	17.8125
159.15	10.75
159.1525	5.7625
159.155	7.85625
159.1575	12.78125
159.16	14.39375
159.1625	13.4375
159.165	13.84375
159.1675	16.83125
159.17	25.84375
159.1725	41.86875
159.175	52.68125
159.1775	44.19375
159.18	20.10625
159.1825	-5.45625
159.185	-23.18125
159.1875	-27.8
159.19	-17.35
159.1925	2.94375
159.195	21.29375
159.1975	28.23125
159.2	23.2375
159.2025	14.60625
159.205	14.05
159.2075	23.475
159.21	30.80625
159.2125	27.05
159.215	15.425
159.2175	4.40625
159.22	1.78125
159.2225	8.5375
159.225	15.29375
159.2275	13.68125
159.23	7.51875
159.2325	4.98125
159.235	7.525
159.2375	11.39375
159.24	16.825
159.2425	24.2
159.245	28.00625
159.2475	24.1875
159.25	18.01875
159.2525	16.9
159.255	21.2375
159.2575	26.0625
159.26	26.85625
159.2625	25.0125
159.265	26.225
159.2675	30.6625
159.27	32.65
159.2725	29.025
159.275	21.03125
159.2775	13.95
159.28	13.56875
159.2825	16.2125
159.285	10.6
159.2875	-4.125
159.29	-15.91875
159.2925	-14.78125
159.295	-3.13125
159.2975	9.1125
159.3	13.09375
159.3025	6.45625
159.305	-3.88125
159.3075	-9.93125
159.31	-11.40625
159.3125	-12.16875
159.315	-12.78125
159.3175	-9.23125
159.32	0.14375
159.3225	11.4375
159.325	19.49375
159.3275	22.125
159.33	20.575
159.3325	16.9125
159.335	13.08125
159.3375	9.35
159.34	6.38125
159.3425	8.44375
159.345	16.96875
159.3475	22.41875
159.35	16.05625
159.3525	3.01875
159.355	-8.64375
159.3575	-13.30625
159.36	-6.7625
159.3625	10.39375
159.365	32.6625
159.3675	45.40625
159.37	36.1875
159.3725	15.1875
159.375	3.66875
159.3775	4.3875
159.38	5.01875
159.3825	-0.05
159.385	-2.95
159.3875	5.43125
159.39	19.4
159.3925	25.73125
159.395	20.5
159.3975	10.41875
159.4	4.5125
159.4025	4.2375
159.405	1.41875
159.4075	-6.54375
159.41	-11.59375
159.4125	-10.3375
159.415	-6.19375
159.4175	0.1
159.42	7.74375
159.4225	12.36875
159.425	11.8
159.4275	10.225
159.43	12.5
159.4325	14.3875
159.435	7.43125
159.4375	-5.59375
159.44	-15.20625
159.4425	-18.0375
159.445	-13.975
159.4475	-2.71875
159.45	10.7375
159.4525	15.93125
159.455	8.49375
159.4575	-3.38125
159.46	-8.85625
159.4625	-7.2
159.465	-2.1875
159.4675	5.93125
159.47	14.15625
159.4725	14.98125
159.475	6.59375
159.4775	-2.48125
159.48	-0.25
159.4825	14.475
159.485	25.3
159.4875	18.46875
159.49	1.1875
159.4925	-12.34375
159.495	-17.83125
159.4975	-14.825
159.5	-2.425
159.5025	12.13125
159.505	18.7125
159.5075	17.6375
159.51	17.15
159.5125	19.6
159.515	19.2375
159.5175	11.40625
159.52	-0.99375
159.5225	-10.09375
159.525	-10.58125
159.5275	-4.8375
159.53	-0.475
159.5325	0.525
159.535	4.2375
159.5375	13.26875
159.54	23.16875
159.5425	27.74375
159.545	23.24375
159.5475	12.41875
159.55	1.575
159.5525	-6.275
159.555	-11.26875
159.5575	-12.68125
159.56	-10.7
159.5625	-7.31875
159.565	-3.675
159.5675	1
159.57	7.2625
159.5725	10.225
159.575	9.39375
159.5775	13.88125
159.58	24.0625
159.5825	26.95625
159.585	14.76875
159.5875	-2.99375
159.59	-7.76875
159.5925	2.88125
159.595	8.83125
159.5975	-0.49375
159.6	-13.5125
159.6025	-19.9125
159.605	-18.9875
159.6075	-14.2125
159.61	-10
159.6125	-8.04375
159.615	-8.5125
159.6175	-11.18125
159.62	-13.28125
159.6225	-9.2625
159.625	5.45
159.6275	25.84375
159.63	34.125
159.6325	21.18125
159.635	2.53125
159.6375	-8.69375
159.64	-18.54375
159.6425	-26.3125
159.645	-20.78125
159.6475	-5.80625
159.65	3.6
159.6525	2.44375
159.655	-4.70625
159.6575	-10.6125
159.66	-8.3125
159.6625	2.5
159.665	10.325
159.6675	5.175
159.67	-6.9
159.6725	-12.70625
159.675	-6.35
159.6775	9.39375
159.68	25.5375
159.6825	32.75625
159.685	31.41875
159.6875	30.25625
159.69	35.1
159.6925	43.93125
159.695	51.04375
159.6975	51.44375
159.7	43.44375
159.7025	29.06875
159.705	13.36875
159.7075	4.375
159.71	8.8625
159.7125	23.89375
159.715	35.9375
159.7175	31.7625
159.72	13.08125
159.7225	-3.7875
159.725	-5.95
159.7275	3.525
159.73	12.525
159.7325	12.79375
159.735	5.68125
159.7375	-1.05625
159.74	-1.66875
159.7425	3.01875
159.745	7.81875
159.7475	9.80625
159.75	9.725
159.7525	6.11875
159.755	-2.3375
159.7575	-10.49375
159.76	-10.9625
159.7625	-2.8875
159.765	9.0125
159.7675	16.775
159.77	15.95625
159.7725	11.48125
159.775	9.65625
159.7775	10.50625
159.78	10.3125
159.7825	7.5
159.785	2.74375
159.7875	-5
159.79	-16.1125
159.7925	-23.41875
159.795	-21.23125
159.7975	-14.48125
159.8	-6.61875
159.8025	3.80625
159.805	12.15625
159.8075	12.775
159.81	8.21875
159.8125	2.99375
159.815	-0.75625
159.8175	-1.4625
159.82	-0.8375
159.8225	-2.48125
159.825	-6.75625
159.8275	-11.5375
159.83	-13.3625
159.8325	-8.84375
159.835	2.13125
159.8375	14.4375
159.84	18.98125
159.8425	12.59375
159.845	3.85
159.8475	3.8875
159.85	11.09375
159.8525	11.41875
159.855	-1.10625
159.8575	-14.075
159.86	-13.4375
159.8625	-0.23125
159.865	17.4125
159.8675	28.525
159.87	26.74375
159.8725	21.90625
159.875	21.01875
159.8775	13.85
159.88	-2.23125
159.8825	-12.98125
159.885	-16.38125
159.8875	-22.15625
159.89	-28.875
159.8925	-28.025
159.895	-19.7625
159.8975	-12.5625
159.9	-12.7125
159.9025	-19.56875
159.905	-24.85625
159.9075	-21.5875
159.91	-13.9
159.9125	-10.31875
159.915	-13.9
159.9175	-20.6375
159.92	-24.425
159.9225	-23.7375
159.925	-21.25
159.9275	-17.2875
159.93	-12.35
159.9325	-10.81875
159.935	-13.69375
159.9375	-15.5625
159.94	-14.0875
159.9425	-15.13125
159.945	-22.78125
159.9475	-32.7
159.95	-39.1625
159.9525	-40.675
159.955	-37.56875
159.9575	-31.675
159.96	-25.13125
159.9625	-19.76875
159.965	-20.1875
159.9675	-28.83125
159.97	-39.60625
159.9725	-43.94375
159.975	-41.00625
159.9775	-35.73125
159.98	-29.15625
159.9825	-18.1375
159.985	-6.35625
159.9875	-4.55625
159.99	-14.8
159.9925	-25.53125
159.995	-28.40625
159.9975	-30.25
160	-38.11875
160.0025	-44.78125
160.005	-41.7625
160.0075	-31.0875
160.01	-18.6625
160.0125	-9.6125
160.015	-6.0125
160.0175	-7.5375
160.02	-14.38125
160.0225	-23.89375
160.025	-28.49375
160.0275	-22.48125
160.03	-7.56875
160.0325	6.80625
160.035	10.95625
160.0375	4.06875
160.04	-8.5625
160.0425	-21.06875
160.045	-30.375
160.0475	-33.66875
160.05	-27.4
160.0525	-16.01875
160.055	-9.33125
160.0575	-9.34375
160.06	-11.5375
160.0625	-12.86875
160.065	-12.25625
160.0675	-13.25
160.07	-19.13125
160.0725	-23.20625
160.075	-17.40625
160.0775	-4.6
160.08	4.23125
160.0825	0.2625
160.085	-15.26875
160.0875	-30.14375
160.09	-32.925
160.0925	-26.4625
160.095	-22.9875
160.0975	-28.78125
160.1	-39.0875
160.1025	-44.18125
160.105	-36.9
160.1075	-20.625
160.11	-8.26875
160.1125	-8.1
160.115	-15.55
160.1175	-22.3875
160.12	-26.70625
160.1225	-30.84375
160.125	-34.8125
160.1275	-37.175
160.13	-37.6625
160.1325	-33.2125
160.135	-23.91875
160.1375	-21.2
160.14	-32.0625
160.1425	-46.3625
160.145	-54.25
160.1475	-59.3375
160.15	-66.09375
160.1525	-68.60625
160.155	-62.71875
160.1575	-56.2625
160.16	-61.28125
160.1625	-82.94375
160.165	-115.25
160.1675	-144.3187
160.17	-160.3
160.1725	-165.3687
160.175	-166.7937
160.1775	-168.6062
160.18	-170.5375
160.1825	-173.75
160.185	-180.8062
160.1875	-190.3312
160.19	-198.2625
160.1925	-202.9437
160.195	-204.775
160.1975	-203.4125
160.2	-199.2125
160.2025	-196.0375
160.205	-197.2
160.2075	-200.9
160.21	-203.8
160.2125	NaN
160.215	-204.0187
160.2175	-203.2
160.22	-202.5687
160.2225	-197.4875
160.225	-188.8062
160.2275	-184.625
160.23	-187.425
160.2325	-191.9625
160.235	-193.9062
160.2375	-192.3625
160.24	-185.825
160.2425	-171.2
160.245	-150.0313
160.2475	-132.4375
160.25	-125.2562
160.2525	-122.3625
160.255	-108.0562
160.2575	-76.725
160.26	-50.50625
160.2625	-54.075
160.265	-79.65
160.2675	-99.86875
160.27	-99.69375
160.2725	-82.64375
160.275	-61.71875
160.2775	-43.26875
160.28	-24.8125
160.2825	-14.225
160.285	-21.56875
160.2875	-35.0625
160.29	-35.425
160.2925	-23.01875
160.295	-11.40625
160.2975	-8.56875
160.3	-11.75625
160.3025	-15.475
160.305	-20.15
160.3075	-25.95625
160.31	-26.11875
160.3125	-14.49375
160.315	4.6375
160.3175	17.40625
160.32	16.93125
160.3225	10.15625
160.325	4.5375
160.3275	0.89375
160.33	0.8625
160.3325	5.525
160.335	11.475
160.3375	18.96875
160.34	31.1625
160.3425	45.23125
160.345	51.9125
160.3475	45
160.35	29.16875
160.3525	17.63125
160.355	19.025
160.3575	28.4875
160.36	36.74375
160.3625	39.71875
160.365	37.48125
160.3675	31.7625
160.37	28.93125
160.3725	33.91875
160.375	40.34375
160.3775	39.7
160.38	33.33125
160.3825	27.9125
160.385	26.225
160.3875	26.4125
160.39	25.11875
160.3925	22.94375
160.395	26.15625
160.3975	35.9625
160.4	44.025
160.4025	43.15625
160.405	37.1625
160.4075	34.2875
160.41	37.475
160.4125	44.31875
160.415	50.6875
160.4175	54.6875
160.42	55.4875
160.4225	51.60625
160.425	44.0125
160.4275	37.6375
160.43	35.56875
160.4325	37.89375
160.435	43.025
160.4375	46.85625
160.44	46.85
160.4425	46.46875
160.445	48.2625
160.4475	49.23125
160.45	46.9375
160.4525	42.525
160.455	40.20625
160.4575	43.4375
160.46	48.89375
160.4625	49.79375
160.465	46.2125
160.4675	41.15
160.47	34.48125
160.4725	29.4625
160.475	31.73125
160.4775	40.225
160.48	48.81875
160.4825	49.6625
160.485	40.7125
160.4875	31.81875
160.49	32.90625
160.4925	41.3875
160.495	49.89375
160.4975	53.64375
160.5	48.3
160.5025	34.30625
160.505	19.1625
160.5075	11.6625
160.51	14.7375
160.5125	25.2125
160.515	36.78125
160.5175	44.8
160.52	48.11875
160.5225	44.88125
160.525	33.9625
160.5275	21.05625
160.53	14.65625
160.5325	15.0875
160.535	16.94375
160.5375	19.96875
160.54	27.3
160.5425	37.64375
160.545	49.88125
160.5475	63.43125
160.55	66.9625
160.5525	52.39375
160.555	34.8
160.5575	31.58125
160.56	37.53125
160.5625	37.98125
160.565	27.2625
160.5675	10.70625
160.57	-0.675
160.5725	-3.4625
160.575	2.425
160.5775	18.85
160.58	35.70625
160.5825	36.80625
160.585	25.6625
160.5875	16.2375
160.59	10.75
160.5925	6.9375
160.595	5.8375
160.5975	7.78125
160.6	10.68125
160.6025	14.075
160.605	19
160.6075	25.86875
160.61	34.3375
160.6125	44.24375
160.615	54.33125
160.6175	60.14375
160.62	59.25625
160.6225	54.26875
160.625	45.56875
160.6275	32.25625
160.63	19.1875
160.6325	12.1375
160.635	11.2
160.6375	15.71875
160.64	23.96875
160.6425	29.8625
160.645	29.2375
160.6475	23.45
160.65	16.45
160.6525	11.1625
160.655	14.05625
160.6575	32.2
160.66	54.3125
160.6625	59.41875
160.665	44.8
160.6675	23.01875
160.67	4.9375
160.6725	0.23125
160.675	10.20625
160.6775	23.50625
160.68	32.68125
160.6825	34.79375
160.685	26.2625
160.6875	14.025
160.69	12.54375
160.6925	22.275
160.695	29.3125
160.6975	26.9125
160.7	21.83125
160.7025	22.775
160.705	31.09375
160.7075	38.25
160.71	34.5375
160.7125	21.975
160.715	9.94375
160.7175	0.96875
160.72	-6.3125
160.7225	-8.38125
160.725	-3.39375
160.7275	2
160.73	-0.4375
160.7325	-10.03125
160.735	-20.325
160.7375	-25.41875
160.74	-19.53125
160.7425	-6.25625
160.745	0.80625
160.7475	-3.95625
160.75	-13.66875
160.7525	-22.06875
160.755	-27.5125
160.7575	-29.60625
160.76	-28.3375
160.7625	-23.61875
160.765	-17.75625
160.7675	-14.24375
160.77	-14.6125
160.7725	-16.1625
160.775	-15.68125
160.7775	-12.53125
160.78	-6.66875
160.7825	0.41875
160.785	6.1
160.7875	10.575
160.79	13.8125
160.7925	14.75
160.795	11.76875
160.7975	2.1875
160.8	-9.7
160.8025	-11.6
160.805	-0.3
160.8075	12.1625
160.81	15.06875
160.8125	8.25
160.815	-2.75
160.8175	-12.51875
160.82	-18.3
160.8225	-18.95625
160.825	-13.51875
160.8275	-1.56875
160.83	11.4875
160.8325	19.99375
160.835	25.25
160.8375	26.3
160.84	17.86875
160.8425	3.8375
160.845	-4.13125
160.8475	-5.5125
160.85	-7.8625
160.8525	-11.0625
160.855	-11.1625
160.8575	-8.70625
160.86	-3.9
160.8625	2.675
160.865	5.34375
160.8675	0.96875
160.87	-2.71875
160.8725	1.15625
160.875	7.1375
160.8775	9.98125
160.88	12.925
160.8825	15.86875
160.885	16.68125
160.8875	17.19375
160.89	14.2625
160.8925	8.0875
160.895	6.35625
160.8975	6.95
160.9	2.1375
160.9025	-3.81875
160.905	-2.58125
160.9075	7.56875
160.91	20.59375
160.9125	25.275
160.915	16.8375
160.9175	1.45
160.92	-10.275
160.9225	-9.925
160.925	2.7
160.9275	18.86875
160.93	29
160.9325	28.05
160.935	15.3
160.9375	-3.09375
160.94	-14.81875
160.9425	-10.8875
160.945	5.65625
160.9475	19.5
160.95	18.4375
160.9525	6.44375
160.955	-3.6625
160.9575	-4.7125
160.96	1.85
160.9625	9.74375
160.965	12.675
160.9675	11.34375
160.97	10.64375
160.9725	12.90625
160.975	16.70625
160.9775	17.73125
160.98	12.79375
160.9825	4.29375
160.985	-1.65
160.9875	-2.30625
160.99	1.29375
160.9925	10.51875
160.995	25.8875
160.9975	37.66875
161	32.975
161.0025	13.70625
161.005	-5.2875
161.0075	-9.7375
161.01	4.2125
161.0125	23.875
161.015	33.5
161.0175	30.525
161.02	20.13125
161.0225	5.15625
161.025	-8.01875
161.0275	-11.8
161.03	-7.74375
161.0325	-0.68125
161.035	6.575
161.0375	10.0875
161.04	5.49375
161.0425	-3.6125
161.045	-8.63125
161.0475	-7.65625
161.05	-7.54375
161.0525	-11.975
161.055	-15.675
161.0575	-12.6375
161.06	-1.30625
161.0625	13.6625
161.065	22.9125
161.0675	19.53125
161.07	6.4875
161.0725	-6.44375
161.075	-12.9
161.0775	-13.19375
161.08	-10.175
161.0825	-6.81875
161.085	-5.23125
161.0875	-5.7375
161.09	-8.325
161.0925	-11.11875
161.095	-10.23125
161.0975	-2.8875
161.1	8.3
161.1025	14.3
161.105	8.5125
161.1075	-3.71875
161.11	-10.58125
161.1125	-6.75
161.115	1.45625
161.1175	2.35625
161.12	-7.775
161.1225	-18.55625
161.125	-18.53125
161.1275	-9.0125
161.13	-2.16875
161.1325	-8.85625
161.135	-26.1125
161.1375	-39.075
161.14	-38.20625
161.1425	-28.18125
161.145	-17.0375
161.1475	-8.2875
161.15	-2.525
161.1525	0.18125
161.155	-0.225
161.1575	-2.19375
161.16	-2.15625
161.1625	1.625
161.165	7.33125
161.1675	11.96875
161.17	14.0375
161.1725	13.29375
161.175	11.425
161.1775	11.2125
161.18	11.75
161.1825	9.8625
161.185	4.1625
161.1875	-4.575
161.19	-13.98125
161.1925	-17.7125
161.195	-10.975
161.1975	-0.2625
161.2	4.46875
161.2025	1.8625
161.205	-3.725
161.2075	-8.05
161.21	-5.5375
161.2125	2.04375
161.215	5.425
161.2175	5.175
161.22	8.15
161.2225	12.45625
161.225	9.35625
161.2275	-2.70625
161.23	-15.78125
161.2325	-21.39375
161.235	-19.3625
161.2375	-13.4125
161.24	-6.09375
161.2425	-0.90625
161.245	0.46875
161.2475	-0.43125
161.25	-4.425
161.2525	-13.78125
161.255	-23.4875
161.2575	-22.20625
161.26	-5.5625
161.2625	15.10625
161.265	22.21875
161.2675	10.7875
161.27	-8.1875
161.2725	-19.98125
161.275	-19.2375
161.2775	-13.80625
161.28	-13.20625
161.2825	-17.05
161.285	-20.93125
161.2875	-20.69375
161.29	-10.31875
161.2925	9.175
161.295	23.18125
161.2975	18.0625
161.3	-1.9125
161.3025	-21.5
161.305	-32.54375
161.3075	-37.61875
161.31	-41.40625
161.3125	-46.775
161.315	-53.71875
161.3175	-61.40625
161.32	-70.74375
161.3225	-80.76875
161.325	-87.65
161.3275	-91.3125
161.33	-95.88125
161.3325	-102.6
161.335	-111.2375
161.3375	-121.5375
161.34	-129.425
161.3425	-130.05
161.345	-124.4187
161.3475	-118.975
161.35	-120.4062
161.3525	-130.55
161.355	-143.525
161.3575	-152.5562
161.36	-157.5
161.3625	-160.6125
161.365	-162.2375
161.3675	-164.9312
161.37	-170.4312
161.3725	-170.675
161.375	-157.2625
161.3775	-137.1375
161.38	-127.5312
161.3825	-134.4
161.385	-144.8875
161.3875	-144.6875
161.39	-136.9125
161.3925	-133.25
161.395	-130.7375
161.3975	-120.3187
161.4	-104.7812
161.4025	-91.63125
161.405	-83.2
161.4075	-78.075
161.41	-71.2875
161.4125	-60.7875
161.415	-56.5125
161.4175	-64.6375
161.42	-73.95
161.4225	-73.175
161.425	-66.81875
161.4275	-61.1
161.43	-52.0125
161.4325	-39.8875
161.435	-32.98125
161.4375	-32.25625
161.44	-31.5
161.4425	-30.83125
161.445	-35.09375
161.4475	-42.1
161.45	-46.29375
161.4525	-45.8
161.455	-41.6375
161.4575	-35.21875
161.46	-28.11875
161.4625	-20.75625
161.465	-10.1125
161.4675	6.125
161.47	23.75625
161.4725	35.2875
161.475	36.85
161.4775	28.45625
161.48	12.2625
161.4825	-8.0625
161.485	-25.68125
161.4875	-29.825
161.49	-18.71875
161.4925	-3.08125
161.495	8.15
161.4975	13.11875
161.5	12.7
161.5025	11.24375
161.505	13.10625
161.5075	16.6
161.51	17.2875
161.5125	15.95
161.515	21.45625
161.5175	36.75625
161.52	49.8
161.5225	49.1875
161.525	39.3875
161.5275	30.9625
161.53	27.275
161.5325	25.18125
161.535	20.6875
161.5375	13.1
161.54	6.5625
161.5425	8.10625
161.545	20.25625
161.5475	36.51875
161.55	46.96875
161.5525	49.775
161.555	49.56875
161.5575	45.38125
161.56	36.175
161.5625	26.89375
161.565	20.99375
161.5675	17.63125
161.57	22.625
161.5725	41.9125
161.575	64.45625
161.5775	72.74375
161.58	59.29375
161.5825	29.93125
161.585	0.725
161.5875	-9.16875
161.59	5.025
161.5925	29.49375
161.595	43.76875
161.5975	35.95625
161.6	14.63125
161.6025	-3.71875
161.605	-11.7
161.6075	-8.70625
161.61	4.4125
161.6125	21.34375
161.615	32.55
161.6175	36.90625
161.62	41.35625
161.6225	47.94375
161.625	50.28125
161.6275	44.00625
161.63	32.06875
161.6325	22.9375
161.635	29.7875
161.6375	54.0125
161.64	72.51875
161.6425	63.50625
161.645	36.66875
161.6475	16.89375
161.65	10.59375
161.6525	7.15
161.655	1.2375
161.6575	1.79375
161.66	18.21875
161.6625	41.925
161.665	57.0125
161.6675	67.25625
161.67	81.4
161.6725	83.56875
161.675	54.84375
161.6775	5.8375
161.68	-38.525
161.6825	-66.18125
161.685	-77.025
161.6875	-71.99375
161.69	-54
161.6925	-30.81875
161.695	-11.31875
161.6975	-2.23125
161.7	-5.45
161.7025	-14.875
161.705	-20.49375
161.7075	-14.575
161.71	4.5125
161.7125	29.35625
161.715	46.05
161.7175	42.25
161.72	18.49375
161.7225	-7.19375
161.725	-14.24375
161.7275	-2.6375
161.73	7.7875
161.7325	2.93125
161.735	-10.16875
161.7375	-15.40625
161.74	-2.11875
161.7425	26.51875
161.745	51.10625
161.7475	53.6375
161.75	37.2
161.7525	19.6625
161.755	14.9375
161.7575	24.9375
161.76	39.03125
161.7625	44.0875
161.765	38.94375
161.7675	28.9875
161.77	15.26875
161.7725	6.1875
161.775	13.5625
161.7775	25.73125
161.78	22.19375
161.7825	3.8375
161.785	-16.75625
161.7875	-29.91875
161.79	-26.1875
161.7925	-4.6
161.795	19.68125
161.7975	29.83125
161.8	23.39375
161.8025	8.19375
161.805	-6.75
161.8075	-9.43125
161.81	4.05625
161.8125	19.88125
161.815	21.43125
161.8175	9.0375
161.82	-2.45625
161.8225	-0.375
161.825	12.71875
161.8275	21.29375
161.83	16.5625
161.8325	1.88125
161.835	-15.98125
161.8375	-24.7
161.84	-10.45625
161.8425	18.5
161.845	35.5875
161.8475	29.2625
161.85	9.95
161.8525	-6.8
161.855	-13.725
161.8575	-12.325
161.86	-4.69375
161.8625	3.63125
161.865	2.40625
161.8675	-6.2375
161.87	-6.85625
161.8725	4.11875
161.875	16.74375
161.8775	25.0375
161.88	32.66875
161.8825	41.3625
161.885	46.10625
161.8875	49.06875
161.89	54.15
161.8925	48.75625
161.895	23.89375
161.8975	-2.66875
161.9	-14.6125
161.9025	-10.475
161.905	7.9625
161.9075	24.7625
161.91	20.29375
161.9125	2.9375
161.915	-6.76875
161.9175	-0.90625
161.92	20.86875
161.9225	42.94375
161.925	44.34375
161.9275	29.08125
161.93	10.70625
161.9325	-9.10625
161.935	-25.4125
161.9375	-32.7
161.94	-36.15
161.9425	-38.79375
161.945	-32.4
161.9475	-11.45625
161.95	15.375
161.9525	35.49375
161.955	41.64375
161.9575	34.20625
161.96	18.175
161.9625	-2.15625
161.965	-23.2875
161.9675	-32.41875
161.97	-17.28125
161.9725	13.13125
161.975	36.81875
161.9775	45.5875
161.98	47.075
161.9825	40.675
161.985	17.025
161.9875	-13.0625
161.99	-18.64375
161.9925	-1.86875
161.995	1.75
161.9975	-15.225
162	-26.05625
162.0025	-16.50625
162.005	2.54375
162.0075	16.425
162.01	16.95
162.0125	5.64375
162.015	-10.75625
162.0175	-26.475
162.02	-40.3125
162.0225	-49.425
162.025	-47.06875
162.0275	-30.45
162.03	-7.175
162.0325	7.125
162.035	3.74375
162.0375	-11.68125
162.04	-28.8
162.0425	-35.36875
162.045	-23.58125
162.0475	-14.10625
162.05	-35.74375
162.0525	-77.28125
162.055	-101.4937
162.0575	-96.14375
162.06	-73.95
162.0625	-44.59375
162.065	-22.9125
162.0675	-29.70625
162.07	-61.93125
162.0725	-91.76875
162.075	-103.2187
162.0775	-100.2125
162.08	-89.1875
162.0825	-77.95
162.085	-72.4125
162.0875	-71.4375
162.09	-73.71875
162.0925	-82.19375
162.095	-98.16875
162.0975	-113.0813
162.1	-120.1187
162.1025	-119.3187
162.105	-103.7937
162.1075	-79.13125
162.11	-72.64375
162.1125	-91.8375
162.115	-114.3812
162.1175	-118.7937
162.12	-93.98125
162.1225	-54.775
162.125	-35.025
162.1275	-46.96875
162.13	-72.7125
162.1325	-88.75
162.135	-82.23125
162.1375	-56.4625
162.14	-24.225
162.1425	1.625
162.145	6.95625
162.1475	-9.475
162.15	-26.25625
162.1525	-29.69375
162.155	-31.15625
162.1575	-35.34375
162.16	-34.26875
162.1625	-26.86875
162.165	-12.5375
162.1675	10.31875
162.17	30.61875
162.1725	33.275
162.175	12.4
162.1775	-20.8625
162.18	-43.95625
162.1825	-46.9125
162.185	-35.26875
162.1875	-13.7875
162.19	15.35
162.1925	37.75
162.195	36.54375
162.1975	14.3875
162.2	-8.18125
162.2025	-15.31875
162.205	-5.44375
162.2075	11.23125
162.21	19.38125
162.2125	15.43125
162.215	12.025
162.2175	17.15
162.22	23.6875
162.2225	34.25625
162.225	49.5375
162.2275	41.11875
162.23	-6.3375
162.2325	-55.925
162.235	-71.75
162.2375	-60.6625
162.24	-42.15625
162.2425	-26.23125
162.245	-4.4
162.2475	31.5875
162.25	58.7375
162.2525	47.05
162.255	6
162.2575	-32.64375
162.26	-51.61875
162.2625	-49.9375
162.265	-33.71875
162.2675	-9.75
162.27	10.0875
162.2725	17.65
162.275	17.63125
162.2775	19.30625
162.28	27.18125
162.2825	36.89375
162.285	32.7875
162.2875	10.775
162.29	-8.09375
162.2925	-11.5875
162.295	-9.225
162.2975	-6.2375
162.3	-0.2875
162.3025	2.9375
162.305	-5.425
162.3075	-23.575
162.31	-41.08125
162.3125	-47.90625
162.315	-40.925
162.3175	-24.875
162.32	-10.23125
162.3225	-4.15625
162.325	-1.45
162.3275	4.2375
162.33	11.03125
162.3325	12.7125
162.335	3.9875
162.3375	-12.00625
162.34	-19.4375
162.3425	-6.4
162.345	11.96875
162.3475	9.63125
162.35	-13.9375
162.3525	-32.43125
162.355	-24.81875
162.3575	2.4625
162.36	24.125
162.3625	23.7125
162.365	10.0125
162.3675	-2.8875
162.37	-11.43125
162.3725	-14.20625
162.375	-5.25
162.3775	15.05625
162.38	29.56875
162.3825	21.39375
162.385	-3.7125
162.3875	-24.525
162.39	-28.9125
162.3925	-21.125
162.395	-10.43125
162.3975	-1.76875
162.4	6.35625
162.4025	18.7625
162.405	36.09375
162.4075	48.1625
162.41	43.575
162.4125	25.83125
162.415	8.8
162.4175	1.775
162.42	4.34375
162.4225	11.31875
162.425	17.83125
162.4275	21.21875
162.43	22.20625
162.4325	22.56875
162.435	23.7
162.4375	26.79375
162.44	30.75
162.4425	31.8125
162.445	27.55625
162.4475	18.93125
162.45	9.74375
162.4525	2.7
162.455	-3.65625
162.4575	-9.1
162.46	-11.56875
162.4625	-13.61875
162.465	-16.65
162.4675	-21.25
162.47	-31.86875
162.4725	-47.99375
162.475	-62.3875
162.4775	-73.66875
162.48	-85.78125
162.4825	-96.50625
162.485	-99.00625
162.4875	-92.51875
162.49	-85.76875
162.4925	-85.43125
162.495	-88.51875
162.4975	-85.8375
162.5	-72.80625
162.5025	-59.25625
162.505	-55.56875
162.5075	-59.4
162.51	-69.24375
162.5125	-93.7125
162.515	-130.8625
162.5175	-161.0313
162.52	-165.5938
162.5225	-140.7937
162.525	-106.2875
162.5275	-86.6375
162.53	-83.3875
162.5325	-85.35
162.535	-86.13125
162.5375	-74.30625
162.54	-45.20625
162.5425	-20.54375
162.545	-21.3125
162.5475	-39.50625
162.55	-54.06875
162.5525	-54.16875
162.555	-44.2875
162.5575	-34.03125
162.56	-21.725
162.5625	3.54375
162.565	35.75
162.5675	48.69375
162.57	33.425
162.5725	10.9
162.575	1.775
162.5775	2.98125
162.58	6.08125
162.5825	15.28125
162.585	28.5
162.5875	31.525
162.59	23.03125
162.5925	14.6375
162.595	9.75625
162.5975	7.2625
162.6	8.625
162.6025	15.7125
162.605	31.35625
162.6075	51.525
162.61	64.65
162.6125	64.80625
162.615	54.39375
162.6175	38.4125
162.62	23.31875
162.6225	16.6125
162.625	21.08125
162.6275	29.50625
162.63	33.94375
162.6325	41.75
162.635	53.8875
162.6375	51.1
162.64	30.6375
162.6425	16.11875
162.645	19.80625
162.6475	30.85625
162.65	36.35
162.6525	31.46875
162.655	23.9
162.6575	28.86875
162.66	57.46875
162.6625	95.83125
162.665	110.3313
162.6675	87
162.67	46.2875
162.6725	17.1625
162.675	14.51875
162.6775	40.35
162.68	84.8875
162.6825	123.6562
162.685	124.8062
162.6875	79.075
162.69	14.53125
162.6925	-29.60625
162.695	-36.85
162.6975	-20.54375
162.7	-1.35625
162.7025	12.65625
162.705	24.55625
162.7075	43.55
162.71	69.90625
162.7125	82.9375
162.715	70.19375
162.7175	48.1625
162.72	32.3625
162.7225	19.84375
162.725	8.8625
162.7275	6.49375
162.73	19.19375
162.7325	42
162.735	60.85
162.7375	69.74375
162.74	67.76875
162.7425	48.75625
162.745	16.3
162.7475	-11.01875
162.75	-20.73125
162.7525	-18.19375
162.755	-12.49375
162.7575	-4.28125
162.76	8.86875
162.7625	22.95
162.765	30.96875
162.7675	33.375
162.77	34.8625
162.7725	36.5875
162.775	37.11875
162.7775	39.31875
162.78	52
162.7825	72.8375
162.785	84.99375
162.7875	78.975
162.79	65.3875
162.7925	54.45
162.795	39.925
162.7975	14.53125
162.8	-15.59375
162.8025	-28.73125
162.805	-10.025
162.8075	21.1625
162.81	32.3625
162.8125	23.575
162.815	16.95625
162.8175	19.4125
162.82	26.44375
162.8225	34.6875
162.825	40.5
162.8275	39.9
162.83	32.39375
162.8325	21.34375
162.835	10.1
162.8375	2.275
162.84	1.8
162.8425	14.5625
162.845	46.54375
162.8475	83.05
162.85	88.61875
162.8525	51.85625
162.855	3.89375
162.8575	-21.25625
162.86	-19.95625
162.8625	-9.15625
162.865	-0.20625
162.8675	8.125
162.87	18.06875
162.8725	29.85625
162.875	41.075
162.8775	46.875
162.88	48.79375
162.8825	52.775
162.885	55.075
162.8875	48.69375
162.89	35.68125
162.8925	20.7625
162.895	7.50625
162.8975	1.74375
162.9	9.21875
162.9025	27.55625
162.905	46.30625
162.9075	52.8375
162.91	50.275
162.9125	59.775
162.915	85.89375
162.9175	101.1875
162.92	86.9875
162.9225	57.775
162.925	37.95625
162.9275	40.11875
162.93	55.975
162.9325	67.525
162.935	68.21875
162.9375	62.43125
162.94	51.80625
162.9425	34.63125
162.945	14.675
162.9475	-0.7
162.95	-11.2875
162.9525	-19.64375
162.955	-20.85
162.9575	-10.74375
162.96	5.15
162.9625	18.93125
162.965	26.89375
162.9675	31.59375
162.97	35.59375
162.9725	37.43125
162.975	37.875
162.9775	40.1
162.98	42.96875
162.9825	40.99375
162.985	31.9
162.9875	21.025
162.99	15.0875
162.9925	14.80625
162.995	17.675
162.9975	21.61875
163	27.8875
163.0025	40.05
163.005	57.3
163.0075	71.8375
163.01	78.00625
163.0125	76.93125
163.015	69.01875
163.0175	51.6375
163.02	27.05
163.0225	6.61875
163.025	3.5125
163.0275	23.575
163.03	53.76875
163.0325	68.7125
163.035	69.15
163.0375	84.0125
163.04	108.8187
163.0425	107.5875
163.045	77.01875
163.0475	42.6625
163.05	18.7625
163.0525	10.38125
163.055	18.48125
163.0575	34.60625
163.06	52.03125
163.0625	68.975
163.065	85
163.0675	101.4812
163.07	120.275
163.0725	137.4312
163.075	141.325
163.0775	125.4187
163.08	97.4
163.0825	70.38125
163.085	53.5875
163.0875	50.79375
163.09	61.94375
163.0925	80.7
163.095	98.75625
163.0975	117.5562
163.1	141.175
163.1025	156.9625
163.105	150.5437
163.1075	138.1312
163.11	138.5125
163.1125	134.0313
163.115	106.6
163.1175	78.38125
163.12	77.36875
163.1225	96.81875
163.125	109.425
163.1275	102.5312
163.13	91.16875
163.1325	90.90625
163.135	93.44375
163.1375	86.1375
163.14	74.25625
163.1425	67.1875
163.145	65.23125
163.1475	64.725
163.15	68.11875
163.1525	82.09375
163.155	105.2
163.1575	129.3438
163.16	144.2
163.1625	137.4688
163.165	107.4375
163.1675	76.93125
163.17	72.85625
163.1725	93.75625
163.175	112.4812
163.1775	107.25
163.18	83.98125
163.1825	60.775
163.185	53.7125
163.1875	68.775
163.19	93.125
163.1925	107.4875
163.195	108.9937
163.1975	107.0625
163.2	97.0875
163.2025	70.00625
163.205	34.26875
163.2075	11.7
163.21	14.475
163.2125	37.6625
163.215	63.875
163.2175	73.475
163.22	66.91875
163.2225	60.825
163.225	62.9875
163.2275	66.3
163.23	59.1375
163.2325	38.58125
163.235	14.50625
163.2375	-2.98125
163.24	-16.2
163.2425	-31.00625
163.245	-45.1375
163.2475	-49.29375
163.25	-36.19375
163.2525	-16.7625
163.255	-8.33125
163.2575	-11.90625
163.26	-12.31875
163.2625	0.35625
163.265	15.36875
163.2675	11.55
163.27	-16.5625
163.2725	-47.63125
163.275	-56.25625
163.2775	-40.83125
163.28	-24.45625
163.2825	-26.74375
163.285	-39.25
163.2875	-43.05
163.29	-41.86875
163.2925	-50.4875
163.295	-66.60625
163.2975	-75.925
163.3	-72.05625
163.3025	-57.7625
163.305	-41.3
163.3075	-29.95
163.31	-21.8875
163.3125	-14.85
163.315	-15.4625
163.3175	-26.3875
163.32	-38.3625
163.3225	-44.06875
163.325	-40.70625
163.3275	-23.26875
163.33	5.24375
163.3325	26.675
163.335	27.14375
163.3375	13.125
163.34	-2.8375
163.3425	-13.68125
163.345	-16.03125
163.3475	-15.6125
163.35	-20.05625
163.3525	-24.65
163.355	-21.9375
163.3575	-12.10625
163.36	2.9
163.3625	18.5
163.365	29.40625
163.3675	37.0625
163.37	43.41875
163.3725	45.06875
163.375	41.31875
163.3775	38.30625
163.38	37.0875
163.3825	27.2375
163.385	2.06875
163.3875	-22.34375
163.39	-22.55
163.3925	-4.64375
163.395	6.08125
163.3975	4.53125
163.4	3.4
163.4025	8.675
163.405	19.46875
163.4075	29.275
163.41	35.60625
163.4125	42.075
163.415	43.71875
163.4175	40.63125
163.42	42.61875
163.4225	45.99375
163.425	37.74375
163.4275	17.3
163.43	-5.95
163.4325	-12.43125
163.435	7.975
163.4375	30.71875
163.44	24.9
163.4425	-7.16875
163.445	-36.49375
163.4475	-41
163.45	-24.43125
163.4525	-4.61875
163.455	13.58125
163.4575	33.43125
163.46	48.8125
163.4625	49.18125
163.465	30.13125
163.4675	-1.35
163.47	-25.1125
163.4725	-24.25625
163.475	0.675
163.4775	33.90625
163.48	51.36875
163.4825	38.09375
163.485	4.68125
163.4875	-23.93125
163.49	-31.4875
163.4925	-15.81875
163.495	10.11875
163.4975	25.825
163.5	20.41875
163.5025	-1.78125
163.505	-27.175
163.5075	-40.1875
163.51	-34.85
163.5125	-21.13125
163.515	-11.45625
163.5175	-6.20625
163.52	5.4875
163.5225	25.75
163.525	40.05
163.5275	37.75625
163.53	21.0375
163.5325	-6.54375
163.535	-38.225
163.5375	-59.95625
163.54	-61.68125
163.5425	-46.1125
163.545	-26.5125
163.5475	-13.325
163.55	-10.7125
163.5525	-18.90625
163.555	-29.39375
163.5575	-27.29375
163.56	-14.10625
163.5625	-5.65
163.565	-7.9875
163.5675	-17.30625
163.57	-21.9
163.5725	-8.19375
163.575	16.69375
163.5775	33.5375
163.58	38.1
163.5825	33.69375
163.585	19.46875
163.5875	-1.075
163.59	-17.26875
163.5925	-20.45625
163.595	-12.79375
163.5975	-4.58125
163.6	0.39375
163.6025	6.35
163.605	13.6125
163.6075	19.84375
163.61	26.025
163.6125	36.34375
163.615	55.925
163.6175	72.675
163.62	59.93125
163.6225	18.89375
163.625	-15.76875
163.6275	-26.5
163.63	-23.3875
163.6325	-18.8125
163.635	-19.58125
163.6375	-21.6875
163.64	-17.675
163.6425	-12.66875
163.645	-15.1375
163.6475	-16.7625
163.65	-6.75625
163.6525	5.475
163.655	4.11875
163.6575	-10.45625
163.66	-25.14375
163.6625	-31.6
163.665	-29.95625
163.6675	-23.9
163.67	-16.925
163.6725	-8.98125
163.675	0.075
163.6775	6.80625
163.68	6.58125
163.6825	0.88125
163.685	-0.9875
163.6875	3.53125
163.69	7.15
163.6925	12.05
163.695	25.0125
163.6975	38.94375
163.7	45.20625
163.7025	47.5875
163.705	44.19375
163.7075	25.56875
163.71	-3.15
163.7125	-22.68125
163.715	-18.5
163.7175	2.01875
163.72	19.21875
163.7225	20.025
163.725	3.88125
163.7275	-24.95625
163.73	-57.1375
163.7325	-78.7
163.735	-82.85
163.7375	-73.43125
163.74	-59.4875
163.7425	-44.85
163.745	-21.15625
163.7475	18.21875
163.75	55.88125
163.7525	68.5
163.755	55.8
163.7575	29.525
163.76	-2.46875
163.7625	-30.25
163.765	-46.34375
163.7675	-50.23125
163.77	-43.1875
163.7725	-30.81875
163.775	-18.9375
163.7775	-7.68125
163.78	4.14375
163.7825	14.50625
163.785	16.8375
163.7875	8.26875
163.79	2.4125
163.7925	17.175
163.795	42.46875
163.7975	50.99375
163.8	37.3625
163.8025	14.79375
163.805	-8
163.8075	-24.425
163.81	-24.3875
163.8125	-1.98125
163.815	29.9375
163.8175	40.2625
163.82	13.975
163.8225	-28.16875
163.825	-52.1125
163.8275	-37.93125
163.83	-6.94375
163.8325	-0.06875
163.835	-14.125
163.8375	-18.8375
163.84	-14.31875
163.8425	-13.5625
163.845	-14.075
163.8475	-15.51875
163.85	-23.09375
163.8525	-33.38125
163.855	-35.49375
163.8575	-23.925
163.86	-5.38125
163.8625	8.58125
163.865	11.21875
163.8675	4.10625
163.87	-3.225
163.8725	-2.38125
163.875	5.21875
163.8775	12.7375
163.88	14.93125
163.8825	9.60625
163.885	1.36875
163.8875	-1.3625
163.89	4.2875
163.8925	14.7125
163.895	24.83125
163.8975	31.99375
163.9	31.1375
163.9025	15.51875
163.905	-9.56875
163.9075	-26.86875
163.91	-29.3875
163.9125	-23.78125
163.915	-16.29375
163.9175	-10.79375
163.92	-10.35
163.9225	-9.85625
163.925	2.1125
163.9275	21.68125
163.93	34.55
163.9325	39.8125
163.935	43.31875
163.9375	40.79375
163.94	27.11875
163.9425	9.40625
163.945	0.4125
163.9475	5.9
163.95	16.0875
163.9525	17.98125
163.955	8.7
163.9575	-0.3125
163.96	8.73125
163.9625	24.5625
163.965	17.86875
163.9675	-7.79375
163.97	-24.525
163.9725	-28.64375
163.975	-28.99375
163.9775	-25.0125
163.98	-14.40625
163.9825	3.34375
163.985	18.09375
163.9875	15.45
163.99	-4.825
163.9925	-29.0625
163.995	-47.04375
163.9975	-54.9625
164	-53.2375
164.0025	-46.09375
164.005	-36.53125
164.0075	-22.19375
164.01	0.1375
164.0125	23.99375
164.015	36.1625
164.0175	31.2625
164.02	16.8875
164.0225	6.65
164.025	13.1
164.0275	33.71875
164.03	48.28125
164.0325	39.54375
164.035	12.38125
164.0375	-14.3
164.04	-29.33125
164.0425	-30.9125
164.045	-18.44375
164.0475	2.45
164.05	18.675
164.0525	23.39375
164.055	14.61875
164.0575	-4.1
164.06	-18.39375
164.0625	-20.13125
164.065	-11.8
164.0675	7.725
164.07	29.75625
164.0725	29.08125
164.075	-0.8875
164.0775	-35.1
164.08	-48.7625
164.0825	-40.4625
164.085	-20.49375
164.0875	2.08125
164.09	20.14375
164.0925	29.9625
164.095	27.30625
164.0975	13.7875
164.1	6.3625
164.1025	23.2875
164.105	54.975
164.1075	66.4625
164.11	37.325
164.1125	-10.775
164.115	-43.74375
164.1175	-53.61875
164.12	-51.10625
164.1225	-46.45625
164.125	-40.1125
164.1275	-24.99375
164.13	-1.90625
164.1325	15.9
164.135	20.79375
164.1375	17.6125
164.14	14.2625
164.1425	13.175
164.145	14.73125
164.1475	21.39375
164.15	30.4375
164.1525	33.76875
164.155	28.05
164.1575	16.925
164.16	4.9125
164.1625	-4.30625
164.165	-8.35
164.1675	-6.00625
164.17	3.29375
164.1725	16.375
164.175	26.76875
164.1775	25.91875
164.18	13.23125
164.1825	3.48125
164.185	7.53125
164.1875	19.19375
164.19	29.68125
164.1925	34.74375
164.195	33.2
164.1975	27.5625
164.2	12.325
164.2025	-18.85
164.205	-53.54375
164.2075	-70.025
164.21	-61.09375
164.2125	-38.14375
164.215	-17.8375
164.2175	-4.8125
164.22	4.3125
164.2225	9.1125
164.225	13.875
164.2275	24.01875
164.23	35.24375
164.2325	37.06875
164.235	24.1125
164.2375	1.925
164.24	-14.2875
164.2425	-12.7
164.245	2.6375
164.2475	15.4875
164.25	14.30625
164.2525	4.46875
164.255	-3.90625
164.2575	-6.09375
164.26	-0.53125
164.2625	5.09375
164.265	-2.75
164.2675	-23.36875
164.27	-39.1625
164.2725	-36.2375
164.275	-14.65
164.2775	15.4375
164.28	38.4625
164.2825	44.39375
164.285	34.50625
164.2875	15.2125
164.29	-5.175
164.2925	-15.975
164.295	-15.79375
164.2975	-16.2
164.3	-23
164.3025	-26.79375
164.305	-16.60625
164.3075	6.36875
164.31	28.9625
164.3125	35.03125
164.315	20.00625
164.3175	-2.94375
164.32	-19.09375
164.3225	-24.81875
164.325	-18.275
164.3275	0.75625
164.33	18.71875
164.3325	16.8875
164.335	-7.2375
164.3375	-38.91875
164.34	-60.86875
164.3425	-68.13125
164.345	-69.575
164.3475	-75.15
164.35	-82.40625
164.3525	-76.725
164.355	-51.81875
164.3575	-18.5875
164.36	10.41875
164.3625	27.74375
164.365	27.3
164.3675	10.1375
164.37	-13.2375
164.3725	-32.39375
164.375	-42.90625
164.3775	-47.275
164.38	-51.04375
164.3825	-55.40625
164.385	-55.69375
164.3875	-45.69375
164.39	-26.04375
164.3925	-7.34375
164.395	1.6
164.3975	0.2
164.4	-7.93125
164.4025	-14.2
164.405	-11.80625
164.4075	-1.94375
164.41	9.79375
164.4125	14.875
164.415	6.05625
164.4175	-10.3625
164.42	-21.3375
164.4225	-23.875
164.425	-19.4625
164.4275	-7.35
164.43	5.91875
164.4325	3.7875
164.435	-14.3875
164.4375	-27.23125
164.44	-24.73125
164.4425	-17.1375
164.445	-11.84375
164.4475	-4.1375
164.45	6.59375
164.4525	6.93125
164.455	-10.4125
164.4575	-31.70625
164.46	-44.2375
164.4625	-51.975
164.465	-58.13125
164.4675	-56.45
164.47	-40.01875
164.4725	-15.3375
164.475	1.56875
164.4775	8.1375
164.48	10.4
164.4825	4.31875
164.485	-13.24375
164.4875	-32.49375
164.49	-41.65
164.4925	-36.70625
164.495	-24.0625
164.4975	-11.16875
164.5	3.98125
164.5025	21.58125
164.505	29.66875
164.5075	19.60625
164.51	1.21875
164.5125	-12.475
164.515	-20.8375
164.5175	-23.95
164.52	-16.00625
164.5225	0.2875
164.525	12.5
164.5275	14.89375
164.53	9.90625
164.5325	-3.25
164.535	-24.9625
164.5375	-47.98125
164.54	-60.86875
164.5425	-54.9
164.545	-29.05
164.5475	4.56875
164.55	27.05
164.5525	26.1125
164.555	7.14375
164.5575	-10.575
164.56	-16.31875
164.5625	-13.55625
164.565	-10.95
164.5675	-14.80625
164.57	-21.98125
164.5725	-20.35625
164.575	-4.13125
164.5775	17.8625
164.58	28.01875
164.5825	16.6875
164.585	-6.2125
164.5875	-22.68125
164.59	-21.94375
164.5925	-9.06875
164.595	0.13125
164.5975	-2.15
164.6	-7.73125
164.6025	-11.6375
164.605	-19.14375
164.6075	-29.88125
164.61	-35.23125
164.6125	-32.425
164.615	-25.94375
164.6175	-15.9375
164.62	-0.90625
164.6225	14.975
164.625	22.8625
164.6275	16.175
164.63	-0.43125
164.6325	-9.71875
164.635	-3.1
164.6375	10.525
164.64	21.35
164.6425	24.075
164.645	15.15625
164.6475	-1.625
164.65	-16.85625
164.6525	-28.35625
164.655	-38.89375
164.6575	-46.41875
164.66	-43.9125
164.6625	-33.35625
164.665	-22.05625
164.6675	-9.5875
164.67	3.58125
164.6725	15.35
164.675	25.6125
164.6775	29.45
164.68	23.13125
164.6825	15.04375
164.685	8.1875
164.6875	-4.4875
164.69	-19.85625
164.6925	-23.9125
164.695	-13.4625
164.6975	-2.3625
164.7	-0.93125
164.7025	-3.7625
164.705	0.81875
164.7075	16.50625
164.71	33.95625
164.7125	40.975
164.715	34.975
164.7175	20.4125
164.72	4.83125
164.7225	-2.8375
164.725	-1.01875
164.7275	7.19375
164.73	18.875
164.7325	26.00625
164.735	22.05625
164.7375	12.25
164.74	6.15
164.7425	10.7125
164.745	30.68125
164.7475	55.65625
164.75	63.11875
164.7525	44.0625
164.755	9.69375
164.7575	-20.875
164.76	-30.2375
164.7625	-14.8875
164.765	8.1125
164.7675	23.60625
164.77	30.24375
164.7725	32.45625
164.775	40
164.7775	55.48125
164.78	59.24375
164.7825	33.1125
164.785	-8.975
164.7875	-37.1375
164.79	-36.7625
164.7925	-20.3
164.795	-8.3125
164.7975	-3.925
164.8	6.86875
164.8025	28.125
164.805	40.7
164.8075	31.83125
164.81	16.2875
164.8125	12.6375
164.815	18.35
164.8175	19.15625
164.82	5.96875
164.8225	-13.7
164.825	-24.18125
164.8275	-17.65
164.83	-0.44375
164.8325	13.7875
164.835	19.125
164.8375	19.875
164.84	17.71875
164.8425	8.66875
164.845	-2.68125
164.8475	-6.0375
164.85	-0.5875
164.8525	4.5
164.855	4.09375
164.8575	-0.58125
164.86	-7.69375
164.8625	-13.80625
164.865	-14.65625
164.8675	-11.125
164.87	-8.71875
164.8725	-7.95
164.875	-0.625
164.8775	15.0875
164.88	27.05625
164.8825	23.8
164.885	12.5875
164.8875	9.90625
164.89	15.06875
164.8925	17.81875
164.895	15.5625
164.8975	9.89375
164.9	2.5125
164.9025	-2.5875
164.905	-5.43125
164.9075	-9.6875
164.91	-13.625
164.9125	-14.525
164.915	-13.84375
164.9175	-13.75625
164.92	-11.56875
164.9225	-1.14375
164.925	18.61875
164.9275	37.8
164.93	38.9375
164.9325	16.875
164.935	-13.26875
164.9375	-33.875
164.94	-38.625
164.9425	-24.25
164.945	4.50625
164.9475	25.7125
164.95	20.66875
164.9525	-5.925
164.955	-29.74375
164.9575	-28.8
164.96	-8.25625
164.9625	2.1
164.965	-11.3875
164.9675	-33.06875
164.97	-43.25625
164.9725	-40.525
164.975	-38.95
164.9775	-42.01875
164.98	-37.5375
164.9825	-22.01875
164.985	-8.18125
164.9875	-6.39375
164.99	-15.45
164.9925	-27.16875
164.995	-34.76875
164.9975	-38.09375
165	-40.225
165.0025	-40.7625
165.005	-34.99375
165.0075	-18.79375
165.01	1.71875
165.0125	13
165.015	9.05625
165.0175	-4.7875
165.02	-20.6625
165.0225	-33.91875
165.025	-42.61875
165.0275	-47.14375
165.03	-46.39375
165.0325	-36.95625
165.035	-20.7125
165.0375	-7.4625
165.04	-3.075
165.0425	-5.3875
165.045	-11.45625
165.0475	-18.44375
165.05	-20.35
165.0525	-16.9125
165.055	-13.85625
165.0575	-9.16875
165.06	-0.80625
165.0625	4.31875
165.065	0.8
165.0675	-5.74375
165.07	-3.99375
165.0725	9.19375
165.075	19.325
165.0775	10.775
165.08	-7.73125
165.0825	-16.31875
165.085	-11.15
165.0875	-2.1375
165.09	1.16875
165.0925	-4.59375
165.095	-16.33125
165.0975	-27.25625
165.1	-32.875
165.1025	-31.41875
165.105	-26.35
165.1075	-21.8125
165.11	-12.90625
165.1125	3.18125
165.115	14.91875
165.1175	8.49375
165.12	-9.3875
165.1225	-16.3
165.125	-3.98125
165.1275	9.325
165.13	4.7125
165.1325	-15.55
165.135	-35.20625
165.1375	-34.875
165.14	-10.39375
165.1425	19.88125
165.145	36
165.1475	29.8625
165.15	0.1875
165.1525	-39.9
165.155	-63.98125
165.1575	-65.0625
165.16	-56.36875
165.1625	-42.7375
165.165	-22.98125
165.1675	-4.225
165.17	8.49375
165.1725	20.35625
165.175	30.6125
165.1775	28.6
165.18	9.51875
165.1825	-17.075
165.185	-35.5625
165.1875	-37.18125
165.19	-22.91875
165.1925	-2.49375
165.195	9.175
165.1975	0.175
165.2	-23
165.2025	-40.96875
165.205	-47.51875
165.2075	-48.0625
165.21	-44.25625
165.2125	-35.73125
165.215	-27.56875
165.2175	-25.5125
165.22	-30.68125
165.2225	-38.33125
165.225	-42.88125
165.2275	-43.975
165.23	-42.8625
165.2325	-40.33125
165.235	-34.625
165.2375	-24.8
165.24	-15.4875
165.2425	-10.5
165.245	-5.71875
165.2475	1.11875
165.25	3.7125
165.2525	-2.19375
165.255	-11.9625
165.2575	-16.61875
165.26	-10.03125
165.2625	5.10625
165.265	15.29375
165.2675	8.825
165.27	-11.89375
165.2725	-33.775
165.275	-45.7
165.2775	-44.35625
165.28	-34.85
165.2825	-25.11875
165.285	-12.55
165.2875	8.56875
165.29	29.18125
165.2925	35.74375
165.295	28.4125
165.2975	14.2875
165.3	0.625
165.3025	-7.4
165.305	-13.3625
165.3075	-22.66875
165.31	-28.80625
165.3125	-24.9125
165.315	-17.25
165.3175	-14.46875
165.32	-17.3375
165.3225	-18.425
165.325	-11.05
165.3275	-4.71875
165.33	-16.21875
165.3325	-40.79375
165.335	-58.8625
165.3375	-63.85625
165.34	-59.74375
165.3425	-47.20625
165.345	-24.21875
165.3475	6.3875
165.35	29.96875
165.3525	32.09375
165.355	18.1375
165.3575	5.36875
165.36	2.19375
165.3625	5.74375
165.365	6.75625
165.3675	-2.01875
165.37	-15.41875
165.3725	-20.6375
165.375	-12.525
165.3775	0.83125
165.38	10.58125
165.3825	20.3375
165.385	37.36875
165.3875	51.275
165.39	43.825
165.3925	15.85625
165.395	-16.46875
165.3975	-42.13125
165.4	-55.225
165.4025	-49.8125
165.405	-31.2625
165.4075	-15.34375
165.41	-11.34375
165.4125	-15.93125
165.415	-20.0625
165.4175	-18.525
165.42	-15.2625
165.4225	-17.85
165.425	-21.4125
165.4275	-14.19375
165.43	2.29375
165.4325	11.425
165.435	0.925
165.4375	-20.25625
165.44	-32.00625
165.4425	-28.29375
165.445	-19.46875
165.4475	-12.19375
165.45	-6.2875
165.4525	-2.26875
165.455	4.1125
165.4575	17.7625
165.46	33.35625
165.4625	40.675
165.465	34.6375
165.4675	17.7375
165.47	-2.34375
165.4725	-15.7875
165.475	-14.34375
165.4775	-0.56875
165.48	8.01875
165.4825	-2.69375
165.485	-24.5375
165.4875	-36.15
165.49	-28.45625
165.4925	-10.90625
165.495	6.4375
165.4975	23.0375
165.5	36.23125
165.5025	34.51875
165.505	13.50625
165.5075	-9.7125
165.51	-17.13125
165.5125	-9.9
165.515	3.6
165.5175	17.71875
165.52	25.775
165.5225	24.04375
165.525	15.6125
165.5275	7.55
165.53	7.3625
165.5325	13.76875
165.535	15.85625
165.5375	10.8
165.54	10.3375
165.5425	23.61875
165.545	44.275
165.5475	57.95
165.55	53.73125
165.5525	30.13125
165.555	-0.9
165.5575	-19.325
165.56	-14.03125
165.5625	2.34375
165.565	9.41875
165.5675	3.4
165.57	-2.8
165.5725	-0.6875
165.575	6.35625
165.5775	12.9875
165.58	18.00625
165.5825	21.85
165.585	24.15
165.5875	24.76875
165.59	21.96875
165.5925	12.69375
165.595	-7.06875
165.5975	-32.14375
165.6	-45.9375
165.6025	-37.46875
165.605	-17.05
165.6075	-5.66875
165.61	-10.30625
165.6125	-20.775
165.615	-25.50625
165.6175	-20.56875
165.62	-7.2375
165.6225	7.33125
165.625	12.05625
165.6275	5.2375
165.63	-0.05
165.6325	5.1625
165.635	11.6625
165.6375	9.26875
165.64	1.9
165.6425	-0.93125
165.645	3.13125
165.6475	9.25625
165.65	12.975
165.6525	14.49375
165.655	12.2125
165.6575	2.48125
165.66	-15.34375
165.6625	-38.125
165.665	-56.94375
165.6675	-61.36875
165.67	-51
165.6725	-34.33125
165.675	-13.1125
165.6775	15.59375
165.68	44.3125
165.6825	56.9875
165.685	44.36875
165.6875	12.7375
165.69	-20.58125
165.6925	-39.39375
165.695	-39.075
165.6975	-24.4875
165.7	-4.6625
165.7025	9.6625
165.705	11.25
165.7075	1.8375
165.71	-8.325
165.7125	-10.71875
165.715	-3.38125
165.7175	10.23125
165.72	21.6125
165.7225	26.0875
165.725	25.9125
165.7275	16.1
165.73	-9.0875
165.7325	-35.6
165.735	-44.91875
165.7375	-36.1625
165.74	-19.58125
165.7425	-4.9375
165.745	4.8875
165.7475	12.83125
165.75	16.5625
165.7525	12.23125
165.755	5.64375
165.7575	3.85
165.76	7.70625
165.7625	16.3625
165.765	23.6
165.7675	18.26875
165.77	-2.30625
165.7725	-26.8875
165.775	-40.79375
165.7775	-39.58125
165.78	-30.9875
165.7825	-23.59375
165.785	-20.8875
165.7875	-22.325
165.79	-22.625
165.7925	-14.45625
165.795	5.31875
165.7975	29.6
165.8	47.41875
165.8025	50.95
165.805	33.75
165.8075	-1.6625
165.81	-36.58125
165.8125	-51.16875
165.815	-43.725
165.8175	-25.5
165.82	-6.48125
165.8225	7.40625
165.825	14.7
165.8275	15.60625
165.83	9.88125
165.8325	4.41875
165.835	9.86875
165.8375	19.64375
165.84	17.98125
165.8425	7.45625
165.845	-1.95
165.8475	-9.55625
165.85	-17.35
165.8525	-25.59375
165.855	-26.0125
165.8575	-8.15
165.86	16.075
165.8625	24.3
165.865	16.16875
165.8675	5.04375
165.87	-2.71875
165.8725	-2.58125
165.875	2.9625
165.8775	0.78125
165.88	-11.15
165.8825	-18.9625
165.885	-15.75625
165.8875	-10.25
165.89	-6.8625
165.8925	-3.6
165.895	-0.8875
165.8975	2.60625
165.9	9.15
165.9025	21.26875
165.905	38.1625
165.9075	46.50625
165.91	30.4375
165.9125	-1.90625
165.915	-28
165.9175	-39.61875
165.92	-41.575
165.9225	-37.75
165.925	-26.10625
165.9275	-4.38125
165.93	22.4125
165.9325	41.89375
165.935	44.6
165.9375	28.80625
165.94	1.71875
165.9425	-21.78125
165.945	-27.6875
165.9475	-13.20625
165.95	8.65
165.9525	21.3875
165.955	23.175
165.9575	24.13125
165.96	24.975
165.9625	15.25
165.965	-9.73125
165.9675	-39.85625
165.97	-55.1625
165.9725	-42.9625
165.975	-13.39375
165.9775	11.59375
165.98	22.1875
165.9825	19.05
165.985	10.24375
165.9875	10.76875
165.99	21.20625
165.9925	20.6875
165.995	-0.50625
165.9975	-27.89375
166	-48.41875
166.0025	-58.44375
166.005	-56.35
166.0075	-42.475
166.01	-21.575
166.0125	2.15625
166.015	24.025
166.0175	31.00625
166.02	17.4875
166.0225	0.05625
166.025	-3.45625
166.0275	1.225
166.03	1.6625
166.0325	-4.925
166.035	-17.45
166.0375	-29.85625
166.04	-32.50625
166.0425	-23.41875
166.045	-9.26875
166.0475	5.2375
166.05	15.86875
166.0525	15.89375
166.055	3.5375
166.0575	-12.75
166.06	-15.9875
166.0625	1.375
166.065	20.96875
166.0675	20.4875
166.07	2.675
166.0725	-17.6875
166.075	-32.65625
166.0775	-37.2125
166.08	-29.68125
166.0825	-16.56875
166.085	-8.4875
166.0875	-6.68125
166.09	-4.7
166.0925	0.8375
166.095	5.93125
166.0975	2.64375
166.1	-8.89375
166.1025	-13.4375
166.105	0.6875
166.1075	21.53125
166.11	29.1625
166.1125	19.73125
166.115	2.55625
166.1175	-11.275
166.12	-13.5375
166.1225	-6.94375
166.125	-2.55625
166.1275	-3.09375
166.13	-4.4125
166.1325	-5.65625
166.135	-4.575
166.1375	-1.925
166.14	-7.31875
166.1425	-24.2
166.145	-40.5375
166.1475	-44.2375
166.15	-34.4875
166.1525	-17.50625
166.155	0.5625
166.1575	17.20625
166.16	28.675
166.1625	28.025
166.165	13.6375
166.1675	-4.8
166.17	-16.325
166.1725	-19.54375
166.175	-17.08125
166.1775	-6.05625
166.18	11.76875
166.1825	20.71875
166.185	13.0375
166.1875	4.04375
166.19	7.7875
166.1925	21.2875
166.195	35.70625
166.1975	37.00625
166.2	11.53125
166.2025	-32.3125
166.205	-65.95
166.2075	-70.19375
166.21	-49.16875
166.2125	-22.34375
166.215	-4.5625
166.2175	3.36875
166.22	3.58125
166.2225	-0.24375
166.225	-0.125
166.2275	6.4625
166.23	13.74375
166.2325	14.45625
166.235	0.9
166.2375	-25.59375
166.24	-50.4
166.2425	-63.9625
166.245	-68.51875
166.2475	-66.28125
166.25	-55.84375
166.2525	-36.25
166.255	-14.18125
166.2575	0.1
166.26	6.06875
166.2625	9.4875
166.265	10.325
166.2675	0.4375
166.27	-24.6
166.2725	-52.1125
166.275	-60.43125
166.2775	-47.775
166.28	-32.9625
166.2825	-24.6375
166.285	-13.71875
166.2875	2.74375
166.29	16.26875
166.2925	20.13125
166.295	9.5375
166.2975	-15.95625
166.3	-42.90625
166.3025	-57.6875
166.305	-61.0625
166.3075	-54.40625
166.31	-37.56875
166.3125	-18.1875
166.315	-10.25625
166.3175	-20.61875
166.32	-38.1375
166.3225	-44.60625
166.325	-34.8375
166.3275	-15.18125
166.33	6.6625
166.3325	18.48125
166.335	12.7375
166.3375	-3.49375
166.34	-17.20625
166.3425	-21.525
166.345	-18.55
166.3475	-14.625
166.35	-14.2375
166.3525	-15.86875
166.355	-18.44375
166.3575	-24.86875
166.36	-33.60625
166.3625	-35.68125
166.365	-25.01875
166.3675	-7.38125
166.37	2.25
166.3725	-3.61875
166.375	-13.79375
166.3775	-14.3
166.38	-5.825
166.3825	0.175
166.385	-0.4375
166.3875	-2.1625
166.39	-2.925
166.3925	-5.99375
166.395	-6.65625
166.3975	3.575
166.4	18.05625
166.4025	18.5875
166.405	1.06875
166.4075	-16.71875
166.41	-19.04375
166.4125	-7.6625
166.415	4.85625
166.4175	7.5875
166.42	-3.88125
166.4225	-24.875
166.425	-42.65625
166.4275	-48.95
166.43	-40.1375
166.4325	-13.75
166.435	19.36875
166.4375	37.04375
166.44	29.64375
166.4425	5.525
166.445	-20.09375
166.4475	-31.35
166.45	-23.20625
166.4525	-7.34375
166.455	1
166.4575	-2.41875
166.46	-12.33125
166.4625	-21.54375
166.465	-25.5
166.4675	-25.94375
166.47	-26.46875
166.4725	-23.90625
166.475	-14.125
166.4775	-1.875
166.48	3.9
166.4825	-0.525
166.485	-10.96875
166.4875	-18.9125
166.49	-18.5625
166.4925	-9.26875
166.495	1.84375
166.4975	4.09375
166.5	-4.31875
166.5025	-16.7875
166.505	-27.6375
166.5075	-30.29375
166.51	-19.40625
166.5125	-2.33125
166.515	8.3625
166.5175	8.85625
166.52	2.8625
166.5225	-4.525
166.525	-8.99375
166.5275	-8.125
166.53	-5.125
166.5325	-7.7375
166.535	-16.39375
166.5375	-19.325
166.54	-9.9375
166.5425	1.79375
166.545	5.675
166.5475	2.39375
166.55	-3.625
166.5525	-9.1125
166.555	-12.93125
166.5575	-15.875
166.56	-17.5
166.5625	-16
166.565	-10.94375
166.5675	-8.85
166.57	-13.2125
166.5725	-13.65625
166.575	-2.875
166.5775	7.05625
166.58	3.875
166.5825	-10.1875
166.585	-27.925
166.5875	-41.56875
166.59	-45.50625
166.5925	-39.05
166.595	-25.29375
166.5975	-9.3125
166.6	1.00625
166.6025	-1.51875
166.605	-14.15625
166.6075	-23.825
166.61	-23.36875
166.6125	-17.90625
166.615	-12.14375
166.6175	-5.8
166.62	3.90625
166.6225	24.01875
166.625	52.88125
166.6275	71.43125
166.63	63.1
166.6325	28.68125
166.635	-16.15
166.6375	-47.4
166.64	-50.325
166.6425	-36.49375
166.645	-24.4125
166.6475	-17.425
166.65	-10.90625
166.6525	-3.04375
166.655	5.20625
166.6575	12.81875
166.66	17.50625
166.6625	16.29375
166.665	9.43125
166.6675	4.19375
166.67	6.93125
166.6725	14.1375
166.675	18.81875
166.6775	20.18125
166.68	19.45625
166.6825	13.075
166.685	2.65625
166.6875	-1.275
166.69	6.29375
166.6925	17.46875
166.695	21.35625
166.6975	14.4375
166.7	0
166.7025	-16.3125
166.705	-25.96875
166.7075	-23.55625
166.71	-11.15
166.7125	6.6375
166.715	15.975
166.7175	1.375
166.72	-28.525
166.7225	-45.3375
166.725	-34.45625
166.7275	-6.90625
166.73	16.5625
166.7325	22.6375
166.735	9.8125
166.7375	-13.85625
166.74	-35.325
166.7425	-45.1625
166.745	-43.14375
166.7475	-35.68125
166.75	-28.96875
166.7525	-23.10625
166.755	-13.54375
166.7575	1.925
166.76	18.8875
166.7625	27.34375
166.765	20.48125
166.7675	1.3875
166.77	-19.35625
166.7725	-32.5125
166.775	-37.2125
166.7775	-37
166.78	-32.6875
166.7825	-24.8125
166.785	-17.35
166.7875	-16.0375
166.79	-21.3
166.7925	-23.06875
166.795	-9.30625
166.7975	15.9375
166.8	33.6
166.8025	34.00625
166.805	22
166.8075	5.1875
166.81	-8.23125
166.8125	-13.2
166.815	-16.90625
166.8175	-26.48125
166.82	-33.875
166.8225	-30.7375
166.825	-20.98125
166.8275	-11.19375
166.83	-2.6375
166.8325	8.43125
166.835	26.575
166.8375	43.3625
166.84	42.29375
166.8425	19.48125
166.845	-13.825
166.8475	-42.2125
166.85	-54.75625
166.8525	-51.2125
166.855	-38.5375
166.8575	-20.64375
166.86	-2.375
166.8625	8.69375
166.865	13.7375
166.8675	20.175
166.87	30.54375
166.8725	44.11875
166.875	56.41875
166.8775	55.46875
166.88	34.76875
166.8825	4.225
166.885	-22.48125
166.8875	-38.425
166.89	-43.8125
166.8925	-43.60625
166.895	-40.2375
166.8975	-31.38125
166.9	-19.025
166.9025	-6.125
166.905	8.91875
166.9075	22.3875
166.91	26.0625
166.9125	24.83125
166.915	28.48125
166.9175	30.0625
166.92	21.23125
166.9225	5.9875
166.925	-9.71875
166.9275	-24.18125
166.93	-33.625
166.9325	-33.825
166.935	-26.45625
166.9375	-20.06875
166.94	-23.88125
166.9425	-30
166.945	-23.4
166.9475	-7.95625
166.95	0.85
166.9525	-1.375
166.955	-8.65
166.9575	-16.075
166.96	-22.7
166.9625	-29.33125
166.965	-31.75
166.9675	-27
166.97	-21.975
166.9725	-22.425
166.975	-24.05
166.9775	-20.25
166.98	-11.0125
166.9825	-1.19375
166.985	9.9375
166.9875	24.71875
166.99	33.69375
166.9925	27.5875
166.995	12.3375
166.9975	-3.25625
167	-20.15625
167.0025	-37.0375
167.005	-44.66875
167.0075	-40.4625
167.01	-29.80625
167.0125	-16.175
167.015	-4.7
167.0175	-2.8125
167.02	-5.10625
167.0225	3.89375
167.025	21.4375
167.0275	27.30625
167.03	15.93125
167.0325	3.325
167.035	-0.61875
167.0375	-2.1875
167.04	-6.89375
167.0425	-9.225
167.045	-8.00625
167.0475	-14.5125
167.05	-31.2625
167.0525	-41.9875
167.055	-30.6125
167.0575	-3.75
167.06	16.16875
167.0625	17.225
167.065	5.2
167.0675	-15.2125
167.07	-39.1625
167.0725	-52.7625
167.075	-45.35625
167.0775	-22.86875
167.08	-3.36875
167.0825	-0.825
167.085	-13.5625
167.0875	-26.60625
167.09	-18.35625
167.0925	16.0125
167.095	45.4625
167.0975	39.29375
167.1	5.4625
167.1025	-31.4125
167.105	-55.1
167.1075	-53.225
167.11	-31.3125
167.1125	-12.375
167.115	-9.9125
167.1175	-19.11875
167.12	-29.94375
167.1225	-33.04375
167.125	-19.7875
167.1275	5.325
167.13	22.5125
167.1325	15.26875
167.135	-10.30625
167.1375	-33.8125
167.14	-41.7
167.1425	-33.15
167.145	-17.3875
167.1475	-9.0875
167.15	-13.5125
167.1525	-17.79375
167.155	-11.06875
167.1575	1.39375
167.16	11.71875
167.1625	16.25625
167.165	8.68125
167.1675	-11.4125
167.17	-27.85
167.1725	-25.85
167.175	-12.89375
167.1775	-5.45
167.18	-10.98125
167.1825	-26.1625
167.185	-39.64375
167.1875	-44.79375
167.19	-43.28125
167.1925	-35.1125
167.195	-22.575
167.1975	-13.8625
167.2	-9.4125
167.2025	0.40625
167.205	15.21875
167.2075	24.2375
167.21	24.625
167.2125	20.175
167.215	7.95625
167.2175	-12.10625
167.22	-30.6125
167.2225	-40.4375
167.225	-38.45
167.2275	-29.5375
167.23	-26.95
167.2325	-33.80625
167.235	-38.2375
167.2375	-31.0875
167.24	-12.90625
167.2425	8.81875
167.245	23.375
167.2475	25.55
167.25	19.15625
167.2525	8.9125
167.255	-5.7125
167.2575	-21.30625
167.26	-27.5375
167.2625	-19.85
167.265	-7.34375
167.2675	-1.83125
167.27	-4.4875
167.2725	-11.6125
167.275	-20.21875
167.2775	-25.59375
167.28	-25.18125
167.2825	-20.73125
167.285	-8.46875
167.2875	11.625
167.29	25.25625
167.2925	21.65
167.295	4.325
167.2975	-18.6875
167.3	-40.89375
167.3025	-54.46875
167.305	-54.13125
167.3075	-42.46875
167.31	-25.55
167.3125	-7.50625
167.315	1.4
167.3175	-7.84375
167.32	-26.1875
167.3225	-36.8625
167.325	-35.7625
167.3275	-29.55625
167.33	-24.625
167.3325	-24.71875
167.335	-29.725
167.3375	-35.15625
167.34	-34.73125
167.3425	-26.2
167.345	-11.93125
167.3475	0.125
167.35	1.41875
167.3525	-3.94375
167.355	-3.98125
167.3575	2.9375
167.36	8.06875
167.3625	5.5125
167.365	-0.73125
167.3675	-3.0625
167.37	-0.98125
167.3725	0.15625
167.375	-3.55625
167.3775	-15.6
167.38	-36.40625
167.3825	-57.61875
167.385	-71.00625
167.3875	-73.4125
167.39	-64.11875
167.3925	-44.04375
167.395	-17.325
167.3975	6.7
167.4	16.35
167.4025	11.35625
167.405	4.80625
167.4075	5.99375
167.41	13.0875
167.4125	17.35625
167.415	11.79375
167.4175	-3.0375
167.42	-17.73125
167.4225	-14.1375
167.425	15.0125
167.4275	44.4375
167.43	43.7125
167.4325	19.15625
167.435	-4.55625
167.4375	-21.6625
167.44	-37.08125
167.4425	-47.225
167.445	-47.05625
167.4475	-38.2375
167.45	-23.50625
167.4525	-7.53125
167.455	2.2875
167.4575	7.68125
167.46	20.8375
167.4625	43.9875
167.465	61.2625
167.4675	54.26875
167.47	19.86875
167.4725	-23.95
167.475	-52.49375
167.4775	-56.98125
167.48	-45.5
167.4825	-29.9125
167.485	-17.3875
167.4875	-9.4125
167.49	1.225
167.4925	25.6625
167.495	53.55
167.4975	55.5
167.5	25.51875
167.5025	-10.2625
167.505	-33.425
167.5075	-44.55625
167.51	-48.41875
167.5125	-46.75625
167.515	-38.8125
167.5175	-26.55625
167.52	-16.55
167.5225	-12.81875
167.525	-10.04375
167.5275	-3.59375
167.53	0.8
167.5325	-3.4
167.535	-13.1375
167.5375	-22.95
167.54	-31.61875
167.5425	-36.0125
167.545	-31.68125
167.5475	-23.0625
167.55	-20.28125
167.5525	-24.94375
167.555	-28.84375
167.5575	-23.29375
167.56	-6.5125
167.5625	13.64375
167.565	26.25
167.5675	30.14375
167.57	28.85625
167.5725	18.23125
167.575	-2.2125
167.5775	-19.98125
167.58	-26.85
167.5825	-28.6625
167.585	-28.40625
167.5875	-20.1625
167.59	-3.25625
167.5925	12.26875
167.595	14.38125
167.5975	0.68125
167.6	-19.225
167.6025	-35.95
167.605	-48.825
167.6075	-58.6375
167.61	-62.8375
167.6125	-60.58125
167.615	-52.81875
167.6175	-39.71875
167.62	-23.21875
167.6225	-8.19375
167.625	2.06875
167.6275	10.68125
167.63	20.7875
167.6325	27.38125
167.635	24.41875
167.6375	13.35625
167.64	0.18125
167.6425	-10.76875
167.645	-17.23125
167.6475	-22.4875
167.65	-27.19375
167.6525	-21.8875
167.655	-5.60625
167.6575	9.275
167.66	13.025
167.6625	1.7375
167.665	-18.75625
167.6675	-28.80625
167.67	-15.79375
167.6725	14.4
167.675	47.28125
167.6775	63.85
167.68	49.00625
167.6825	7.89375
167.685	-33.65
167.6875	-53.76875
167.69	-50.7375
167.6925	-29.3125
167.695	0.0875
167.6975	19.9625
167.7	26.3875
167.7025	27.39375
167.705	26.75625
167.7075	28.8875
167.71	30.6125
167.7125	15.55625
167.715	-17.7625
167.7175	-50.9625
167.72	-70.35625
167.7225	-71.34375
167.725	-54.075
167.7275	-28.35
167.73	-9.1625
167.7325	-3.5375
167.735	-4.99375
167.7375	-3.375
167.74	5.9
167.7425	19.8625
167.745	30.6625
167.7475	32.925
167.75	30.4625
167.7525	27.30625
167.755	18.5875
167.7575	3.6375
167.76	-8.11875
167.7625	-11.54375
167.765	-13.98125
167.7675	-24.275
167.77	-38.05625
167.7725	-42.85625
167.775	-32.46875
167.7775	-10.24375
167.78	11.65625
167.7825	16.825
167.785	3.10625
167.7875	-13.39375
167.79	-19.53125
167.7925	-14.9875
167.795	-4.49375
167.7975	8.1
167.8	15.6
167.8025	8.95625
167.805	-11.95
167.8075	-31.99375
167.81	-34.19375
167.8125	-20.3125
167.815	-6.39375
167.8175	0.95625
167.82	6.1
167.8225	8.80625
167.825	4.8625
167.8275	-5.925
167.83	-15.25625
167.8325	-16.8
167.835	-14.71875
167.8375	-10.58125
167.84	-2.5875
167.8425	2.5625
167.845	1.20625
167.8475	-4.5625
167.85	-16.525
167.8525	-28.275
167.855	-30.55
167.8575	-22.43125
167.86	-4.33125
167.8625	16.3625
167.865	22.85
167.8675	7.58125
167.87	-18.20625
167.8725	-32.475
167.875	-20.3375
167.8775	1.875
167.88	5.23125
167.8825	-14.8625
167.885	-42.175
167.8875	-60.33125
167.89	-62.71875
167.8925	-49.25625
167.895	-23.09375
167.8975	6.2875
167.9	22.40625
167.9025	15.98125
167.905	-4.9875
167.9075	-26.925
167.91	-39.95625
167.9125	-41.34375
167.915	-32.81875
167.9175	-17.89375
167.92	-4.875
167.9225	-2.53125
167.925	-9.66875
167.9275	-15.1
167.93	-11.225
167.9325	-0.7625
167.935	6.84375
167.9375	5.39375
167.94	-3.21875
167.9425	-14.6125
167.945	-25.375
167.9475	-30.64375
167.95	-28.26875
167.9525	-26.35
167.955	-30.18125
167.9575	-31.85
167.96	-26.86875
167.9625	-21.43125
167.965	-19.85
167.9675	-23.625
167.97	-32.3625
167.9725	-38.88125
167.975	-35.15
167.9775	-20.7375
167.98	-3.55625
167.9825	6.01875
167.985	4.425
167.9875	-1.65
167.99	-4.9625
167.9925	-8.63125
167.995	-17.175
167.9975	-25.4
168	-30.675
168.0025	-38.56875
168.005	-47.6875
168.0075	-48.58125
168.01	-35.75625
168.0125	-14.4625
168.015	1.025
168.0175	3.35625
168.02	-3.26875
168.0225	-13.0125
168.025	-19.76875
168.0275	-20.2375
168.03	-22.21875
168.0325	-35.40625
168.035	-52.85
168.0375	-55.825
168.04	-40.04375
168.0425	-22.775
168.045	-18.01875
168.0475	-22.1625
168.05	-27.4
168.0525	-31.8
168.055	-31.76875
168.0575	-20.84375
168.06	-1.18125
168.0625	15.7125
168.065	19.625
168.0675	6.325
168.07	-19.55625
168.0725	-44.475
168.075	-57.68125
168.0775	-57.86875
168.08	-49.79375
168.0825	-36.875
168.085	-16.90625
168.0875	3.4875
168.09	6.58125
168.0925	-10.78125
168.095	-27.6375
168.0975	-28.2875
168.1	-20.55
168.1025	-18.85
168.105	-25.9875
168.1075	-34.28125
168.11	-35.95625
168.1125	-29.75625
168.115	-24.46875
168.1175	-29
168.12	-36.975
168.1225	-36.76875
168.125	-28.36875
168.1275	-16.3625
168.13	-2.125
168.1325	10.425
168.135	13.4875
168.1375	5.5375
168.14	-5.39375
168.1425	-8.4125
168.145	-0.1625
168.1475	11.5875
168.15	16.1625
168.1525	8.05
168.155	-11.8875
168.1575	-33.00625
168.16	-41.58125
168.1625	-37.5375
168.165	-30.29375
168.1675	-20.63125
168.17	-6.65
168.1725	3.83125
168.175	4.63125
168.1775	-0.45625
168.18	-4.9
168.1825	-7.43125
168.185	-8.475
168.1875	-8.46875
168.19	-7.55625
168.1925	-5.6875
168.195	-6.23125
168.1975	-8.225
168.2	-6.45625
168.2025	-4.2875
168.205	-8.8625
168.2075	-16.125
168.21	-20.73125
168.2125	-26.25
168.215	-34.61875
168.2175	-42.74375
168.22	-42.875
168.2225	-26.575
168.225	1.925
168.2275	25.83125
168.23	31.5375
168.2325	17.36875
168.235	-5.2875
168.2375	-18.5375
168.24	-19.46875
168.2425	-19
168.245	-19.025
168.2475	-17.75625
168.25	-21.9375
168.2525	-32.0125
168.255	-37.29375
168.2575	-30.34375
168.26	-10.84375
168.2625	15.1875
168.265	32.09375
168.2675	26.525
168.27	1.5125
168.2725	-28.2125
168.275	-46.15625
168.2775	-41.53125
168.28	-13.14375
168.2825	27.05
168.285	52.8875
168.2875	42.6125
168.29	5.23125
168.2925	-30.4375
168.295	-48.43125
168.2975	-47.7125
168.3	-37.125
168.3025	-26.64375
168.305	-13.71875
168.3075	5.125
168.31	19.11875
168.3125	17.3625
168.315	3.96875
168.3175	-13.68125
168.32	-30.14375
168.3225	-38.275
168.325	-33.3
168.3275	-18.11875
168.33	-2.91875
168.3325	1.1875
168.335	-7.96875
168.3375	-21.825
168.34	-30.06875
168.3425	-26.35625
168.345	-12.71875
168.3475	2.76875
168.35	13.575
168.3525	19.425
168.355	22.56875
168.3575	23.5125
168.36	22.69375
168.3625	15.95625
168.365	-2.10625
168.3675	-24.61875
168.37	-34.8
168.3725	-25.94375
168.375	0.4125
168.3775	33.05625
168.38	45.7375
168.3825	24.7125
168.385	-12.85625
168.3875	-33.7875
168.39	-20.1
168.3925	7.88125
168.395	19.38125
168.3975	16.33125
168.4	15.4875
168.4025	14.8
168.405	8.58125
168.4075	6.39375
168.41	19.05
168.4125	37.15
168.415	38.96875
168.4175	20.26875
168.42	-7.2375
168.4225	-34.30625
168.425	-48.58125
168.4275	-42.725
168.43	-27.84375
168.4325	-16.1375
168.435	-8.7
168.4375	-6.4875
168.44	-9.33125
168.4425	-11.76875
168.445	-13.29375
168.4475	-12.75
168.45	-7.66875
168.4525	-3.25625
168.455	-1.625
168.4575	2.825
168.46	7.4
168.4625	2.775
168.465	-10.40625
168.4675	-25.2375
168.47	-36.275
168.4725	-41.975
168.475	-44.3125
168.4775	-46.0375
168.48	-47.9
168.4825	-46.45625
168.485	-40.35
168.4875	-31.125
168.49	-20.20625
168.4925	-13.3
168.495	-17.6875
168.4975	-28.225
168.5	-31.54375
168.5025	-25.53125
168.505	-19.18125
168.5075	-20.7625
168.51	-28.1375
168.5125	-34.25625
168.515	-36.7875
168.5175	-37.60625
168.52	-40.5
168.5225	-49.03125
168.525	-61.8125
168.5275	-73.5125
168.53	-83.43125
168.5325	-91.3625
168.535	-89.525
168.5375	-72.43125
168.54	-49.60625
168.5425	-35.0625
168.545	-27.05
168.5475	-20.88125
168.55	-25.31875
168.5525	-40.9625
168.555	-53.96875
168.5575	-63.19375
168.56	-74.5375
168.5625	-80.19375
168.565	-77.10625
168.5675	-77.84375
168.57	-89.41875
168.5725	-102.1625
168.575	-101.2125
168.5775	-86.1
168.58	-72.1875
168.5825	-70.3125
168.585	-77.2625
168.5875	-87.54375
168.59	-97.45625
168.5925	-100.1375
168.595	-92.0125
168.5975	-79.85625
168.6	-74.48125
168.6025	-79.78125
168.605	-94.1875
168.6075	-113.4937
168.61	-130.2687
168.6125	-141.2188
168.615	-152.85
168.6175	-170.6
168.62	-187.7562
168.6225	-196.1125
168.625	-198.175
168.6275	-200.0875
168.63	-202.4125
168.6325	-203.5437
168.635	-204.0812
168.6375	-204.6187
168.64	NaN
168.6425	NaN
168.645	-204.5812
168.6475	-203.5187
168.65	-202.4562
168.6525	-202.6
168.655	-203.75
168.6575	-203.7937
168.66	-198.6687
168.6625	-188.525
168.665	-181.6125
168.6675	-184.7687
168.67	-192.3062
168.6725	-193.675
168.675	-186.275
168.6775	-170.3438
168.68	-145.5562
168.6825	-121.5312
168.685	-113.5437
168.6875	-120.8437
168.69	-131.9125
168.6925	-140.4375
168.695	-142.5
168.6975	-136.2375
168.7	-127.8437
168.7025	-121.425
168.705	-110.4
168.7075	-93.4
168.71	-79.4625
168.7125	-74.6375
168.715	-76.61875
168.7175	-78.04375
168.72	-68.5375
168.7225	-45.825
168.725	-23.3
168.7275	-15.45
168.73	-23.2
168.7325	-37.99375
168.735	-49.29375
168.7375	-48.10625
168.74	-38.90625
168.7425	-33.28125
168.745	-33.19375
168.7475	-36.71875
168.75	-46.625
168.7525	-59.95
168.755	-67.56875
168.7575	-65.49375
168.76	-55.41875
168.7625	-40.10625
168.765	-22.175
168.7675	-6.49375
168.77	-1.2875
168.7725	-10.00625
168.775	-20.3375
168.7775	-17.3875
168.78	-3.6375
168.7825	7.45625
168.785	8.04375
168.7875	-0.44375
168.79	-7.9875
168.7925	-7
168.795	5.15625
168.7975	22.9875
168.8	30.125
168.8025	20.91875
168.805	9.525
168.8075	4.5625
168.81	-4.575
168.8125	-24.99375
168.815	-48.33125
168.8175	-61.80625
168.82	-65.225
168.8225	-63.94375
168.825	-57.1375
168.8275	-42.6125
168.83	-20.55625
168.8325	1.05625
168.835	7.80625
168.8375	-3.9125
168.84	-17.29375
168.8425	-14.13125
168.845	1.84375
168.8475	11.15625
168.85	2.8625
168.8525	-15.8875
168.855	-29.84375
168.8575	-28.9
168.86	-16.2
168.8625	-5.8125
168.865	-8.1375
168.8675	-20.63125
168.87	-33.75
168.8725	-39.44375
168.875	-34.35625
168.8775	-21.3625
168.88	-6.56875
168.8825	9.94375
168.885	32.04375
168.8875	50.98125
168.89	48.71875
168.8925	22.35
168.895	-11.5625
168.8975	-35.525
168.9	-42.8
168.9025	-35.10625
168.905	-20.85625
168.9075	-10.7875
168.91	-9.24375
168.9125	-10.30625
168.915	-7.99375
168.9175	-3.4
168.92	1.825
168.9225	6.44375
168.925	7.81875
168.9275	5.30625
168.93	1.75625
168.9325	-1.925
168.935	-4.575
168.9375	2.2125
168.94	22.45
168.9425	42.99375
168.945	49.15
168.9475	43.325
168.95	35.75625
168.9525	30.14375
168.955	27.30625
168.9575	28.6
168.96	30.16875
168.9625	26.56875
168.965	19.7375
168.9675	23.0625
168.97	47.36875
168.9725	75.7
168.975	80.3125
168.9775	67.38125
168.98	62.0625
168.9825	63.1125
168.985	55.20625
168.9875	35.3875
168.99	15.975
168.9925	13.225
168.995	26.93125
168.9975	41.975
169	50.225
169.0025	58.86875
169.005	74.35625
169.0075	88.66875
169.01	88.025
169.0125	72.00625
169.015	50.51875
169.0175	33.575
169.02	29.63125
169.0225	39.06875
169.025	53.3375
169.0275	64.49375
169.03	68.95
169.0325	67.925
169.035	67.54375
169.0375	71.73125
169.04	72.74375
169.0425	60.225
169.045	40.21875
169.0475	30.29375
169.05	34.9
169.0525	42.35625
169.055	44.91875
169.0575	44.15
169.06	41.875
169.0625	36.775
169.065	28.75
169.0675	21.60625
169.07	22.1
169.0725	30.83125
169.075	42.33125
169.0775	55.8125
169.08	68.70625
169.0825	70.3625
169.085	58.325
169.0875	41.9625
169.09	28.36875
169.0925	19.9625
169.095	19.73125
169.0975	26.50625
169.1	30.975
169.1025	24.1
169.105	7.025
169.1075	-10.675
169.11	-22.39375
169.1125	-28.0875
169.115	-31.25625
169.1175	-34.575
169.12	-38.54375
169.1225	-43.53125
169.125	-47.5875
169.1275	-49.28125
169.13	-53.775
169.1325	-64.35625
169.135	-75.90625
169.1375	-87.675
169.14	-104.6687
169.1425	-123.8187
169.145	-138.1563
169.1475	-142.0875
169.15	-129.7437
169.1525	-106.2187
169.155	-93.33125
169.1575	-108.4937
169.16	-143.575
169.1625	-176.1687
169.165	-192.7375
169.1675	-196.1187
169.17	-194.4687
169.1725	-191.4187
169.175	-186.975
169.1775	-183.1062
169.18	-182.9125
169.1825	-183.2375
169.185	-176.3625
169.1875	-160.3438
169.19	-141.3937
169.1925	-126.7437
169.195	-116.8313
169.1975	-104.8625
169.2	-85.6
169.2025	-64.59375
169.205	-52.7625
169.2075	-53.78125
169.21	-61.3125
169.2125	-68.7875
169.215	-77.86875
169.2175	-87.775
169.22	-90.78125
169.2225	-83.8
169.225	-71.7375
169.2275	-59.5875
169.23	-50.39375
169.2325	-41.79375
169.235	-26.0625
169.2375	-3.61875
169.24	14.38125
169.2425	19.3
169.245	10.0875
169.2475	-10.15625
169.25	-31.40625
169.2525	-39.875
169.255	-30.50625
169.2575	-15.7
169.26	-12.8
169.2625	-21.4875
169.265	-27.675
169.2675	-23.63125
169.27	-11.26875
169.2725	4.7125
169.275	18.85
169.2775	25.66875
169.28	24.8875
169.2825	20.31875
169.285	13.9625
169.2875	8.9
169.29	13.74375
169.2925	39.2
169.295	79.8375
169.2975	105.9812
169.3	92.25
169.3025	52.51875
169.305	23.60625
169.3075	23.4125
169.31	39.66875
169.3125	49.9625
169.315	47.38125
169.3175	40.7625
169.32	43.35625
169.3225	56.275
169.325	66.9625
169.3275	69.4
169.33	68.25
169.3325	64.26875
169.335	62.74375
169.3375	80.4625
169.34	111.5437
169.3425	132.2437
169.345	139.9812
169.3475	141.3438
169.35	122.675
169.3525	78.19375
169.355	34.25
169.3575	15.58125
169.36	17.96875
169.3625	26.4375
169.365	35.93125
169.3675	43
169.37	44.225
169.3725	47.05625
169.375	61.36875
169.3775	85.05
169.38	102.15
169.3825	98.95
169.385	82.7375
169.3875	69.84375
169.39	66.09375
169.3925	70.14375
169.395	77.11875
169.3975	79.625
169.4	76.98125
169.4025	76.0125
169.405	80.13125
169.4075	82.88125
169.41	75.2
169.4125	61.6875
169.415	56.0125
169.4175	59.51875
169.42	63.14375
169.4225	63.225
169.425	63.5625
169.4275	65.725
169.43	67.5875
169.4325	66.86875
169.435	62.34375
169.4375	54.63125
169.44	50.1125
169.4425	56.03125
169.445	68.91875
169.4475	77.15
169.45	76.0625
169.4525	73.6875
169.455	75.4
169.4575	76.7375
169.46	75.8875
169.4625	75.03125
169.465	69.775
169.4675	55.44375
169.47	38.5875
169.4725	30.90625
169.475	37.3625
169.4775	54.2375
169.48	70.45625
169.4825	76.4375
169.485	74.55625
169.4875	65.18125
169.49	43.49375
169.4925	20.8625
169.495	16.275
169.4975	26.3625
169.5	38.31875
169.5025	51.8125
169.505	68.68125
169.5075	81.5625
169.51	78.86875
169.5125	62.9
169.515	50.53125
169.5175	49.40625
169.52	49.73125
169.5225	44.81875
169.525	38.43125
169.5275	32.09375
169.53	21.81875
169.5325	7.3625
169.535	-2.46875
169.5375	-0.03125
169.54	12.98125
169.5425	32.0125
169.545	51.35625
169.5475	64.58125
169.55	70.64375
169.5525	69.50625
169.555	58.45
169.5575	40.05625
169.56	22.33125
169.5625	9.98125
169.565	3.30625
169.5675	1.61875
169.57	6.45625
169.5725	20.725
169.575	43.35
169.5775	64.78125
169.58	69.9625
169.5825	49.41875
169.585	18.66875
169.5875	5.05
169.59	7.7625
169.5925	10.81875
169.595	13.525
169.5975	15.225
169.6	7.025
169.6025	-6.1125
169.605	-12.0375
169.6075	-8.7
169.61	0.7625
169.6125	14.76875
169.615	30.78125
169.6175	42.39375
169.62	44.7375
169.6225	37.78125
169.625	28.1375
169.6275	26.54375
169.63	32.80625
169.6325	35.34375
169.635	27.24375
169.6375	14.025
169.64	9.025
169.6425	17.94375
169.645	31.05625
169.6475	37.575
169.65	34.99375
169.6525	24.2375
169.655	9.9
169.6575	2.3875
169.66	8.8375
169.6625	25.2
169.665	39.85
169.6675	43.45625
169.67	34.5125
169.6725	21.31875
169.675	17.525
169.6775	26.4125
169.68	37.7
169.6825	42.59375
169.685	40.7
169.6875	31.06875
169.69	14.29375
169.6925	1.4
169.695	2.3375
169.6975	11.875
169.7	18.96875
169.7025	20.4
169.705	22.19375
169.7075	31.59375
169.71	46.75625
169.7125	56.10625
169.715	54.1875
169.7175	48.40625
169.72	42.45625
169.7225	32.4
169.725	19.28125
169.7275	8.7375
169.73	0.1125
169.7325	-7.45
169.735	-9.09375
169.7375	-3.79375
169.74	2.3
169.7425	7.14375
169.745	14.54375
169.7475	24.19375
169.75	34.03125
169.7525	41.99375
169.755	44.1375
169.7575	38.8375
169.76	32.825
169.7625	31.3625
169.765	27.9375
169.7675	15.66875
169.77	1.55625
169.7725	-4.9125
169.775	-6.25625
169.7775	-7.14375
169.78	-6.78125
169.7825	-5.53125
169.785	-6.16875
169.7875	-6.44375
169.79	-1.85625
169.7925	6.36875
169.795	16.6125
169.7975	31.05625
169.8	43.9875
169.8025	43.90625
169.805	34.39375
169.8075	30.3125
169.81	33.35625
169.8125	31.50625
169.815	19.65625
169.8175	7.51875
169.82	3.2625
169.8225	7.9875
169.825	21.25
169.8275	33.03125
169.83	28.66875
169.8325	11.8375
169.835	-0.65
169.8375	-4.6125
169.84	-2.99375
169.8425	3.08125
169.845	10.08125
169.8475	14.025
169.85	14.65
169.8525	17.3125
169.855	27.34375
169.8575	40.5625
169.86	42.8125
169.8625	29
169.865	10.96875
169.8675	2.2875
169.87	3.76875
169.8725	7.65625
169.875	9.00625
169.8775	5.6875
169.88	1.025
169.8825	2.14375
169.885	11.7875
169.8875	26.63125
169.89	41.8875
169.8925	47.65
169.895	36.88125
169.8975	17.84375
169.9	1.15625
169.9025	-10.9
169.905	-16.175
169.9075	-10.48125
169.91	2.0125
169.9125	12.74375
169.915	14.8875
169.9175	4.4875
169.92	-12.15
169.9225	-20.8375
169.925	-16.23125
169.9275	-6.21875
169.93	4.9875
169.9325	23.01875
169.935	46.35
169.9375	60.9
169.94	57.075
169.9425	40.775
169.945	23.975
169.9475	12.30625
169.95	7.51875
169.9525	11.8125
169.955	21.7625
169.9575	30.00625
169.96	34.64375
169.9625	34.24375
169.965	24.4125
169.9675	7.51875
169.97	-5.04375
169.9725	-6.225
169.975	0.00625
169.9775	6.83125
169.98	12.21875
169.9825	17.3
169.985	21.7125
169.9875	22.4
169.99	19.4625
169.9925	17.8
169.995	19.20625
169.9975	23.1375
170	29.88125
170.0025	35.44375
170.005	32.175
170.0075	19.85
170.01	8.5125
170.0125	7.59375
170.015	12.5
170.0175	11.9625
170.02	5.68125
170.0225	0.375
170.025	-0.43125
170.0275	3.56875
170.03	10.7375
170.0325	14.7125
170.035	13.98125
170.0375	15.08125
170.04	20.26875
170.0425	25.9625
170.045	29.33125
170.0475	29.03125
170.05	25.15625
170.0525	24.59375
170.055	31.5875
170.0575	38.88125
170.06	35.2625
170.0625	18.60625
170.065	-0.39375
170.0675	-10.675
170.07	-12.75625
170.0725	-11.51875
170.075	-6.975
170.0775	2.61875
170.08	17.25
170.0825	29.38125
170.085	29.95
170.0875	22.83125
170.09	18.81875
170.0925	19.5375
170.095	24.50625
170.0975	36.41875
170.1	51.74375
170.1025	59.96875
170.105	53.71875
170.1075	35.0375
170.11	12.50625
170.1125	-4.28125
170.115	-10.74375
170.1175	-8.6875
170.12	-3.18125
170.1225	4.53125
170.125	19.625
170.1275	42.0875
170.13	57.11875
170.1325	51.6
170.135	30.96875
170.1375	10.0125
170.14	-0.21875
170.1425	5.48125
170.145	27.2875
170.1475	52.325
170.15	59.66875
170.1525	47.0625
170.155	31.0625
170.1575	17.3875
170.16	1.30625
170.1625	-12.79375
170.165	-17.99375
170.1675	-13.86875
170.17	-1.3625
170.1725	17.23125
170.175	34.44375
170.1775	40.5625
170.18	32.9625
170.1825	18.2875
170.185	2.45625
170.1875	-10.2625
170.19	-8.6
170.1925	17.51875
170.195	53.69375
170.1975	70.46875
170.2	54.55
170.2025	16.825
170.205	-15.40625
170.2075	-20.88125
170.21	-7.3625
170.2125	1.0625
170.215	-2.95625
170.2175	-10.93125
170.22	-17.68125
170.2225	-21.8375
170.225	-21.5625
170.2275	-15.5375
170.23	-4.7625
170.2325	9.2125
170.235	25.4625
170.2375	38.21875
170.24	39.8125
170.2425	32.975
170.245	26.3875
170.2475	21.75
170.25	18.025
170.2525	17.14375
170.255	17.15625
170.2575	15.6875
170.26	12.25625
170.2625	5.01875
170.265	-5.9625
170.2675	-15.025
170.27	-16.875
170.2725	-8.23125
170.275	14.0125
170.2775	42.0125
170.28	60.08125
170.2825	59.5375
170.285	39.8875
170.2875	6.575
170.29	-22.425
170.2925	-29.14375
170.295	-18
170.2975	-6.65625
170.3	-4.775
170.3025	-12
170.305	-22.825
170.3075	-26.075
170.31	-15.85
170.3125	-2.51875
170.315	0.7
170.3175	-7.43125
170.32	-18.81875
170.3225	-23.39375
170.325	-14.975
170.3275	2.01875
170.33	14.40625
170.3325	10.95625
170.335	-6.08125
170.3375	-20.125
170.34	-19.775
170.3425	-8.725
170.345	5.8
170.3475	15.5125
170.35	10.7
170.3525	-5.36875
170.355	-18.18125
170.3575	-18.9625
170.36	-8.45625
170.3625	4.2375
170.365	7.23125
170.3675	-0.475
170.37	-12.76875
170.3725	-28.34375
170.375	-44.15
170.3775	-50.28125
170.38	-43.275
170.3825	-29.75
170.385	-15.53125
170.3875	-4.13125
170.39	2.73125
170.3925	4.3375
170.395	0.6125
170.3975	-3.59375
170.4	-2.4375
170.4025	-0.3875
170.405	-7.64375
170.4075	-23.325
170.41	-38.0625
170.4125	-46.6125
170.415	-50.4875
170.4175	-54.04375
170.42	-57.74375
170.4225	-54.73125
170.425	-43.01875
170.4275	-32.86875
170.43	-32.575
170.4325	-39.8375
170.435	-50.19375
170.4375	-60.25625
170.44	-64.68125
170.4425	-59.9625
170.445	-51.0125
170.4475	-46.26875
170.45	-46.4
170.4525	-50.4625
170.455	-59.05625
170.4575	-65.89375
170.46	-64.3
170.4625	-59.875
170.465	-62.5375
170.4675	-71.19375
170.47	-76.16875
170.4725	-72.61875
170.475	-66.75
170.4775	-64.69375
170.48	-64.925
170.4825	-62.075
170.485	-51.75
170.4875	-39.975
170.49	-38.4125
170.4925	-47.9875
170.495	-60.05
170.4975	-70.43125
170.5	-78.1375
170.5025	-80.76875
170.505	-78.2875
170.5075	-72.51875
170.51	-64.04375
170.5125	-53.93125
170.515	-46.51875
170.5175	-44.69375
170.52	-45.7875
170.5225	-44.0375
170.525	-36.38125
170.5275	-27.2125
170.53	-23.91875
170.5325	-30.1625
170.535	-43.56875
170.5375	-55.36875
170.54	-56.83125
170.5425	-47.16875
170.545	-32.5875
170.5475	-21.3375
170.55	-19.25625
170.5525	-24.3125
170.555	-30.325
170.5575	-35.6125
170.56	-38.825
170.5625	-38.13125
170.565	-37.425
170.5675	-42.80625
170.57	-52.85
170.5725	-59.55625
170.575	-57.2875
170.5775	-46.65625
170.58	-33.3625
170.5825	-22.96875
170.585	-17.81875
170.5875	-18.05625
170.59	-22.46875
170.5925	-28.8875
170.595	-35.90625
170.5975	-43.5125
170.6	-50.14375
170.6025	-53.4875
170.605	-52.35625
170.6075	-43.225
170.61	-23.0375
170.6125	0.08125
170.615	12.5
170.6175	13.44375
170.62	9.63125
170.6225	1.48125
170.625	-8.8375
170.6275	-10.81875
170.63	-2.1625
170.6325	6.4875
170.635	9.35
170.6375	12.21875
170.64	23.5375
170.6425	38.35
170.645	41.4
170.6475	27.71875
170.65	7.9125
170.6525	-7.16875
170.655	-12.41875
170.6575	-5.76875
170.66	6.50625
170.6625	15.925
170.665	20.9
170.6675	27.3625
170.67	37.9875
170.6725	43.13125
170.675	31.9625
170.6775	13.08125
170.68	12.30625
170.6825	32.96875
170.685	49.6875
170.6875	43.20625
170.69	19.49375
170.6925	-0.95625
170.695	-6.34375
170.6975	-6.50625
170.7	-16.16875
170.7025	-29.475
170.705	-30.1125
170.7075	-15.3375
170.71	2.60625
170.7125	13.61875
170.715	19.11875
170.7175	23.88125
170.72	26.85
170.7225	23.5375
170.725	18.95
170.7275	21.425
170.73	24.78125
170.7325	20.15625
170.735	15.8375
170.7375	28.275
170.74	47.66875
170.7425	42.2
170.745	5.325
170.7475	-32.1125
170.75	-47.5
170.7525	-48.35
170.755	-46.2875
170.7575	-39.99375
170.76	-27.71875
170.7625	-20.75
170.765	-27.98125
170.7675	-43.81875
170.77	-55.3125
170.7725	-53.50625
170.775	-39.7
170.7775	-24.16875
170.78	-15.9875
170.7825	-15.58125
170.785	-19.675
170.7875	-26.23125
170.79	-29.5875
170.7925	-24.38125
170.795	-16.48125
170.7975	-16.8125
170.8	-28.9125
170.8025	-48.625
170.805	-65.98125
170.8075	-69.875
170.81	-57.35625
170.8125	-36.10625
170.815	-21.525
170.8175	-24.75625
170.82	-40.01875
170.8225	-51.9875
170.825	-53.7875
170.8275	-50.0625
170.83	-47.30625
170.8325	-46.325
170.835	-43.725
170.8375	-39.5
170.84	-37.1
170.8425	-34.39375
170.845	-27.475
170.8475	-22.7625
170.85	-28.69375
170.8525	-41.3375
170.855	-50.96875
170.8575	-54.1
170.86	-52.81875
170.8625	-51.86875
170.865	-56.475
170.8675	-67.975
170.87	-82.0625
170.8725	-92.46875
170.875	-97.9875
170.8775	-103.325
170.88	-111.8187
170.8825	-120.775
170.885	-126.3687
170.8875	-128.7062
170.89	-129.2875
170.8925	-127.125
170.895	-121.3062
170.8975	-114.6937
170.9	-114.6812
170.9025	-129.5687
170.905	-156.4375
170.9075	-179.4187
170.91	-189.7875
170.9125	-194.4437
170.915	-199.3625
170.9175	-203.225
170.92	-203.5
170.9225	-196.1875
170.925	-180.0687
170.9275	-165.1
170.93	-163.3937
170.9325	-172.5187
170.935	-181.1125
170.9375	-185.325
170.94	-186.425
170.9425	-181.5875
170.945	-168.1687
170.9475	-151.9187
170.95	-137.5313
170.9525	-119.0375
170.955	-92.89375
170.9575	-66.25625
170.96	-48.175
170.9625	-42.68125
170.965	-47.6625
170.9675	-48.41875
170.97	-36.6125
170.9725	-30.05
170.975	-41.45
170.9775	-56.6625
170.98	-61.975
170.9825	-58.4
170.985	-46.53125
170.9875	-21.3
170.99	10.1
170.9925	24.25625
170.995	10.95625
170.9975	-11.475
171	-24.7375
171.0025	-25.19375
171.005	-11.30625
171.0075	5.1
171.01	1.90625
171.0125	-23.6
171.015	-47.56875
171.0175	-52.3875
171.02	-43.6125
171.0225	-32.2
171.025	-21.06875
171.0275	-8.98125
171.03	2.2625
171.0325	8.5125
171.035	8.15625
171.0375	3.775
171.04	0.34375
171.0425	2.5875
171.045	8.24375
171.0475	11.35625
171.05	12.23125
171.0525	15.80625
171.055	20.475
171.0575	19.3875
171.06	10.84375
171.0625	0.3125
171.065	-3.80625
171.0675	-0.5125
171.07	4.9
171.0725	15.4125
171.075	31.9125
171.0775	38.8875
171.08	26.51875
171.0825	8.15625
171.085	-2.2625
171.0875	-8.55625
171.09	-18.725
171.0925	-27.96875
171.095	-26.9375
171.0975	-19.63125
171.1	-11.61875
171.1025	-0.2875
171.105	13.425
171.1075	22.05
171.11	19.24375
171.1125	5.51875
171.115	-11.70625
171.1175	-21.91875
171.12	-19.5375
171.1225	-6.09375
171.125	11.475
171.1275	25.1625
171.13	27.54375
171.1325	15.06875
171.135	-1.14375
171.1375	-0.125
171.14	18.6375
171.1425	30.73125
171.145	24.875
171.1475	13.96875
171.15	7.1375
171.1525	2.5875
171.155	0.93125
171.1575	5.46875
171.16	14.90625
171.1625	23.4625
171.165	27.1125
171.1675	26.675
171.17	25.6
171.1725	27.45625
171.175	33.25
171.1775	38.48125
171.18	37.45625
171.1825	30.625
171.185	24
171.1875	23.23125
171.19	26.375
171.1925	25.3125
171.195	18.49375
171.1975	12.55
171.2	9.88125
171.2025	8.5125
171.205	8.5
171.2075	9.8125
171.21	11.2
171.2125	10.34375
171.215	6.04375
171.2175	2.34375
171.22	4.49375
171.2225	12.16875
171.225	24.3375
171.2275	36.5625
171.23	39.5875
171.2325	32.325
171.235	22.08125
171.2375	13.4125
171.24	6.48125
171.2425	0.48125
171.245	-5.4
171.2475	-7.61875
171.25	0.28125
171.2525	16.95
171.255	31.69375
171.2575	37.05625
171.26	35.8625
171.2625	31.5625
171.265	23.46875
171.2675	13.19375
171.27	4.1375
171.2725	1.00625
171.275	13.6125
171.2775	39.1875
171.28	52.88125
171.2825	38.575
171.285	10.30625
171.2875	-7.75625
171.29	-2.56875
171.2925	22.7875
171.295	47.09375
171.2975	52.90625
171.3	42.68125
171.3025	26.7
171.305	9.4375
171.3075	-3.50625
171.31	-5.6
171.3125	-0.4125
171.315	4.1625
171.3175	4.38125
171.32	1.2875
171.3225	-1.29375
171.325	1.21875
171.3275	9.06875
171.33	18.10625
171.3325	24.1875
171.335	25.96875
171.3375	26.76875
171.34	32.91875
171.3425	43.73125
171.345	49.61875
171.3475	44.93125
171.35	34.53125
171.3525	27.5625
171.355	27.575
171.3575	32.40625
171.36	35.45625
171.3625	26.4375
171.365	5.15625
171.3675	-12.25625
171.37	-13.9875
171.3725	-6.275
171.375	-0.50625
171.3775	-0.475
171.38	-0.39375
171.3825	6.25
171.385	18.925
171.3875	33.0375
171.39	44.21875
171.3925	48.90625
171.395	45.2875
171.3975	36.0625
171.4	25.23125
171.4025	13.28125
171.405	3.10625
171.4075	2.84375
171.41	11.78125
171.4125	18.6
171.415	17.26875
171.4175	10.3625
171.42	3.65
171.4225	1.875
171.425	4.0875
171.4275	9.8375
171.43	22.1875
171.4325	35.51875
171.435	41.325
171.4375	42.01875
171.44	40.5875
171.4425	34.50625
171.445	25.7875
171.4475	18.125
171.45	11.9875
171.4525	6.7875
171.455	4.0125
171.4575	7.35
171.46	12.81875
171.4625	10.63125
171.465	1.9625
171.4675	-2.125
171.47	2.21875
171.4725	10.63125
171.475	20.0375
171.4775	30.7125
171.48	41.71875
171.4825	49.675
171.485	51.6625
171.4875	48.7125
171.49	50.525
171.4925	67.38125
171.495	88.2375
171.4975	84.9875
171.5	50.1875
171.5025	9.34375
171.505	-11.55
171.5075	-9.99375
171.51	4.1375
171.5125	21.2
171.515	31.91875
171.5175	31.6375
171.52	26.1625
171.5225	26.80625
171.525	38.2125
171.5275	53.01875
171.53	59.8375
171.5325	53.31875
171.535	35.625
171.5375	13.075
171.54	-5.85
171.5425	-13.44375
171.545	-6.925
171.5475	9.6
171.55	25.60625
171.5525	31.31875
171.555	27.4875
171.5575	21.29375
171.56	15.8125
171.5625	12.13125
171.565	15.2625
171.5675	31.3625
171.57	54.76875
171.5725	71.55625
171.575	78.01875
171.5775	76.575
171.58	64.7375
171.5825	45.50625
171.585	27.7875
171.5875	14.4375
171.59	6.025
171.5925	5.7375
171.595	15.19375
171.5975	26.28125
171.6	30.15
171.6025	35.85
171.605	53.25625
171.6075	65.71875
171.61	53.75
171.6125	28.11875
171.615	14.01875
171.6175	18.18125
171.62	25.41875
171.6225	22.65
171.625	15.86875
171.6275	15.71875
171.63	22.21875
171.6325	32.8875
171.635	44.6875
171.6375	52.0375
171.64	51.89375
171.6425	46.4625
171.645	39.88125
171.6475	32.475
171.65	20.70625
171.6525	6.61875
171.655	1.175
171.6575	12.4125
171.66	36.73125
171.6625	55.725
171.665	49.3875
171.6675	19.23125
171.67	-11.9375
171.6725	-23.13125
171.675	-10.08125
171.6775	14.78125
171.68	32.34375
171.6825	32.6
171.685	21.3
171.6875	11.35
171.69	10.96875
171.6925	17.0125
171.695	23.01875
171.6975	28.5125
171.7	33.975
171.7025	38.4625
171.705	43.74375
171.7075	48.00625
171.71	46.3
171.7125	37.83125
171.715	25.85
171.7175	19.99375
171.72	28.3875
171.7225	42.41875
171.725	45.35
171.7275	32.14375
171.73	11.225
171.7325	-7.4
171.735	-18.49375
171.7375	-18.0875
171.74	-2.70625
171.7425	24.0125
171.745	47.31875
171.7475	51.09375
171.75	33.05625
171.7525	11.5875
171.755	2.81875
171.7575	2.40625
171.76	-0.5375
171.7625	-5.58125
171.765	-5.51875
171.7675	2.2875
171.77	16.31875
171.7725	30.16875
171.775	34.125
171.7775	25.225
171.78	10.56875
171.7825	0.6125
171.785	1.61875
171.7875	11.24375
171.79	23.3
171.7925	35.76875
171.795	47.08125
171.7975	50.16875
171.8	42.01875
171.8025	30.56875
171.805	22.48125
171.8075	13.15
171.81	-0.93125
171.8125	-13.5
171.815	-17.4625
171.8175	-12.25625
171.82	-1.69375
171.8225	9.95625
171.825	18.7125
171.8275	23.93125
171.83	30.6375
171.8325	40.43125
171.835	52.425
171.8375	66.71875
171.84	72.8125
171.8425	58.23125
171.845	30.3875
171.8475	5.5125
171.85	-8.49375
171.8525	-8.81875
171.855	2.0875
171.8575	14.975
171.86	24.23125
171.8625	33.39375
171.865	40.05
171.8675	35.55
171.87	22.14375
171.8725	9.2875
171.875	5.325
171.8775	17.5625
171.88	40.0625
171.8825	51.91875
171.885	42.7125
171.8875	22.18125
171.89	4
171.8925	-5.125
171.895	-7.09375
171.8975	-6.69375
171.9	-0.675
171.9025	12.9375
171.905	23.46875
171.9075	23.51875
171.91	19.6125
171.9125	14.89375
171.915	8.40625
171.9175	3.0625
171.92	-2.18125
171.9225	-5.53125
171.925	-0.15
171.9275	10.525
171.93	16.2875
171.9325	17.575
171.935	18.74375
171.9375	16.3875
171.94	8.0875
171.9425	-2.19375
171.945	-7.05
171.9475	0.49375
171.95	15.7875
171.9525	22.0875
171.955	14.5
171.9575	6.18125
171.96	4.03125
171.9625	4.94375
171.965	7.26875
171.9675	8.6875
171.97	3.75625
171.9725	-8.275
171.975	-21.6
171.9775	-29.625
171.98	-30.0375
171.9825	-24.74375
171.985	-19.275
171.9875	-19.7625
171.99	-23.1375
171.9925	-19.90625
171.995	-9.075
171.9975	-0.2375
172	1.6625
172.0025	4.35
172.005	14.525
172.0075	25.575
172.01	28.7125
172.0125	27.50625
172.015	29.7125
172.0175	34.00625
172.02	30.7625
172.0225	15.14375
172.025	-3.41875
172.0275	-11.45625
172.03	-7.25625
172.0325	1.15
172.035	9.2875
172.0375	15.36875
172.04	18.025
172.0425	17.8375
172.045	15.83125
172.0475	15.325
172.05	19.36875
172.0525	23.96875
172.055	23.03125
172.0575	21.21875
172.06	28.1625
172.0625	41.41875
172.065	46.575
172.0675	36.64375
172.07	18.36875
172.0725	-0.66875
172.075	-12.90625
172.0775	-11.5625
172.08	-2.94375
172.0825	0.2875
172.085	-1.825
172.0875	-0.65
172.09	4.98125
172.0925	9.98125
172.095	12.30625
172.0975	14.825
172.1	16.3625
172.1025	11.90625
172.105	4.39375
172.1075	-0.26875
172.11	-3.2875
172.1125	-7.5125
172.115	-12.275
172.1175	-15.15
172.12	-12.78125
172.1225	-4.69375
172.125	2.78125
172.1275	2.76875
172.13	-3.96875
172.1325	-8.75
172.135	-8.025
172.1375	-7.29375
172.14	-5.90625
172.1425	0.95625
172.145	8.05625
172.1475	7.175
172.15	4.33125
172.1525	12.5625
172.155	31.6375
172.1575	43.45
172.16	27.99375
172.1625	-9.25
172.165	-40.2625
172.1675	-47.525
172.17	-36.0125
172.1725	-18.29375
172.175	-4.41875
172.1775	0.625
172.18	5.00625
172.1825	15.06875
172.185	25.94375
172.1875	30.425
172.19	29.4875
172.1925	26.8875
172.195	15.03125
172.1975	-10.15
172.2	-34.0375
172.2025	-41.86875
172.205	-39.58125
172.2075	-31.56875
172.21	-13.025
172.2125	6.95625
172.215	11.88125
172.2175	-0.8875
172.22	-19.15
172.2225	-35.4125
172.225	-50.56875
172.2275	-64.1375
172.23	-72.39375
172.2325	-72.83125
172.235	-64.625
172.2375	-52.28125
172.24	-49.025
172.2425	-58.01875
172.245	-66.90625
172.2475	-70.7375
172.25	-76.6625
172.2525	-84.05
172.255	-84.525
172.2575	-77.8625
172.26	-69.4875
172.2625	-63.4125
172.265	-58.275
172.2675	-46.9125
172.27	-33.80625
172.2725	-36.05
172.275	-55.90625
172.2775	-76.86875
172.28	-86.68125
172.2825	-84.85625
172.285	-74.2
172.2875	-58.5875
172.29	-50.63125
172.2925	-61.2625
172.295	-80.43125
172.2975	-87.5375
172.3	-79.38125
172.3025	-65.84375
172.305	-44.94375
172.3075	-23.1125
172.31	-28.1125
172.3125	-61.73125
172.315	-89.325
172.3175	-96.6125
172.32	-96.7625
172.3225	-93.65625
172.325	-85.68125
172.3275	-76.48125
172.33	-69.75625
172.3325	-63.5
172.335	-54.49375
172.3375	-47.1875
172.34	-48.24375
172.3425	-55.41875
172.345	-60.075
172.3475	-57.90625
172.35	-51.75
172.3525	-41.9125
172.355	-23.15
172.3575	-3.69375
172.36	-4.30625
172.3625	-26.85
172.365	-55.6
172.3675	-83.3125
172.37	-103.9125
172.3725	-106.4125
172.375	-89.0375
172.3775	-61.3375
172.38	-36.0375
172.3825	-21.53125
172.385	-19.91875
172.3875	-27.35
172.39	-34.61875
172.3925	-37.0625
172.395	-41.23125
172.3975	-50.1
172.4	-54.66875
172.4025	-49.0125
172.405	-39.73125
172.4075	-36.66875
172.41	-42.25
172.4125	-49.94375
172.415	-50.975
172.4175	-44.04375
172.42	-37.03125
172.4225	-36.40625
172.425	-40.21875
172.4275	-41.90625
172.43	-37.53125
172.4325	-29.73125
172.435	-24.15
172.4375	-23.75625
172.44	-28.63125
172.4425	-37.3875
172.445	-46.58125
172.4475	-51.475
172.45	-47.20625
172.4525	-37.41875
172.455	-34.84375
172.4575	-42.55625
172.46	-49.1375
172.4625	-48.2
172.465	-45.21875
172.4675	-43.9
172.47	-41.075
172.4725	-31.21875
172.475	-14.81875
172.4775	0.58125
172.48	7.6
172.4825	1.84375
172.485	-11.85
172.4875	-16.20625
172.49	-8.5625
172.4925	-13.01875
172.495	-40.98125
172.4975	-75.75625
172.5	-99.58125
172.5025	-106.925
172.505	-99.2125
172.5075	-82.9
172.51	-64.65625
172.5125	-50.99375
172.515	-47.9125
172.5175	-51.21875
172.52	-48.94375
172.5225	-39.25
172.525	-32.50625
172.5275	-29.5875
172.53	-24.14375
172.5325	-22.8
172.535	-33.8375
172.5375	-48.65
172.54	-56.43125
172.5425	-57.96875
172.545	-56.4125
172.5475	-53.59375
172.55	-53.43125
172.5525	-58.56875
172.555	-61.59375
172.5575	-48.84375
172.56	-22.0875
172.5625	-2.19375
172.565	-2.93125
172.5675	-17.94375
172.57	-33.0125
172.5725	-35.5375
172.575	-16.88125
172.5775	10.61875
172.58	13.0875
172.5825	-21.11875
172.585	-62.83125
172.5875	-81.83125
172.59	-77.98125
172.5925	-67.08125
172.595	-60.09375
172.5975	-56.7875
172.6	-54.05625
172.6025	-51.775
172.605	-48.5
172.6075	-43.00625
172.61	-38.35625
172.6125	-39.30625
172.615	-46.34375
172.6175	-56.55625
172.62	-66.95625
172.6225	-75.225
172.625	-77.98125
172.6275	-68.9625
172.63	-51.2
172.6325	-49.7
172.635	-83.825
172.6375	-132.7125
172.64	-156.8438
172.6425	-148.325
172.645	-126.425
172.6475	-107.5
172.65	-105.3375
172.6525	-127.0312
172.655	-160.2125
172.6575	-186.0375
172.66	-196.7437
172.6625	-192.025
172.665	-181.8812
172.6675	-178.8687
172.67	-182.3625
172.6725	-182.4812
172.675	-176.125
172.6775	-172.2562
172.68	-177.2875
172.6825	-185.9
172.685	-191.9937
172.6875	-196.6625
172.69	-200.6562
172.6925	-200.7812
172.695	-197.5562
172.6975	-191.4625
172.7	-177.675
172.7025	-154.2
172.705	-126.3312
172.7075	-103.8062
172.71	-95.1875
172.7125	-100.7375
172.715	-111.9812
172.7175	-120.7875
172.72	-123.425
172.7225	-120.55
172.725	-114.5937
172.7275	-105.5437
172.73	-93.66875
172.7325	-82.0375
172.735	-71.85
172.7375	-60.14375
172.74	-46.7
172.7425	-34.23125
172.745	-19.06875
172.7475	0.86875
172.75	11.5875
172.7525	0.075
172.755	-22.45625
172.7575	-32.9
172.76	-26.50625
172.7625	-16.8125
172.765	-14.33125
172.7675	-17.79375
172.77	-21.8875
172.7725	-21.425
172.775	-11.89375
172.7775	4.625
172.78	17.94375
172.7825	23.18125
172.785	24.9875
172.7875	24.56875
172.79	19.225
172.7925	12.375
172.795	12.68125
172.7975	25.1125
172.8	44.45625
172.8025	57.03125
172.805	56.24375
172.8075	47.55
172.81	39.01875
172.8125	37.1375
172.815	44.16875
172.8175	51.99375
172.82	51.43125
172.8225	48.2875
172.825	50.73125
172.8275	53.49375
172.83	50.825
172.8325	48.0375
172.835	49.79375
172.8375	54.1625
172.84	61.01875
172.8425	71.55625
172.845	81.925
172.8475	84.65625
172.85	79.0875
172.8525	74.55
172.855	79.325
172.8575	88.5125
172.86	89.34375
172.8625	78.3375
172.865	62.6125
172.8675	52.49375
172.87	53.75
172.8725	60.2375
172.875	63.93125
172.8775	66.9
172.88	72.9625
172.8825	81.21875
172.885	85.9625
172.8875	78.075
172.89	62.16875
172.8925	56.3625
172.895	69.975
172.8975	95.01875
172.9	110.7875
172.9025	103.1937
172.905	84.5125
172.9075	73.26875
172.91	69.30625
172.9125	67.5
172.915	69.74375
172.9175	76.45
172.92	82.975
172.9225	87.3875
172.925	91.6625
172.9275	94.1625
172.93	89.425
172.9325	76.3375
172.935	62.63125
172.9375	57.8
172.94	64.8625
172.9425	78.84375
172.945	88.06875
172.9475	86.8875
172.95	82.81875
172.9525	80.15
172.955	72.00625
172.9575	59.59375
172.96	52.03125
172.9625	48.6375
172.965	45.5125
172.9675	40.78125
172.97	30.86875
172.9725	16.95
172.975	7.69375
172.9775	6.53125
172.98	5.19375
172.9825	-4.43125
172.985	-17.1875
172.9875	-23.85625
172.99	-25.4625
172.9925	-28.49375
172.995	-36.28125
172.9975	-49.4375
173	-64.79375
173.0025	-79.25
173.005	-90.93125
173.0075	-95.86875
173.01	-95.05
173.0125	-89.1375
173.015	-75.475
173.0175	-67.025
173.02	-79.9375
173.0225	-103.7812
173.025	-118.2125
173.0275	-114.1062
173.03	-95.21875
173.0325	-84.5875
173.035	-103.6625
173.0375	-140.0562
173.04	-164.8
173.0425	-166.2625
173.045	-154.5187
173.0475	-144.95
173.05	-137.9063
173.0525	-123.7937
173.055	-100.8437
173.0575	-75.30625
173.06	-50.5125
173.0625	-34.075
173.065	-33.0375
173.0675	-38.44375
173.07	-40.5875
173.0725	-39.8625
173.075	-35.38125
173.0775	-27.59375
173.08	-21.74375
173.0825	-16.3625
173.085	-6.15
173.0875	10.8
173.09	33.3
173.0925	52.075
173.095	53.61875
173.0975	34.0125
173.1	3.91875
173.1025	-18.9125
173.105	-22.65
173.1075	-9.60625
173.11	8.975
173.1125	24.525
173.115	33.3
173.1175	32.25625
173.12	25.00625
173.1225	24.19375
173.125	37.71875
173.1275	58.9625
173.13	74.75
173.1325	77.1375
173.135	66.41875
173.1375	52.1
173.14	45.06875
173.1425	48.36875
173.145	56.575
173.1475	60.1
173.15	54.79375
173.1525	48.84375
173.155	51.80625
173.1575	66.1
173.16	88.2875
173.1625	105.4625
173.165	104.2125
173.1675	86.7
173.17	66.74375
173.1725	54.4875
173.175	49.2875
173.1775	45.6
173.18	42.875
173.1825	43.40625
173.185	48.14375
173.1875	59.05
173.19	75.59375
173.1925	90.73125
173.195	96.7125
173.1975	92.58125
173.2	82.86875
173.2025	72.3625
173.205	66.2625
173.2075	65.575
173.21	63.6375
173.2125	60.36875
173.215	65.775
173.2175	76.46875
173.22	77.8
173.2225	69.275
173.225	63.6625
173.2275	71.2375
173.23	88.98125
173.2325	100.2437
173.235	93.0875
173.2375	76.1125
173.24	65.33125
173.2425	70.7375
173.245	90.5
173.2475	105.6687
173.25	98.60625
173.2525	76.18125
173.255	59.63125
173.2575	57.325
173.26	62.71875
173.2625	66.51875
173.265	68.975
173.2675	78.58125
173.27	92.84375
173.2725	98.71875
173.275	93.3625
173.2775	85.5625
173.28	74.6625
173.2825	54.725
173.285	31.83125
173.2875	19.29375
173.29	24.325
173.2925	42.3375
173.295	57.225
173.2975	55.79375
173.3	48.5
173.3025	52.2
173.305	63.93125
173.3075	75.225
173.31	88.5375
173.3125	101.4563
173.315	98.60625
173.3175	74.46875
173.32	47.825
173.3225	38.88125
173.325	45.51875
173.3275	56.625
173.33	70.15
173.3325	85.45
173.335	91.025
173.3375	78.56875
173.34	57.36875
173.3425	42.83125
173.345	38.25625
173.3475	40.4875
173.35	52.85
173.3525	70.10625
173.355	74.59375
173.3575	60.04375
173.36	41.33125
173.3625	30.825
173.365	26.875
173.3675	28.43125
173.37	37.33125
173.3725	53.5375
173.375	70.63125
173.3775	77.60625
173.38	69.75
173.3825	54.40625
173.385	40.94375
173.3875	34.01875
173.39	37.24375
173.3925	49.74375
173.395	61.86875
173.3975	60.15
173.4	42.025
173.4025	20.99375
173.405	10.55625
173.4075	14.23125
173.41	30.3625
173.4125	51.96875
173.415	64.00625
173.4175	57.59375
173.42	43.15625
173.4225	40.375
173.425	57.2125
173.4275	81.225
173.43	91.3
173.4325	78.925
173.435	55.8
173.4375	35.8
173.44	22.09375
173.4425	12.23125
173.445	7.26875
173.4475	8.8625
173.45	15.46875
173.4525	27.50625
173.455	46.21875
173.4575	68.825
173.46	87.08125
173.4625	89.05625
173.465	69.98125
173.4675	42.8625
173.47	25.675
173.4725	22.91875
173.475	27.45
173.4775	34.3
173.48	41.53125
173.4825	43.6625
173.485	40.7375
173.4875	39.7125
173.49	42.0125
173.4925	44.925
173.495	43.90625
173.4975	33.98125
173.5	20.91875
173.5025	16.23125
173.505	21.55625
173.5075	30.33125
173.51	35.54375
173.5125	34.98125
173.515	32.56875
173.5175	31.68125
173.52	38.99375
173.5225	57.3
173.525	69.1375
173.5275	55.4
173.53	23.55
173.5325	-2.16875
173.535	-11.40625
173.5375	-10.1125
173.54	-4.0625
173.5425	5.19375
173.545	14.6375
173.5475	20.61875
173.55	25.14375
173.5525	34.35625
173.555	50.99375
173.5575	61.45625
173.56	46.9125
173.5625	11.8625
173.565	-19.9625
173.5675	-33.7
173.57	-32.6875
173.5725	-25.2125
173.575	-15.6375
173.5775	-5.5125
173.58	3.94375
173.5825	9.9
173.585	8.225
173.5875	1.23125
173.59	-0.04375
173.5925	8.85
173.595	20.70625
173.5975	29.50625
173.6	35.63125
173.6025	37.80625
173.605	33.06875
173.6075	28.95
173.61	34.73125
173.6125	41.73125
173.615	35.46875
173.6175	21.28125
173.62	12.6
173.6225	10.46875
173.625	13.79375
173.6275	27.0375
173.63	45.19375
173.6325	50.225
173.635	34.9875
173.6375	14.1375
173.64	7.13125
173.6425	18.31875
173.645	31.675
173.6475	29.2625
173.65	11.4375
173.6525	-6.6375
173.655	-11.6625
173.6575	-1.45
173.66	10.65
173.6625	8.4375
173.665	-2.38125
173.6675	-1.575
173.67	12.6
173.6725	23.68125
173.675	21.8375
173.6775	9.84375
173.68	-2.13125
173.6825	-3.98125
173.685	2.78125
173.6875	7.84375
173.69	7.53125
173.6925	6.4875
173.695	7.125
173.6975	6.1875
173.7	0.41875
173.7025	-6.0875
173.705	-3.5625
173.7075	9.98125
173.71	22.63125
173.7125	23.075
173.715	11.79375
173.7175	-7.325
173.72	-26.19375
173.7225	-31.11875
173.725	-20
173.7275	-7.81875
173.73	-5.85625
173.7325	-12.51875
173.735	-20.86875
173.7375	-20.46875
173.74	-6.625
173.7425	10.625
173.745	21.65625
173.7475	28.45625
173.75	30.26875
173.7525	22.975
173.755	11.125
173.7575	2.95
173.76	-1.05625
173.7625	-2.70625
173.765	1.51875
173.7675	8.925
173.77	8.70625
173.7725	-0.9875
173.775	-11.08125
173.7775	-17.3875
173.78	-17.775
173.7825	-10.06875
173.785	1.675
173.7875	14.40625
173.79	25.3375
173.7925	25.71875
173.795	13.16875
173.7975	-3.7125
173.8	-21.6875
173.8025	-37.45625
173.805	-42.76875
173.8075	-38.24375
173.81	-32.45
173.8125	-28.61875
173.815	-26.3875
173.8175	-21.7625
173.82	-8.31875
173.8225	8.2375
173.825	14.85625
173.8275	9.14375
173.83	2.6375
173.8325	3.10625
173.835	2.65
173.8375	-10.125
173.84	-26.56875
173.8425	-28.15
173.845	-17.25625
173.8475	-9.95625
173.85	-10.54375
173.8525	-7.48125
173.855	7.3
173.8575	26.79375
173.86	38.8375
173.8625	37.38125
173.865	21.2875
173.8675	-1.1375
173.87	-15.10625
173.8725	-19.2875
173.875	-19.1875
173.8775	-10.9875
173.88	2.45
173.8825	3.83125
173.885	-11.675
173.8875	-28.10625
173.89	-31.5875
173.8925	-22.65625
173.895	-11.225
173.8975	-7.2875
173.9	-11.2125
173.9025	-15.4625
173.905	-14.13125
173.9075	-5.425
173.91	7.275
173.9125	13.4375
173.915	5.3875
173.9175	-7.65625
173.92	-8.05625
173.9225	5.49375
173.925	17.31875
173.9275	14.9375
173.93	-0.7875
173.9325	-20.81875
173.935	-34.10625
173.9375	-34.7
173.94	-24.31875
173.9425	-9.01875
173.945	3.5375
173.9475	9.8375
173.95	11.78125
173.9525	11.34375
173.955	6.3125
173.9575	-2.85625
173.96	-8.63125
173.9625	-6.0875
173.965	1.4
173.9675	10.25625
173.97	18.175
173.9725	20.99375
173.975	17.41875
173.9775	12.05625
173.98	9.8125
173.9825	9.94375
173.985	10.84375
173.9875	13.66875
173.99	17.525
173.9925	18.43125
173.995	15.475
173.9975	12.175
174	12.21875
174.0025	12.94375
174.005	11.5125
174.0075	12.7375
174.01	17.2125
174.0125	17.71875
174.015	15.875
174.0175	18.9375
174.02	24.59375
174.0225	24.80625
174.025	15.61875
174.0275	-0.79375
174.03	-19.38125
174.0325	-32.6875
174.035	-34.3875
174.0375	-27.38125
174.04	-18.99375
174.0425	-10.01875
174.045	4.61875
174.0475	24.05
174.05	34.11875
174.0525	23.46875
174.055	2.8375
174.0575	-9.3125
174.06	-11.91875
174.0625	-13.95
174.065	-16.0375
174.0675	-9.28125
174.07	9.15
174.0725	26.7875
174.075	30.89375
174.0775	22.3625
174.08	9.8125
174.0825	0.2875
174.085	-2.61875
174.0875	-0.2
174.09	3.75625
174.0925	8.74375
174.095	14.2625
174.0975	16.16875
174.1	14.4
174.1025	17.15625
174.105	30.0625
174.1075	46.06875
174.11	54.05
174.1125	50.85625
174.115	38.89375
174.1175	21.28125
174.12	7.34375
174.1225	3.70625
174.125	4.025
174.1275	1.725
174.13	-1.85625
174.1325	-4.7625
174.135	-4.88125
174.1375	-0.175
174.14	5.1625
174.1425	10.5625
174.145	14.0375
174.1475	6.70625
174.15	-8.65625
174.1525	-14.9875
174.155	-3.95
174.1575	14.83125
174.16	26.61875
174.1625	21.51875
174.165	1.925
174.1675	-20.69375
174.17	-35.11875
174.1725	-37.4625
174.175	-30.55625
174.1775	-18.2875
174.18	-4.75625
174.1825	7.475
174.185	15.05
174.1875	14.50625
174.19	9.375
174.1925	6.7875
174.195	6.59375
174.1975	1.275
174.2	-12.24375
174.2025	-25.875
174.205	-29.41875
174.2075	-16.79375
174.21	8.55625
174.2125	27.96875
174.215	24.95
174.2175	9.00625
174.22	0.54375
174.2225	0.275
174.225	-3.55
174.2275	-13.3375
174.23	-20.675
174.2325	-18.5125
174.235	-8.1125
174.2375	2.675
174.24	5.5
174.2425	-1.1375
174.245	-8.525
174.2475	-7.20625
174.25	-2.525
174.2525	-6.0375
174.255	-15.0125
174.2575	-18.1625
174.26	-12.9125
174.2625	-4.68125
174.265	0.45625
174.2675	-0.89375
174.27	-4.5875
174.2725	-3.93125
174.275	-0.84375
174.2775	-0.6625
174.28	-3.825
174.2825	-7.675
174.285	-7.99375
174.2875	-3.5875
174.29	1.7375
174.2925	7.78125
174.295	13.43125
174.2975	10.70625
174.3	-0.88125
174.3025	-13.15
174.305	-22.45625
174.3075	-27.29375
174.31	-26.23125
174.3125	-24.0375
174.315	-24.71875
174.3175	-21.99375
174.32	-7.94375
174.3225	14.1
174.325	30.5875
174.3275	32.23125
174.33	21.93125
174.3325	8.74375
174.335	2.8
174.3375	7.7875
174.34	16.54375
174.3425	21.4
174.345	18.8
174.3475	4.33125
174.35	-18.075
174.3525	-31.86875
174.355	-28.48125
174.3575	-16.13125
174.36	-3.66875
174.3625	6.0375
174.365	15.44375
174.3675	27.83125
174.37	39.15
174.3725	43.14375
174.375	41.0375
174.3775	33.60625
174.38	18.4625
174.3825	0.9
174.385	-12.4
174.3875	-22.33125
174.39	-29.58125
174.3925	-27.35625
174.395	-14.3875
174.3975	-4.4875
174.4	-8.025
174.4025	-17.23125
174.405	-18.20625
174.4075	-6.1875
174.41	11.975
174.4125	20.95
174.415	11.89375
174.4175	-5.3375
174.42	-16.8875
174.4225	-20.875
174.425	-20.19375
174.4275	-15.29375
174.43	-8.5125
174.4325	-3.94375
174.435	-2.30625
174.4375	-0.29375
174.44	5.325
174.4425	16.2625
174.445	29.1
174.4475	36.6875
174.45	34.59375
174.4525	22.39375
174.455	3.39375
174.4575	-14.725
174.46	-25.19375
174.4625	-28.69375
174.465	-27.8
174.4675	-24.04375
174.47	-17.45625
174.4725	-7.9375
174.475	-0.3875
174.4775	-0.93125
174.48	-6.8125
174.4825	-6.18125
174.485	6.9375
174.4875	24.74375
174.49	34.0875
174.4925	31.09375
174.495	21.93125
174.4975	12.83125
174.5	9.3625
174.5025	12.9875
174.505	17.6125
174.5075	20.05
174.51	19.6375
174.5125	9.95625
174.515	-9.71875
174.5175	-25.7875
174.52	-27.4875
174.5225	-15.48125
174.525	1.89375
174.5275	14.46875
174.53	18.025
174.5325	15.31875
174.535	13.1875
174.5375	17.53125
174.54	31.19375
174.5425	50.225
174.545	59.80625
174.5475	46.23125
174.55	16.06875
174.5525	-12.2
174.555	-26.08125
174.5575	-21.56875
174.56	-6.8375
174.5625	0.4875
174.565	-5.125
174.5675	-10.275
174.57	-3
174.5725	10.925
174.575	20.975
174.5775	26.45
174.58	26.96875
174.5825	19.58125
174.585	8.48125
174.5875	1.5
174.59	-0.71875
174.5925	-0.25
174.595	2.475
174.5975	3.575
174.6	-1.5125
174.6025	-7.3625
174.605	-4.80625
174.6075	2.95
174.61	7.2625
174.6125	8.15625
174.615	10.55625
174.6175	14.7875
174.62	18.25625
174.6225	19.0625
174.625	14.025
174.6275	1.5
174.63	-13.64375
174.6325	-23.225
174.635	-23.6625
174.6375	-15.1
174.64	-1.175
174.6425	8.94375
174.645	8.875
174.6475	4.0125
174.65	4.25625
174.6525	9.54375
174.655	13.9
174.6575	17.69375
174.66	27.09375
174.6625	39.39375
174.665	40.21875
174.6675	24.5625
174.67	3.46875
174.6725	-15.13125
174.675	-31.89375
174.6775	-43.15
174.68	-45.48125
174.6825	-40.48125
174.685	-26.00625
174.6875	-1.46875
174.69	22.275
174.6925	31.8
174.695	23.3375
174.6975	4.28125
174.7	-11.4625
174.7025	-15.40625
174.705	-10.6125
174.7075	-2.325
174.71	9.26875
174.7125	23.48125
174.715	33.56875
174.7175	31.1125
174.72	15.8125
174.7225	-0.91875
174.725	-9.1
174.7275	-9.4125
174.73	-5.7625
174.7325	-1.90625
174.735	-1.6
174.7375	-3.01875
174.74	-2.05625
174.7425	1.86875
174.745	7.30625
174.7475	12.30625
174.75	16.75625
174.7525	23.7375
174.755	32.44375
174.7575	37.09375
174.76	33.08125
174.7625	18.81875
174.765	-0.3625
174.7675	-12.1625
174.77	-10.76875
174.7725	-3.475
174.775	4.99375
174.7775	16.59375
174.78	27.45
174.7825	28.5
174.785	21.7625
174.7875	19.60625
174.79	24.675
174.7925	26.8375
174.795	21.31875
174.7975	11.51875
174.8	-0.01875
174.8025	-9.11875
174.805	-11.225
174.8075	-7.78125
174.81	-2.85625
174.8125	-1.0125
174.815	-6.425
174.8175	-15.925
174.82	-20.45
174.8225	-12.43125
174.825	5.65
174.8275	21.1
174.83	23.23125
174.8325	13.85625
174.835	0.4875
174.8375	-9.53125
174.84	-10.3875
174.8425	-4.8
174.845	-0.0875
174.8475	2.525
174.85	2.6125
174.8525	-3.51875
174.855	-9.78125
174.8575	-5.44375
174.86	4.88125
174.8625	6.18125
174.865	-4.0625
174.8675	-11.6625
174.87	-4.875
174.8725	8.26875
174.875	10.4875
174.8775	0.03125
174.88	-11.28125
174.8825	-16.88125
174.885	-17.50625
174.8875	-14.11875
174.89	-7.35625
174.8925	-0.6875
174.895	1.74375
174.8975	-1.325
174.9	-7.04375
174.9025	-8.58125
174.905	-0.26875
174.9075	15.28125
174.91	23.69375
174.9125	14.84375
174.915	-3.38125
174.9175	-14.83125
174.92	-16.95625
174.9225	-16.575
174.925	-14.40625
174.9275	-12.4375
174.93	-15.45625
174.9325	-20.8625
174.935	-19.20625
174.9375	-7
174.94	12.55625
174.9425	29.825
174.945	31.575
174.9475	14.76875
174.95	-7.39375
174.9525	-19.39375
174.955	-16.25625
174.9575	-3.425
174.96	8.4
174.9625	12.76875
174.965	9.94375
174.9675	2.4875
174.97	-5.56875
174.9725	-8.3375
174.975	-5.16875
174.9775	0.275
174.98	5.425
174.9825	9.6
174.985	10.9625
174.9875	8.85625
174.99	7.975
174.9925	9.23125
174.995	5.375
174.9975	-8.59375
175	-21.24375
175.0025	-16.79375
175.005	2.15
175.0075	17.81875
175.01	16.0625
175.0125	-1.26875
175.015	-21.05625
175.0175	-33.2625
175.02	-37.95625
175.0225	-35.475
175.025	-26.7875
175.0275	-18.8
175.03	-12.725
175.0325	-6.4625
175.035	-4.5375
175.0375	-10.575
175.04	-19.3
175.0425	-22.70625
175.045	-19.15625
175.0475	-13.73125
175.05	-11.86875
175.0525	-14.5
175.055	-19.1625
175.0575	-21.56875
175.06	-16.325
175.0625	-5.20625
175.065	-0.84375
175.0675	-10.2875
175.07	-22.64375
175.0725	-23.85
175.075	-16.575
175.0775	-9.5
175.08	-5.825
175.0825	-6.23125
175.085	-8.08125
175.0875	-7.68125
175.09	-6.15625
175.0925	-7.98125
175.095	-11.725
175.0975	-12.89375
175.1	-12.45625
175.1025	-12.85625
175.105	-11.0625
175.1075	-1.89375
175.11	10.41875
175.1125	13.9875
175.115	2.775
175.1175	-14.3
175.12	-24.83125
175.1225	-27.55
175.125	-26.06875
175.1275	-23.46875
175.13	-22.11875
175.1325	-21.93125
175.135	-21.38125
175.1375	-18.0375
175.14	-10.1375
175.1425	-3.15625
175.145	-3.78125
175.1475	-9.5375
175.15	-15.05625
175.1525	-18.85
175.155	-19.43125
175.1575	-13.76875
175.16	-2.25625
175.1625	8.2375
175.165	10.4375
175.1675	3.375
175.17	-7.53125
175.1725	-16.45
175.175	-22.26875
175.1775	-26.8
175.18	-27.925
175.1825	-23.8625
175.185	-20.08125
175.1875	-19.9625
175.19	-15.3
175.1925	-2.10625
175.195	7.7125
175.1975	7.9125
175.2	4.15
175.2025	-3.3125
175.205	-16.075
175.2075	-28.00625
175.21	-33.925
175.2125	-34.23125
175.215	-29.95625
175.2175	-18.3
175.22	1.0875
175.2225	16.0125
175.225	15.28125
175.2275	2.30625
175.23	-16.86875
175.2325	-37.7
175.235	-50.075
175.2375	-47.51875
175.24	-35.09375
175.2425	-22.54375
175.245	-16.4375
175.2475	-16.36875
175.25	-17.09375
175.2525	-14.19375
175.255	-9.4625
175.2575	-4.60625
175.26	5.24375
175.2625	15.3625
175.265	9.00625
175.2675	-14.5875
175.27	-37.08125
175.2725	-46.275
175.275	-41.86875
175.2775	-29.99375
175.28	-19.7
175.2825	-15.525
175.285	-13.8875
175.2875	-8.525
175.29	-0.43125
175.2925	4.29375
175.295	5.90625
175.2975	7.1625
175.3	4.18125
175.3025	-4.74375
175.305	-14.53125
175.3075	-21.15
175.31	-25.30625
175.3125	-26.6375
175.315	-23.5125
175.3175	-18.19375
175.32	-11.26875
175.3225	0.69375
175.325	14.7375
175.3275	20.51875
175.33	14.25
175.3325	4.9125
175.335	3.95625
175.3375	12.225
175.34	18.275
175.3425	13.61875
175.345	0.80625
175.3475	-15.68125
175.35	-32.5375
175.3525	-42.04375
175.355	-39.45625
175.3575	-30.85625
175.36	-20.0375
175.3625	-4.4125
175.365	9.925
175.3675	12.55625
175.37	5.9875
175.3725	-0.84375
175.375	-4.59375
175.3775	-2.49375
175.38	4.46875
175.3825	6.0375
175.385	-2.4875
175.3875	-15.28125
175.39	-27.175
175.3925	-37.975
175.395	-47.5375
175.3975	-53.4375
175.4	-52.3875
175.4025	-43.0375
175.405	-23.39375
175.4075	4.875
175.41	26.08125
175.4125	25.09375
175.415	7.54375
175.4175	-6.49375
175.42	-4.175
175.4225	9.69375
175.425	17.39375
175.4275	6.45625
175.43	-17.8125
175.4325	-38.8625
175.435	-44.3125
175.4375	-36.99375
175.44	-25.15
175.4425	-9.89375
175.445	8.33125
175.4475	25.01875
175.45	42.58125
175.4525	59.96875
175.455	59.74375
175.4575	34.05625
175.46	-0.54375
175.4625	-27.45
175.465	-44.74375
175.4675	-54.9875
175.47	-58.5875
175.4725	-53.7375
175.475	-42.3125
175.4775	-32.05
175.48	-27.2
175.4825	-21.4375
175.485	-3.46875
175.4875	24.65
175.49	45.425
175.4925	45.6875
175.495	25.53125
175.4975	-6.4125
175.5	-35.425
175.5025	-49.775
175.505	-51.825
175.5075	-49.2625
175.51	-44.48125
175.5125	-36.64375
175.515	-27.23125
175.5175	-21.55
175.52	-21.13125
175.5225	-17.6375
175.525	-2.76875
175.5275	16.8375
175.53	27.2875
175.5325	22.55625
175.535	6.65625
175.5375	-11.1125
175.54	-24.64375
175.5425	-32.35
175.545	-32.4375
175.5475	-27.70625
175.55	-23.38125
175.5525	-14.76875
175.555	5.4375
175.5575	30.59375
175.56	43.5875
175.5625	31.925
175.565	-1.325
175.5675	-39.7375
175.57	-65.9625
175.5725	-70.4375
175.575	-57.2625
175.5775	-41.13125
175.58	-33.75
175.5825	-34.2375
175.585	-32.06875
175.5875	-15.625
175.59	13.85
175.5925	36.14375
175.595	31.1125
175.5975	3.3125
175.6	-24.175
175.6025	-34.85625
175.605	-29.825
175.6075	-19.79375
175.61	-12.94375
175.6125	-14.0875
175.615	-21.2375
175.6175	-20.80625
175.62	-4.66875
175.6225	17.2
175.625	31.23125
175.6275	30.0375
175.63	13.18125
175.6325	-10.325
175.635	-29.0875
175.6375	-35.775
175.64	-27.275
175.6425	-8.78125
175.645	8.3375
175.6475	14.525
175.65	5.4
175.6525	-16.26875
175.655	-38.6125
175.6575	-49.19375
175.66	-45.41875
175.6625	-34.68125
175.665	-24.86875
175.6675	-19.38125
175.67	-18.5125
175.6725	-18.8375
175.675	-14.6
175.6775	-4.53125
175.68	6.5375
175.6825	13.05625
175.685	11.86875
175.6875	7.1125
175.69	6.46875
175.6925	11.2625
175.695	14.525
175.6975	9.34375
175.7	-2.40625
175.7025	-12.05
175.705	-16.2
175.7075	-18.81875
175.71	-18.49375
175.7125	-11.91875
175.715	-2.9625
175.7175	1.85625
175.72	0.00625
175.7225	-5.29375
175.725	-6.20625
175.7275	-0.4125
175.73	1.9125
175.7325	-6.8
175.735	-19.1375
175.7375	-23.98125
175.74	-18.225
175.7425	-3.20625
175.745	15.725
175.7475	27.10625
175.75	23.8
175.7525	13.2875
175.755	6.26875
175.7575	2.55625
175.76	-3.14375
175.7625	-8.05625
175.765	-4.64375
175.7675	5.6625
175.77	15.38125
175.7725	23.4625
175.775	30.725
175.7775	30.64375
175.78	18.95
175.7825	3.66875
175.785	-2.7
175.7875	2.425
175.79	8.875
175.7925	5.38125
175.795	-6.63125
175.7975	-16.74375
175.8	-17.05
175.8025	-3.86875
175.805	20.2125
175.8075	43.4125
175.81	50.08125
175.8125	34.3625
175.815	5.425
175.8175	-21.3625
175.82	-35.9125
175.8225	-35.725
175.825	-25.3125
175.8275	-13.71875
175.83	-3.6875
175.8325	5.475
175.835	9.5
175.8375	7.64375
175.84	6.9875
175.8425	6.35625
175.845	-1.575
175.8475	-11.55
175.85	-11.09375
175.8525	0.275
175.855	10.9
175.8575	10.76875
175.86	-0.04375
175.8625	-14.13125
175.865	-28.09375
175.8675	-39.35
175.87	-39.10625
175.8725	-25.5875
175.875	-9.4125
175.8775	-1.0125
175.88	-1.48125
175.8825	-5.73125
175.885	-10.94375
175.8875	-17.6125
175.89	-22.9
175.8925	-22.2375
175.895	-17.6
175.8975	-12.3125
175.9	-8.31875
175.9025	-8.59375
175.905	-13.8375
175.9075	-19.3875
175.91	-19.6875
175.9125	-16.03125
175.915	-11.81875
175.9175	-4.25
175.92	3.975
175.9225	5.23125
175.925	3.99375
175.9275	3.03125
175.93	-9.375
175.9325	-33.16875
175.935	-50.7125
175.9375	-52.98125
175.94	-42.84375
175.9425	-26.6
175.945	-11.2
175.9475	-2.2
175.95	-2.325
175.9525	-7.9125
175.955	-10.1875
175.9575	-1.9375
175.96	13.24375
175.9625	21.3
175.965	16.48125
175.9675	6.98125
175.97	-2.84375
175.9725	-16.575
175.975	-31.01875
175.9775	-40.46875
175.98	-45.575
175.9825	-47.05
175.985	-40.78125
175.9875	-22.38125
175.99	3.3875
175.9925	26.03125
175.995	39.25625
175.9975	39.01875
176	22.2
176.0025	-5.15
176.005	-30.4375
176.0075	-44.33125
176.01	-41.95
176.0125	-25.9
176.015	-7.8875
176.0175	0.91875
176.02	0.00625
176.0225	-2.225
176.025	1.4125
176.0275	9.85625
176.03	18.1625
176.0325	22.88125
176.035	22.51875
176.0375	16.825
176.04	7.375
176.0425	-2.86875
176.045	-11.59375
176.0475	-19.775
176.05	-28.31875
176.0525	-30.2625
176.055	-20.375
176.0575	-6.8125
176.06	1.80625
176.0625	7.04375
176.065	11.175
176.0675	14.54375
176.07	18.54375
176.0725	22.575
176.075	23.38125
176.0775	18.89375
176.08	8.1625
176.0825	-8.575
176.085	-24.975
176.0875	-32.39375
176.09	-28.05
176.0925	-16.39375
176.095	-3.96875
176.0975	5.0375
176.1	10.15625
176.1025	11.5125
176.105	11.125
176.1075	17.89375
176.11	32.975
176.1125	39.65625
176.115	22.975
176.1175	-8.56875
176.12	-32.3125
176.1225	-35.98125
176.125	-26.825
176.1275	-16.6375
176.13	-7.4375
176.1325	-0.74375
176.135	-0.425
176.1375	-3.34375
176.14	-3.25625
176.1425	0.88125
176.145	7.675
176.1475	15.1
176.15	20.7625
176.1525	21.86875
176.155	20.54375
176.1575	23.20625
176.16	23.1375
176.1625	6.70625
176.165	-21.575
176.1675	-44.75
176.17	-54.1
176.1725	-48.29375
176.175	-32.41875
176.1775	-17.8625
176.18	-10.76875
176.1825	-5.80625
176.185	2.675
176.1875	11.9375
176.19	18.3
176.1925	20.84375
176.195	19.175
176.1975	16.7375
176.2	14.55
176.2025	4.4875
176.205	-12.88125
176.2075	-22.46875
176.21	-20.10625
176.2125	-18.125
176.215	-23.2375
176.2175	-28.48125
176.22	-24.80625
176.2225	-15.275
176.225	-10.7375
176.2275	-9.3375
176.23	-0.8625
176.2325	12.08125
176.235	18.325
176.2375	13.1375
176.24	-0.8875
176.2425	-17.875
176.245	-28.18125
176.2475	-23.5
176.25	-7.6375
176.2525	6.025
176.255	12.16875
176.2575	13.71875
176.26	8.05625
176.2625	-2.9625
176.265	-8.775
176.2675	-9.65625
176.27	-17.45
176.2725	-30.9875
176.275	-37.90625
176.2775	-37.75625
176.28	-41.3375
176.2825	-51.65
176.285	-59.1625
176.2875	-56.35
176.29	-46.90625
176.2925	-37.00625
176.295	-26.24375
176.2975	-15.9875
176.3	-13.48125
176.3025	-18.9875
176.305	-23.68125
176.3075	-23.275
176.31	-21.2625
176.3125	-22.54375
176.315	-23.9125
176.3175	-17.025
176.32	-5.5
176.3225	-2.66875
176.325	-11.7625
176.3275	-24.6
176.33	-34.44375
176.3325	-35.43125
176.335	-24.38125
176.3375	-9.41875
176.34	-1.425
176.3425	-1.14375
176.345	-3.9125
176.3475	-8.69375
176.35	-10.575
176.3525	0.99375
176.355	23.70625
176.3575	39.8125
176.36	35.45
176.3625	9.7375
176.365	-24.95625
176.3675	-46.125
176.37	-39.975
176.3725	-16.81875
176.375	3.75
176.3775	9.875
176.38	1.2
176.3825	-10.3125
176.385	-11.44375
176.3875	-1.66875
176.39	7.3
176.3925	4.55
176.395	-11.3375
176.3975	-30.06875
176.4	-37.5625
176.4025	-32.3875
176.405	-21.875
176.4075	-9.04375
176.41	4.625
176.4125	11.48125
176.415	4.56875
176.4175	-11.5875
176.42	-24.31875
176.4225	-24.33125
176.425	-15.225
176.4275	-4.8125
176.43	4.3375
176.4325	11.6875
176.435	17.44375
176.4375	23.125
176.44	26.64375
176.4425	22.88125
176.445	12.5625
176.4475	-0.26875
176.45	-11.8375
176.4525	-18.0375
176.455	-18.0125
176.4575	-17.35
176.46	-20.4
176.4625	-25.15625
176.465	-25.7125
176.4675	-15.45
176.47	5.3375
176.4725	25.36875
176.475	30.91875
176.4775	18.8625
176.48	-1.73125
176.4825	-19.23125
176.485	-27.9125
176.4875	-28.81875
176.49	-26.66875
176.4925	-23.125
176.495	-16.9625
176.4975	-8.63125
176.5	-0.70625
176.5025	2.1125
176.505	-1.2625
176.5075	-6.2125
176.51	-10.94375
176.5125	-13.925
176.515	-9.4625
176.5175	-2.51875
176.52	-4.9125
176.5225	-14.3125
176.525	-19.80625
176.5275	-19.43125
176.53	-20.91875
176.5325	-26.15625
176.535	-26.80625
176.5375	-17.075
176.54	-0.50625
176.5425	15.225
176.545	21.4375
176.5475	13.275
176.55	-3.3
176.5525	-14.08125
176.555	-8.925
176.5575	7.78125
176.56	23.225
176.5625	29.04375
176.565	25.75
176.5675	22.375
176.57	27.34375
176.5725	35.54375
176.575	32.05625
176.5775	11.96875
176.58	-11.01875
176.5825	-22.35625
176.585	-21.375
176.5875	-13.51875
176.59	-1.38125
176.5925	11.65
176.595	21.1625
176.5975	25.88125
176.6	28.0875
176.6025	30.7875
176.605	35.425
176.6075	40.2625
176.61	39.2
176.6125	27.63125
176.615	12.34375
176.6175	6.74375
176.62	16.29375
176.6225	33.71875
176.625	43.2375
176.6275	34.975
176.63	17.8625
176.6325	9.26875
176.635	12.4
176.6375	16.68125
176.64	16.25
176.6425	13.94375
176.645	10.79375
176.6475	6
176.65	3.10625
176.6525	3.09375
176.655	4.98125
176.6575	9.875
176.66	15.80625
176.6625	16.89375
176.665	9.7125
176.6675	-1.4625
176.67	-7.3875
176.6725	-1.0125
176.675	16.33125
176.6775	34.6
176.68	40.025
176.6825	31.9875
176.685	22.2625
176.6875	14.9875
176.69	7.58125
176.6925	1.61875
176.695	-1.24375
176.6975	-2.90625
176.7	-0.74375
176.7025	8.25625
176.705	20.875
176.7075	38.63125
176.71	61.19375
176.7125	70.2125
176.715	51.8
176.7175	18.89375
176.72	-6.5125
176.7225	-14.4375
176.725	-9.40625
176.7275	-3.875
176.73	-5.05
176.7325	-11.2125
176.735	-16.90625
176.7375	-18.24375
176.74	-14.29375
176.7425	-5.6375
176.745	2.31875
176.7475	3.35
176.75	5.8125
176.7525	21.61875
176.755	44.925
176.7575	59.4375
176.76	54.86875
176.7625	31.425
176.765	-0.525
176.7675	-24.45625
176.77	-31
176.7725	-21.425
176.775	-3.5
176.7775	14.88125
176.78	29.9375
176.7825	40.04375
176.785	43.63125
176.7875	40.18125
176.79	32.175
176.7925	23.45625
176.795	18.1
176.7975	15.875
176.8	11.83125
176.8025	6.83125
176.805	9.41875
176.8075	21.98125
176.81	33.1625
176.8125	28.85
176.815	7.89375
176.8175	-13.71875
176.82	-18.6
176.8225	-7.23125
176.825	4.6875
176.8275	6.81875
176.83	-0.16875
176.8325	-11.54375
176.835	-19.49375
176.8375	-13.3125
176.84	9.775
176.8425	34.74375
176.845	40.26875
176.8475	25.66875
176.85	11.125
176.8525	7.7375
176.855	10.75
176.8575	15.725
176.86	20.9875
176.8625	22.65625
176.865	18.6375
176.8675	10.4875
176.87	-0.3875
176.8725	-12.45
176.875	-22.3375
176.8775	-26.79375
176.88	-24.95
176.8825	-16.69375
176.885	-4.68125
176.8875	7.66875
176.89	19.5875
176.8925	28.53125
176.895	32.24375
176.8975	31.41875
176.9	26.03125
176.9025	16.5125
176.905	6.8125
176.9075	-0.9875
176.91	-7.4
176.9125	-12.65625
176.915	-15.21875
176.9175	-10.24375
176.92	0.7
176.9225	10.70625
176.925	17.79375
176.9275	27.7375
176.93	40.9
176.9325	42.99375
176.935	25.39375
176.9375	0.05
176.94	-17.94375
176.9425	-24.775
176.945	-19.0125
176.9475	-6.80625
176.95	-0.7375
176.9525	-3.2875
176.955	-8.24375
176.9575	-12.79375
176.96	-17.2125
176.9625	-18.1875
176.965	-11.8375
176.9675	0.66875
176.97	12.03125
176.9725	17.19375
176.975	18.41875
176.9775	18.19375
176.98	16.5875
176.9825	15.26875
176.985	16.24375
176.9875	19.94375
176.99	22.8375
176.9925	16.78125
176.995	-0.78125
176.9975	-22.3375
177	-38.83125
177.0025	-44.625
177.005	-37.0875
177.0075	-20.175
177.01	-3.2125
177.0125	4.91875
177.015	1.16875
177.0175	-9.13125
177.02	-15.48125
177.0225	-11.61875
177.025	-2.80625
177.0275	1.575
177.03	-2.01875
177.0325	-11.85
177.035	-23.88125
177.0375	-33.40625
177.04	-33.25
177.0425	-22.15
177.045	-17.34375
177.0475	-31.05625
177.05	-45.18125
177.0525	-36.23125
177.055	-7.425
177.0575	19.48125
177.06	24.73125
177.0625	7.06875
177.065	-17.9375
177.0675	-36.00625
177.07	-41.34375
177.0725	-34.01875
177.075	-19
177.0775	-7.65625
177.08	-8.44375
177.0825	-18.275
177.085	-28.625
177.0875	-33.275
177.09	-28.9375
177.0925	-18.28125
177.095	-8.5875
177.0975	-3.075
177.1	-0.475
177.1025	-1.41875
177.105	-9.9625
177.1075	-24.05625
177.11	-32.83125
177.1125	-30.50625
177.115	-23.90625
177.1175	-22.96875
177.12	-26.375
177.1225	-24.03125
177.125	-16.05625
177.1275	-14.24375
177.13	-20.675
177.1325	-26.44375
177.135	-29.96875
177.1375	-31.4375
177.14	-23.275
177.1425	-8.99375
177.145	-5.5125
177.1475	-16.95625
177.15	-30.96875
177.1525	-37.83125
177.155	-35.9125
177.1575	-29.0625
177.16	-23.9
177.1625	-24.66875
177.165	-30.63125
177.1675	-35.34375
177.17	-31.9125
177.1725	-21.10625
177.175	-7.8875
177.1775	5.85
177.18	16.7125
177.1825	16.8875
177.185	5.05
177.1875	-7.89375
177.19	-13.75625
177.1925	-16
177.195	-18.91875
177.1975	-19.775
177.2	-17.25625
177.2025	-14.73125
177.205	-10.93125
177.2075	-2.75
177.21	1.65625
177.2125	-8.725
177.215	-25.88125
177.2175	-32.89375
177.22	-30.3125
177.2225	-29.86875
177.225	-35.8375
177.2275	-42.4125
177.23	-42.51875
177.2325	-36.29375
177.235	-28.8375
177.2375	-22.01875
177.24	-17.16875
177.2425	-17.69375
177.245	-21.03125
177.2475	-20.31875
177.25	-15.625
177.2525	-14.125
177.255	-18.3875
177.2575	-24.225
177.26	-27.43125
177.2625	-25.28125
177.265	-20.825
177.2675	-22.00625
177.27	-26.51875
177.2725	-24.00625
177.275	-15.09375
177.2775	-11.73125
177.28	-22.46875
177.2825	-43.11875
177.285	-57.09375
177.2875	-53.625
177.29	-44.43125
177.2925	-46.9
177.295	-60.8375
177.2975	-76.13125
177.3	-89.0875
177.3025	-97.31875
177.305	-97.2375
177.3075	-93.78125
177.31	-96.9375
177.3125	-108.45
177.315	-121.4125
177.3175	-130.675
177.32	-137.025
177.3225	-141.325
177.325	-140.4063
177.3275	-137.6062
177.33	-144.95
177.3325	-164.95
177.335	-185.3875
177.3375	-197
177.34	-201.75
177.3425	-203.975
177.345	NaN
177.3475	NaN
177.35	NaN
177.3525	NaN
177.355	NaN
177.3575	-204.775
177.36	NaN
177.3625	-204.6562
177.365	-203.6125
177.3675	-197.5187
177.37	-179.625
177.3725	-157.775
177.375	-151.1187
177.3775	-163.8187
177.38	-182.4687
177.3825	-196.275
177.385	-197.8312
177.3875	-179.9
177.39	-148.5938
177.3925	-124.3125
177.395	-119.2187
177.3975	-123.5937
177.4	-122.8375
177.4025	-110.8125
177.405	-88.3375
177.4075	-66.875
177.41	-60.59375
177.4125	-69.8125
177.415	-81.20625
177.4175	-83.6625
177.42	-76.18125
177.4225	-63.63125
177.425	-49.68125
177.4275	-36.125
177.43	-24.94375
177.4325	-14.325
177.435	-5.54375
177.4375	-3.5875
177.44	-7.19375
177.4425	-9.81875
177.445	-9.05
177.4475	-6.1
177.45	-4.2125
177.4525	-9.14375
177.455	-21.325
177.4575	-33.775
177.46	-40.18125
177.4625	-41.58125
177.465	-40.1625
177.4675	-32.9875
177.47	-16.975
177.4725	4.00625
177.475	20.25
177.4775	21.44375
177.48	4.4375
177.4825	-17.89375
177.485	-28.58125
177.4875	-24.0125
177.49	-10.60625
177.4925	3.05625
177.495	11.04375
177.4975	13.9875
